#,Song,Artist,Popularity,BPM,Genres,Parent Genres,Album,Album Date,Time,Dance,Energy,Acoustic,Instrumental,Happy,Speech,Live,Loud (Db),Key,Time Signature,Added At,Spotify Track Id,Album Label,Camelot,ISRC
1,"Infrared","Pusha T",48,112,"","","DAYTONA",2018-05-25,02:50,67,58,5,1,16,30,70,-9,A#/B♭ minor,5,2025-05-01,6cpsixIHI63L0hwh3CwZg3,"Getting Out Our Dreams, Inc./Def Jam Recordings",3A,USUM71807372
2,"What Would Meek Do?","Pusha T,Kanye West",52,83,"rap","Hip Hop","DAYTONA",2018-05-25,02:33,68,64,1,0,6,10,10,-3,C♯/D♭,4,2025-05-01,5vnuJ8EopkP5dHukpOmT3L,"Getting Out Our Dreams, Inc./Def Jam Recordings",3B,USUM71807355
3,"The Games We Play","Pusha T",59,78,"","","DAYTONA",2018-05-25,02:46,70,80,7,2,60,10,10,-4,F,4,2025-05-01,7iEoaTyBCqLaAwJnOP1BTn,"Getting Out Our Dreams, Inc./Def Jam Recordings",7B,USUM71807353
4,"If You Know You Know","Pusha T",56,153,"","","DAYTONA",2018-05-25,03:22,46,70,2,0,70,30,30,-6,F#/G♭ minor,4,2025-05-01,6bGwKHXHNLmTy6yt147FPh,"Getting Out Our Dreams, Inc./Def Jam Recordings",11A,USUM71807351
5,"Get Yo Groove On","Prince",23,123,"funk rock","R&B, Rock","Emancipation",1996-11-19,06:31,87,71,6,0,96,0,10,-6,G#/A♭,4,2025-05-01,5yX7wmj4ASHq8nzvUG5orf,"Legacy Recordings",4B,USQX91801805
6,"Matafetch","Marwan Pablo",62,160,"egyptian hip hop, arabic rap, egyptian pop, mahraganat","Hip Hop, Pop, Electronic","آخر قطعة فنية",2023-11-27,02:36,60,69,13,0,27,0,10,-7,F#/G♭ minor,4,2025-05-01,0ZGmHDAUSgGV5mCUbtYFe7,"Quality Clique",11A,QMFME2353176
7,"El Mabda2","Marwan Pablo",62,112,"egyptian hip hop, arabic rap, egyptian pop, mahraganat","Hip Hop, Pop, Electronic","آخر قطعة فنية",2023-11-27,02:38,80,61,38,0,36,0,10,-6,A,4,2025-05-01,6m8vcn1JPflk8xBoFsaPDP,"Quality Clique",11B,QMFME2353182
8,"KARMA","Marwan Pablo,Abyusif",65,122,"egyptian hip hop, arabic rap, egyptian pop, mahraganat","Hip Hop, Pop, Electronic","7OB&KASHAT",2024-11-29,02:54,75,78,26,0,64,0,40,-6,E minor,4,2025-05-01,5ETFNSZAqO6A66VrgXkd6v,"Quality Clique",9A,QMFME2452073
9,"Rez2Y","Ilmond",56,172,"egyptian hip hop, arabic rap, egyptian pop, mahraganat","Hip Hop, Pop, Electronic","Ya Kahera",2023-07-20,02:58,52,24,75,0,47,0,10,-15,G#/A♭,4,2025-05-01,1OUMYB8QoPlmUp5tT7KRU8,"Muhab",4B,EGA1K2302343
10,"Amar","Ilmond",57,69,"egyptian hip hop, arabic rap, egyptian pop, mahraganat","Hip Hop, Pop, Electronic","Bye",2023-03-20,03:12,44,44,76,0,59,0,0,-12,D,5,2025-05-01,1t4W6FIQMcAvrLIngkyc7C,"Muhab",10B,EGA1K2300714
11,"Rehla","Ilmond",61,105,"egyptian hip hop, arabic rap, egyptian pop, mahraganat","Hip Hop, Pop, Electronic","Bye",2023-03-20,03:44,78,35,61,0,26,20,0,-15,C♯/D♭ minor,4,2025-05-01,78veJTXWwR5FxpZ7dW0Plr,"Muhab",12A,EGA1K2300716
12,"Yazmeely","Ilmond",65,100,"egyptian hip hop, arabic rap, egyptian pop, mahraganat","Hip Hop, Pop, Electronic","Ya Kahera",2023-07-20,03:16,71,47,57,0,22,0,10,-9,F minor,4,2025-05-01,0rDNeS6IwKi1oMrtkEc5S0,"Muhab",4A,EGA1K2302339
13,"BOSAKBER","Marwan Moussa",52,108,"egyptian hip hop, arabic rap, egyptian pop, mahraganat","Hip Hop, Pop, Electronic","BOSAKBER",2025-04-20,04:15,68,63,52,0,10,0,10,-10,E minor,4,2025-05-01,6UtIvZclLRRKRQndvFVd3Q,"Universal Arabic Music",9A,USA2P2518488
14,"ELWA3D","Wegz",67,106,"egyptian hip hop, arabic rap, mahraganat, egyptian pop","Hip Hop, Pop, Electronic","ELWA3D",2025-04-17,03:48,83,70,37,0,46,20,10,-6,D minor,4,2025-05-01,4G5MF3PpirGQEa4UNrb9KB,"Raad Records",7A,QM6P42508953
15,"Painful Truth","Em Beihold",42,120,"","","Painful Truth",2020-11-20,03:28,73,45,70,0,40,0,0,-8,A minor,4,2025-05-01,2kpYmouxBmxsj0Y6ko3o8p,"Republic Records/Moon Projects, LLC.",8A,QZNWQ2069108
16,"Me and the Devil","Soap&Skin",82,89,"","","Sugarbread",2013-03-11,03:05,58,45,49,1,22,0,10,-7,G,4,2025-05-01,0wrWxW18WK2MkrfDpRHkyh,"[PIAS]",9B,BEP011300085
17,"Crazy In Love (feat. JAY-Z)","Beyoncé,JAY-Z",81,99,"hip hop, east coast hip hop, rap","Hip Hop","Dangerously In Love",2003-06-24,03:56,65,77,0,0,68,20,0,-7,D minor,4,2025-05-01,5IVuqXILoxVWvWEPm82Jxr,"Columbia",7A,USSM10305425
18,"03' Bonnie & Clyde","JAY-Z,Beyoncé",71,90,"hip hop, east coast hip hop, rap, ","Hip Hop","The Blueprint 2: The Gift & The Curse",2002-11-12,03:25,76,68,23,0,33,30,10,-5,A minor,4,2025-05-01,5ljCWsDlSyJ41kwqym2ORw,"Roc Nation / Jay-Z",8A,USDJ20201108
19,"Cinderella (feat. Ty Dolla $ign)","Mac Miller,Ty Dolla $ign",69,140,"","","The Divine Feminine",2016-09-16,08:00,55,53,24,0,24,0,30,-7,G#/A♭ minor,4,2025-05-01,2lpygKqzPFtItQ4ss3cgfb,"Warner Records",1A,USWB11601437
20,"Garden Of Eden","Lady Gaga",87,125,"art pop, pop","Pop","MAYHEM",2025-03-07,03:59,67,91,0,0,61,0,10,-4,C♯/D♭,4,2025-05-01,4mUR5Tv0CvJtpmnUtzeIgd,"Interscope Records",3B,USUM72407011
21,"Disease","Lady Gaga",83,101,"art pop, pop","Pop","MAYHEM",2025-03-07,03:49,55,93,4,0,41,10,50,-3,B minor,4,2025-05-01,0T3Hw3kPj9T2E4UoaSXmfn,"Interscope Records",10A,USUM72407015
22,"Kun Anta","Humood AlKhudher",64,92,"sholawat, khaleeji","Pop, Christian","Aseer Ahsan",2015-01-18,04:00,64,80,44,0,75,0,0,-5,A#/B♭,4,2025-05-01,0NdIwg0WFEdQsgg3SFGjbA,"Awakening Worldwide Ltd.",6B,QM6MZ1490933
23,"Matetawadsh","Amr Diab",43,97,"egyptian pop, khaleeji","Pop","Makanak",2023-12-28,03:06,63,57,87,0,68,0,10,-7,F#/G♭ minor,4,2025-05-01,4bFbmyrPqpSTcbjpbvVSSs,"Sony Music Entertainment",11A,QZFYX2470213
24,"Shagar El Lemoon","Mohamed Mounir",39,100,"egyptian pop, mahraganat","Pop, Electronic, Hip Hop","Shababeek",2000-00-00,04:56,44,40,90,20,41,0,0,-11,F#/G♭ minor,4,2025-05-01,1pKzztd71swa64pMOG02gj,"Sonar",11A,FR59R1639677
25,"Ana Lak Ala Toul","Abdel Halim Hafez",44,80,"egyptian pop, khaleeji","Pop","Rawaeaa Abd El Halim 5",1975-12-31,06:57,22,22,88,0,12,0,0,-11,G,4,2025-05-01,2t7t9AnA3jh3Yuzn62Pywa,"Abdel Halim Hafez",9B,EGA020501295
26,"Zay El Hawa Live","Abdel Halim Hafez",49,127,"egyptian pop, khaleeji","Pop","Zay El Hawa Live",1969-12-31,38:35,37,59,95,2,31,10,40,-11,A#/B♭,4,2025-05-01,5XXlURiS0nYnn9qW5TD7qR,"Abdel Halim Hafez",6B,EGA010506182
27,"I Can't Wait To Get There","The Weeknd",75,146,"","","Hurry Up Tomorrow",2025-01-31,03:08,65,44,54,0,12,0,10,-10,C♯/D♭ minor,4,2025-05-01,0bcZ7xN9IcjSNxLerzR2yl,"XO / Republic Records",12A,USUG12501138
28,"Given Up On Me","The Weeknd",75,117,"","","Hurry Up Tomorrow",2025-01-31,05:54,42,39,8,0,6,0,10,-12,C,4,2025-05-01,0FolPJnYMo71Z7qasTuoJT,"XO / Republic Records",8B,USUG12501137
29,"Enjoy The Show (feat. Future)","The Weeknd,Future",76,120,"rap","Hip Hop","Hurry Up Tomorrow",2025-01-31,05:01,63,62,18,0,24,0,30,-7,B,4,2025-05-01,637oNhilCI9UlkWkUW4Grt,"XO / Republic Records",1B,USUG12501136
30,"Reflections Laughing (feat. Travis Scott, Florence + The Machine)","The Weeknd,Travis Scott,Florence + The Machine",78,80,"rap, baroque pop","Classical, Pop, Hip Hop","Hurry Up Tomorrow",2025-01-31,04:51,33,36,14,1,4,0,10,-10,B minor,4,2025-05-01,2gyHr9WqZeMtzJOpWGuGo6,"XO / Republic Records",10A,USUG12501135
31,"São Paulo (feat. Anitta)","The Weeknd,Anitta",88,127,"brazilian pop, funk pop, funk carioca, funk, pagode baiano","Pop, R&B, Hip Hop, Latin","Hurry Up Tomorrow",2025-01-31,05:01,54,66,4,0,55,0,50,-7,F minor,4,2025-05-01,7DY756WOLyOz2Xnhw4EFiC,"XO / Republic Records",4A,USUG12405846
32,"Timeless (feat Playboi Carti)","The Weeknd,Playboi Carti",95,120,"rage rap","Hip Hop","Hurry Up Tomorrow",2025-01-31,04:16,77,78,7,0,60,0,10,-5,B minor,4,2025-05-01,0FIDCNYYjNvPVimz5icugS,"XO / Republic Records",10A,USUG12406536
33,"The Abyss (feat. Lana Del Rey)","The Weeknd,Lana Del Rey",80,85,"","","Hurry Up Tomorrow",2025-01-31,04:42,19,40,23,0,6,0,10,-9,C minor,4,2025-05-01,5ZDKPFRZC6QlJpf8bCIXTs,"XO / Republic Records",5A,USUG12501144
34,"Big Sleep (feat. Giorgio Moroder)","The Weeknd,Giorgio Moroder",71,109,"italo disco, disco","Pop, Electronic","Hurry Up Tomorrow",2025-01-31,03:45,32,34,47,0,17,0,40,-10,C minor,4,2025-05-01,4sWQbsLLH2NEbO79DSZCL9,"XO / Republic Records",5A,USUG12501141
35,"Take Me Back To LA","The Weeknd",76,208,"","","Hurry Up Tomorrow",2025-01-31,04:13,37,57,10,0,18,0,0,-8,G#/A♭ minor,4,2025-05-01,7rVmzyFA7f4rNGl9onF21E,"XO / Republic Records",1A,USUG12501140
36,"Niagara Falls","The Weeknd",78,97,"","","Hurry Up Tomorrow",2025-01-31,04:37,57,56,7,0,18,0,10,-7,F#/G♭ minor,4,2025-05-01,2v0AG62ZHtD3I4YmTb3WYM,"XO / Republic Records",11A,USUG12501139
37,"Open Hearts","The Weeknd",80,124,"","","Hurry Up Tomorrow",2025-01-31,03:54,66,75,0,0,38,10,20,-6,G minor,4,2025-05-01,0sTBOp1hdayTjw6UOyPyi6,"XO / Republic Records",6A,USUG12501133
38,"Baptized In Fear","The Weeknd",79,124,"","","Hurry Up Tomorrow",2025-01-31,03:52,57,52,14,0,46,0,40,-8,G minor,4,2025-05-01,5rzI6Jnlhx8DgVgsOLorfW,"XO / Republic Records",6A,USUG12501132
39,"Cry For Me","The Weeknd",89,120,"","","Hurry Up Tomorrow",2025-01-31,03:44,65,65,9,0,42,0,60,-6,G minor,4,2025-05-01,3AWDeHLc88XogCaCnZQLVI,"XO / Republic Records",6A,USUG12501129
40,"Wake Me Up (feat. Justice)","The Weeknd,Justice",77,111,"french house, new rave, electronic rock","Electronic, Rock","Hurry Up Tomorrow",2025-01-31,05:08,60,51,0,0,18,0,50,-9,C♯/D♭,4,2025-05-01,5673WA8EEUSPx1ir26lhGW,"XO / Republic Records",3B,USUG12501128
41,"Face Down","Prince",27,90,"funk rock","R&B, Rock","Emancipation",1996-11-19,03:17,92,49,0,0,48,10,10,-8,G#/A♭ minor,4,2025-05-01,0c8QIFsXOeYsKZMAHz5D08,"Legacy Recordings",1A,USQX91801829
42,"Talat Da2aye2","Bahaa Sultan",38,84,"egyptian pop, mahraganat, egyptian shaabi, khaleeji","Pop, Traditional Music, Electronic, Hip Hop","Talat Da2aye2",2001-01-01,04:10,45,67,54,0,74,0,0,-9,D,4,2025-05-01,49BeI1dBFqUb3iXlaRlZta,"Free Music - Nasr Mahrous",10B,EGA090100102
43,"Somebody's Somebody","Prince",33,86,"funk rock","R&B, Rock","Emancipation",1996-11-19,04:43,70,54,21,0,50,10,0,-9,A minor,4,2025-05-01,775dGF2BZW7Seywk5LUMxK,"Legacy Recordings",8A,USQX91801804
44,"Right Back Here In My Arms","Prince",26,99,"funk rock","R&B, Rock","Emancipation",1996-11-19,04:43,81,74,6,0,90,0,0,-7,C♯/D♭,4,2025-05-01,1UfY3noFOofiCvxQXpkgmV,"Legacy Recordings",3B,USQX91801803
45,"Jam of the Year","Prince",26,93,"funk rock","R&B, Rock","Emancipation",1996-11-19,06:10,77,71,9,0,61,10,20,-7,B minor,4,2025-05-01,503HTXBPixjf6FJy6wkxG0,"Legacy Recordings",10A,USQX91801802
46,"Hey Girl","Lady Gaga,Florence Welch",58,138,"art pop, pop, ","Pop","Joanne (Deluxe)",2016-10-21,04:15,75,45,6,0,62,0,0,-8,A#/B♭,4,2025-05-01,554PnB96IltLzVlbinBstw,"Interscope",6B,USUM71609737
47,"Perfect Illusion","Lady Gaga",65,125,"art pop, pop","Pop","Joanne (Deluxe)",2016-10-21,03:02,61,86,0,0,66,0,30,-5,C♯/D♭ minor,4,2025-05-01,56ZrTFkANjeAMiS14njg4E,"Interscope",12A,USUM71608897
48,"Dancin' In Circles","Lady Gaga",54,172,"art pop, pop","Pop","Joanne (Deluxe)",2016-10-21,03:27,63,72,3,0,79,10,20,-8,C minor,4,2025-05-01,0lqcnnclUdVbPPboOldEPp,"Interscope",5A,USUM71609733
49,"Club classics","Charli xcx",74,145,"hyperpop, art pop","Pop, Electronic","BRAT",2024-06-07,02:33,70,87,13,0,71,10,10,-6,G,4,2025-05-01,0CySZwyRJ0vyUqtSjM9i2k,"Atlantic Records",9B,USAT22401342
50,"Baba O'Riley","The Who",77,117,"classic rock, rock","Rock","Who's Next (Deluxe Edition)",1971-08-14,05:00,49,72,31,19,15,0,20,-8,F,4,2025-05-01,3qiyyUfYe7CRYLucrPmulD,"Polydor Records",7B,GBAKW7100001
51,"Joint 2 Joint","Prince",23,91,"funk rock","R&B, Rock","Emancipation",1996-11-19,07:52,78,67,1,2,49,20,30,-7,C♯/D♭ minor,4,2025-05-01,1QGUKzX3AnIJoNqHV8Cewb,"Legacy Recordings",12A,USQX91801820
52,"B2b","Charli xcx",82,116,"hyperpop, art pop","Pop, Electronic","BRAT",2024-06-07,02:58,77,77,0,67,37,0,0,-3,C♯/D♭,3,2025-05-01,4wTvw1dBiPXNiHTh0zzpcI,"Atlantic Records",3B,USAT22401351
53,"Girl, so confusing","Charli xcx",71,125,"hyperpop, art pop","Pop, Electronic","BRAT",2024-06-07,02:54,69,80,7,0,36,0,20,-6,B minor,4,2025-05-01,41krZZovstMJKeJZJtbL78,"Atlantic Records",10A,USAT22401349
54,"Everything is romantic","Charli xcx",70,150,"hyperpop, art pop","Pop, Electronic","BRAT",2024-06-07,03:23,49,64,31,0,42,10,10,-7,D minor,4,2025-05-01,5sMEEjviCkH6Rp5X2ZvIIc,"Atlantic Records",7A,USAT22401346
55,"Sympathy is a knife featuring ariana grande","Charli xcx,Ariana Grande",59,135,"hyperpop, art pop, pop","Pop, Electronic","Brat and it’s completely different but also still brat",2024-10-14,02:34,71,60,10,0,34,0,10,-8,D#/E♭,4,2025-05-01,0il9ELJDirmF299OiChNHi,"Atlantic Records",5B,USAT22408051
56,"Spring breakers","Charli xcx",66,120,"hyperpop, art pop","Pop, Electronic","Brat and it’s the same but there’s three more songs so it’s not",2024-06-10,02:22,81,90,7,0,60,0,20,-6,A#/B♭ minor,4,2025-05-01,3dk7WaeS0y0JG0OMd0FVcg,"Atlantic Records",3A,USAT22403716
57,"Mean girls","Charli xcx",69,140,"hyperpop, art pop","Pop, Electronic","BRAT",2024-06-07,03:09,71,62,12,0,86,0,90,-7,F#/G♭,4,2025-05-01,1qKCO2Tocwg8CbepJ9uDtd,"Atlantic Records",2B,USAT22401352
58,"Sympathy is a knife","Charli xcx",73,132,"hyperpop, art pop","Pop, Electronic","BRAT",2024-06-07,02:31,72,71,5,0,58,0,40,-6,G minor,4,2025-05-01,5c9tBmJKbTdn1vhzXHeAwW,"Atlantic Records",6A,USAT22401343
59,"So I","Charli xcx",64,116,"hyperpop, art pop","Pop, Electronic","BRAT",2024-06-07,03:31,73,48,74,0,53,0,0,-7,D,4,2025-05-01,0AkiAfilrTUXV49dleC5SB,"Atlantic Records",10B,USAT22401348
60,"365","Charli xcx",81,127,"hyperpop, art pop","Pop, Electronic","BRAT",2024-06-07,03:23,76,86,15,50,73,10,10,-5,C♯/D♭,4,2025-05-01,5h68SoVFGleijCtjEja3xG,"Atlantic Records",3B,USAT22401354
61,"Apple","Charli xcx",84,126,"hyperpop, art pop","Pop, Electronic","BRAT",2024-06-07,02:31,80,96,13,2,96,0,10,-5,C,4,2025-05-01,19RybK6XDbAVpcdxSbZL1o,"Atlantic Records",8B,USAT22401350
62,"GDFR (feat. Sage the Gemini & Lookas)","Flo Rida,Sage The Gemini,Lookas",76,146,"hyphy, edm trap, future bass","Electronic, Hip Hop","My House",2015-04-07,03:10,66,83,0,1,69,0,0,-4,F,4,2025-05-01,26rdOwwjC2UnweK3xeS58u,"Poe Boy/Atlantic",7B,USAT21404117
63,"Apologize","Timbaland,OneRepublic",77,118,"soft pop","Pop","Shock Value",2007-04-02,03:04,65,60,3,0,10,0,10,-6,G#/A♭,4,2025-05-01,6ucR4KfvsBFWCMVFDvyKKl,"Interscope/Blackground Records",4B,USUM70722793
64,"Before He Cheats","Carrie Underwood",80,148,"country","Country","Some Hearts",2005-11-14,03:19,52,75,27,0,29,0,10,-3,F#/G♭ minor,4,2025-05-01,0ZUo4YjG4saFnEJhdWp9Bt,"Arista",11A,GBCTA0500197
65,"Just Dance","Lady Gaga,Colby O'Donis",60,119,"art pop, pop, ","Pop","The Fame Monster (Deluxe Edition)",2009-11-05,04:01,82,74,3,0,75,0,10,-5,C♯/D♭ minor,4,2025-05-01,3QuEpyj4kTRWiWuckd1hcK,"Interscope",12A,USUM70807646
66,"Dance In The Dark","Lady Gaga",63,121,"art pop, pop","Pop","The Fame Monster (Deluxe Edition)",2009-11-05,04:48,64,75,0,0,14,0,10,-6,C minor,4,2025-05-01,6Qh10T7u43YciJsJa99R3v,"Interscope",5A,USUM70918598
67,"Speechless","Lady Gaga",56,144,"art pop, pop","Pop","The Fame Monster (Deluxe Edition)",2009-11-05,04:30,30,70,44,0,43,0,30,-4,C,4,2025-05-01,0hwfOlSrYQ36ULiphozHgJ,"Interscope",8B,USUM70905530
68,"Dark Horse","Katy Perry,Juicy J",77,132,"pop, memphis rap, crunk","Hip Hop, Pop","PRISM (Deluxe)",2013-10-18,03:35,65,59,0,0,35,0,10,-6,F#/G♭,4,2025-05-01,5jrdCoLpJSvHHorevXBATy,"Capitol Records (CAP)",2B,USUM71311296
69,"All Day","Kanye West,Theophilus London,Allan Kingdom,Paul McCartney",61,123,"rap, ","Hip Hop","All Day",2015-03-02,05:10,86,65,7,0,42,10,20,-5,A minor,4,2025-05-01,79reBHqpRoWXaQbjBBY3UC,"Rock The World/IDJ/Kanye LP7",8A,USUM71502329
70,"intro (end of the world)","Ariana Grande",50,83,"pop","Pop","eternal sunshine (slightly deluxe and also live)",2024-10-01,01:32,37,37,69,0,43,0,10,-9,A#/B♭,4,2025-05-01,7EhJMeBeptBfJh8kkjZXjw,"Republic Records",6B,USUM72317270
71,"الصينية (feat. Autostrad) - Hamza Namira Remix","Hamza Namira,Autostrad",35,101,"egyptian pop, gnawa, sholawat, khaleeji, ","Pop, Traditional Music, Christian","الصينية (feat. Autostrad) [Hamza Namira Remix]",2018-10-27,03:23,42,60,14,0,59,0,10,-9,G,4,2025-05-01,7cKIAcyL2jxRDqKzYZO481,"Alaraby TV",9B,USLZJ1888213
72,"meet the grahams","Kendrick Lamar",76,75,"hip hop, west coast hip hop","Hip Hop","meet the grahams",2024-05-03,06:32,48,80,55,0,60,30,10,-6,F,4,2025-05-01,4S8PxReB1UiDR2F5x1lyIR,"Kendrick Lamar under exclusive license to Interscope Records",7B,USUG12400909
73,"Alright","Kendrick Lamar",84,110,"hip hop, west coast hip hop","Hip Hop","To Pimp A Butterfly",2015-03-16,03:39,80,77,7,0,56,20,0,-6,G,4,2025-05-01,3iVcZ5G6tvkXZkZKlMpIUs,"Aftermath",9B,USUM71502498
74,"FEEL.","Kendrick Lamar",71,110,"hip hop, west coast hip hop","Hip Hop","DAMN.",2017-04-14,03:34,75,80,14,0,55,30,10,-8,C,4,2025-05-01,2LTlO3NuNVN70lp2ZbVswF,"Aftermath",8B,USUM71703082
75,"I might say something stupid","Charli xcx",65,79,"hyperpop, art pop","Pop, Electronic","BRAT",2024-06-07,01:49,50,30,74,1,16,0,10,-9,F,4,2025-05-01,0PFZCt7UNmpas24HejQGu8,"Atlantic Records",7B,USAT22401344
76,"Poker Face","Lady Gaga",83,119,"art pop, pop","Pop","The Fame",2008-01-01,03:57,85,81,12,0,77,0,10,-5,E,4,2025-05-01,5R8dQOPq8haW94K7mgERlO,"Interscope",12B,USUM70824409
77,"Just Dance","Lady Gaga,Colby O'Donis",81,119,"art pop, pop, ","Pop","The Fame",2008-01-01,04:01,82,74,3,0,75,0,10,-5,C♯/D♭ minor,4,2025-05-01,2x7MyWybabEz6Y6wvHuwGE,"Interscope",12A,USUM70807646
78,"Saturn","SZA",84,89,"r&b","R&B","SOS Deluxe: LANA",2024-12-20,03:06,56,58,64,0,33,0,10,-8,C♯/D♭,4,2025-05-01,040I32EKLxQrkuxQu1pqvT,"Top Dawg Entertainment/RCA Records",3B,USRC12400216
79,"Umbrella","Rihanna,JAY-Z",85,174,"hip hop, east coast hip hop, rap","Hip Hop","Good Girl Gone Bad: Reloaded",2008-06-02,04:35,59,83,1,0,58,10,0,-5,C♯/D♭,4,2025-05-01,49FYlytm3dAAraYgpoJZux,"Def Jam Recordings",3B,USUM70736771
80,"We Found Love","Rihanna,Calvin Harris",81,128,"edm","Electronic","Talk That Talk",2011-11-19,03:35,74,77,3,0,60,0,10,-4,C♯/D♭,4,2025-05-01,0U10zFw4GlBacOy9VDGfGL,"Def Jam Recordings",3B,USUM71115507
81,"Wouldn't Leave","Kanye West,PARTYNEXTDOOR",62,164,"rap, r&b","R&B, Hip Hop","ye",2018-06-01,03:25,56,43,50,0,35,50,30,-9,D#/E♭,4,2025-05-01,1nGoy0cEj0extAwXYNYTWd,"Getting Out Our Dreams, Inc./Def Jam Recordings",5B,USUM71807687
82,"Yikes","Kanye West",65,174,"rap","Hip Hop","ye",2018-06-01,03:08,68,78,15,0,22,30,20,-3,C♯/D♭ minor,4,2025-05-01,1qsHYUd2c1wFGcn7e63QmG,"Getting Out Our Dreams, Inc./Def Jam Recordings",12A,USUM71807679
83,"I Thought About Killing You","Kanye West",62,116,"rap","Hip Hop","ye",2018-06-01,04:34,75,40,87,0,42,40,0,-8,D,4,2025-05-01,0yhxBvedRdGxsPZHJNI4VA,"Getting Out Our Dreams, Inc./Def Jam Recordings",10B,USUM71819468
84,"man at the garden","Kendrick Lamar",76,92,"hip hop, west coast hip hop","Hip Hop","GNX",2024-11-22,03:53,82,35,51,0,63,20,10,-10,G minor,4,2025-05-01,5ho7VSXSmI2KM2nDjcnLyz,"pgLang, under exclusive license to Interscope Records",6A,USUG12408498
85,"YAH.","Kendrick Lamar",69,70,"hip hop, west coast hip hop","Hip Hop","DAMN.",2017-04-14,02:40,67,70,58,0,65,20,20,-8,C♯/D♭,4,2025-05-01,4BHSjbYylfOH5WAGusDyni,"Aftermath",3B,USUM71703080
86,"حزن آلي عالي","Tameem Youness",38,140,"mahraganat, arabic rap, egyptian pop, egyptian hip hop","Hip Hop, Pop, Electronic","الحقي يا ماما انا عملت البوم",2023-09-09,02:27,77,71,2,0,93,0,20,-5,A minor,4,2025-05-01,1FKEzdzSO9tLgzjJHthKDa,"Digisay Music",8A,EGA262306878
87,"Dream With Me - Ehlam Ma'aya - Acoustic Version","Hamza Namira",11,87,"egyptian pop, gnawa, sholawat, khaleeji","Pop, Traditional Music, Christian","Dream With Me - Ehlam Ma'aya",2009-01-15,03:45,30,34,90,0,31,0,10,-8,E minor,5,2025-05-01,5GAGvvlEaWEiWZoQUkngLj,"Awakening Worldwide Ltd.",9A,USBBC0910027
88,"Alienation 1 - Al Taghreeba 1","Hamza Namira",12,120,"egyptian pop, gnawa, sholawat, khaleeji","Pop, Traditional Music, Christian","Dream With Me - Ehlam Ma'aya",2009-01-15,03:33,66,93,15,77,90,0,30,-8,G,4,2025-05-01,1LywqnsTRemSniB8zuMuKT,"Awakening Worldwide Ltd.",9B,USBBC0910025
89,"While I Was Running - Wana fi Tareeqy","Hamza Namira",11,115,"egyptian pop, gnawa, sholawat, khaleeji","Pop, Traditional Music, Christian","Dream With Me - Ehlam Ma'aya",2009-01-15,04:46,67,85,13,19,90,0,10,-6,D,4,2025-05-01,09RbWnQdcn7bj4pcJjWVNV,"Awakening Worldwide Ltd.",10B,USBBC0910024
90,"Shoog","Ismail Mubarak",45,73,"khaleeji, sholawat","Pop, Christian","Shoog",2014-06-03,03:54,35,66,51,0,35,20,40,-8,C♯/D♭ minor,4,2025-05-01,1e8D27D8kts0Frdr8tmiHa,"Ismail Mubarak",12A,AEA751400032
91,"Tany","Tameem Youness",37,138,"mahraganat, arabic rap, egyptian pop, egyptian hip hop","Hip Hop, Pop, Electronic","Tany",2024-06-07,03:42,82,87,24,7,92,0,10,-7,G,4,2025-05-01,3F0PZSTian0EPZMztS1QQa,"Global",9B,EGA010561581
92,"سالمونيلا","Tameem Youness",41,105,"mahraganat, arabic rap, egyptian pop, egyptian hip hop","Hip Hop, Pop, Electronic","سالمونيلا",2020-01-01,03:26,88,66,26,0,72,0,30,-4,C minor,4,2025-05-01,62hleNLLM0I99zBzTrrJNY,"Independent",5A,TCAEP2027058
93,"DKKA","Khaled Mokhtar",31,100,"egyptian hip hop, arabic rap, mahraganat, egyptian pop","Hip Hop, Pop, Electronic","DKKA",2024-09-20,02:41,65,89,23,0,75,0,0,-6,C,4,2025-05-01,75QtNERwhWFhxf3tSY9EZ7,"The Basement Records",8B,EGA072400253
94,"Death & Romance","Magdalena Bay",67,106,"","","Imaginal Disk",2024-08-23,05:14,57,96,0,0,39,0,10,-4,F#/G♭,4,2025-05-01,5m3rVRNkTv5EQnPuF293we,"Mom+Pop",2B,USQE92400098
95,"DNA.","Kendrick Lamar",83,140,"hip hop, west coast hip hop","Hip Hop","DAMN.",2017-04-14,03:05,64,52,0,0,42,30,0,-7,C♯/D♭,4,2025-05-01,6HZILIRieu8S0iqY8kIKhj,"Aftermath",3B,USUM71703079
96,"dodger blue (feat. wallie the sensei, siete7x, roddy ricch)","Kendrick Lamar,Wallie the Sensei,Siete7x,Roddy Ricch",80,83,"hip hop, west coast hip hop, melodic rap","Hip Hop","GNX",2024-11-22,02:11,80,54,6,0,66,10,10,-8,F#/G♭,4,2025-05-01,4K1Pg0FLno1ltzX3jeqT83,"pgLang, under exclusive license to Interscope Records",2B,USUG12408499
97,"IGOR'S THEME","Tyler, The Creator",71,163,"","","IGOR",2019-05-17,03:20,47,67,1,24,6,30,60,-7,A#/B♭ minor,4,2025-05-01,51RN0kzWd7xeR4th5HsEtW,"Columbia",3A,USQX91901165
98,"متخافيش","Amr Diab",30,105,"egyptian pop, khaleeji","Pop","متخافيش",1990-11-01,04:43,77,59,53,0,89,0,0,-12,G#/A♭ minor,4,2025-05-01,7M8DGI2uKT6oEYFmZtnz5N,"Delta Sound",1A,FR59R2395058
99,"SIN MIEDO","JPEGMAFIA",61,145,"experimental hip hop, alternative hip hop, experimental","Hip Hop, Electronic, Jazz, Rock","I LAY DOWN MY LIFE FOR YOU",2024-08-01,02:46,60,76,2,0,77,10,20,-3,C,4,2025-05-01,6zSLy6mrBrMlzaIn9UDw6o,"2024 Peggy Under Exclusive License to AWAL Recordings America, Inc.",8B,QM7282423538
100,"Don't Put Anything On the Bible (feat. Buzzy Lee)","JPEGMAFIA,Buzzy Lee",52,128,"experimental hip hop, alternative hip hop, experimental, ","Hip Hop, Electronic, Jazz, Rock","I LAY DOWN MY LIFE FOR YOU",2024-08-01,04:04,39,56,29,0,39,0,70,-9,C,4,2025-05-01,65IOv36iYd3O3Ly4e1Pqrb,"2024 Peggy Under Exclusive License to AWAL Recordings America, Inc.",8B,QM7282468599
101,"JPEGULTRA! (feat. Denzel Curry)","JPEGMAFIA,Denzel Curry",57,131,"experimental hip hop, alternative hip hop, experimental, punk rap","Hip Hop, Electronic, Jazz, Rock","I LAY DOWN MY LIFE FOR YOU",2024-08-01,04:51,43,93,2,0,52,10,50,-4,F,4,2025-05-01,0NMC6aezcf1GItgscoiQCO,"2024 Peggy Under Exclusive License to AWAL Recordings America, Inc.",7B,QM7282468563
102,"either on or off the drugs","JPEGMAFIA",69,184,"experimental hip hop, alternative hip hop, experimental","Hip Hop, Electronic, Jazz, Rock","I LAY DOWN MY LIFE FOR YOU",2024-08-01,02:20,51,61,15,0,63,10,70,-6,F#/G♭ minor,3,2025-05-01,3EWaU5exMayFzQMkIfTX7w,"2024 Peggy Under Exclusive License to AWAL Recordings America, Inc.",11A,QM7282468581
103,"I Like It","Cardi B,Bad Bunny,J Balvin",79,136,"reggaeton, trap latino, urbano latino, latin","Latin, Hip Hop","Invasion of Privacy",2018-04-06,04:13,82,73,10,0,65,10,30,-4,F minor,4,2025-05-01,58q2HKrzhC3ozto2nDdN4z,"Atlantic/KSR",4A,USAT21801431
104,"PROMOTION","¥$,Kanye West,Ty Dolla $ign",69,157,"rap, ","Hip Hop","VULTURES 2",2024-08-03,02:38,78,32,26,0,27,40,0,-12,A,4,2025-05-01,6bSfeCXlUaGa3eWCy5qPTb,"YZY",11B,TLVEM2467070
105,"TABOO | TA13OO","Denzel Curry",54,139,"punk rap","Hip Hop, Rock","TA13OO",2018-07-27,03:17,44,59,27,0,49,10,10,-8,C♯/D♭,4,2025-05-01,4VYmdTVFXDq0LtYMoVswTv,"Loma Vista",3B,USC4R1802448
106,"30 For 30 (with Kendrick Lamar)","SZA,Kendrick Lamar",88,140,"r&b, hip hop, west coast hip hop","Hip Hop, R&B","SOS Deluxe: LANA",2024-12-20,04:38,71,42,76,0,51,0,10,-10,C♯/D♭ minor,4,2025-05-01,3aSWXU6owkZeVhh94XxEWO,"Top Dawg Entertainment/RCA Records",12A,USRC12403853
107,"HOODLUMZ (with PlayThatBoiZay & A$AP Rocky)","Denzel Curry,PlayThatBoiZay,A$AP Rocky",58,138,"punk rap, dark trap, rap","Electronic, Hip Hop, Rock","King Of The Mischievous South Vol. 2",2024-07-19,02:09,69,84,17,0,75,20,60,-4,A,4,2025-05-01,6GkAi85HSZGqJwzYC2qXyI,"Loma Vista Recordings",11B,USC4R2443046
108,"Big Dawgs (Remix) [with A$AP Rocky]","Hanumankind,Kalmi,A$AP Rocky",68,135,"malayalam hip hop, desi hip hop, rap","Hip Hop","Big Dawgs (Remix) [with A$AP Rocky]",2024-12-06,03:56,52,75,4,0,48,20,40,-4,F#/G♭ minor,4,2025-05-01,5xvPXPOUITOU26irSi3XD5,"Capitol Records/Universal Music India",11A,USUM72414036
109,"G’Z UP (with 2 Chainz, Mike Dimes)","Denzel Curry,2 Chainz,Mike Dimes",55,144,"punk rap, southern hip hop, rap, ","Hip Hop, Rock","King Of The Mischievous South Vol. 2",2024-07-19,03:33,76,62,7,0,33,10,10,-4,F minor,4,2025-05-01,5EEncGup18tZrkuCIMHoc2,"Loma Vista Recordings",4A,USC4R2443039
110,"SET IT (with Maxo Kream)","Denzel Curry,Maxo Kream",54,120,"punk rap, ","Hip Hop, Rock","King Of The Mischievous South Vol. 2",2024-07-19,02:40,80,66,31,0,30,20,10,-7,D,4,2025-05-01,0DA0XciaII4g0HpSdI4KYH,"Loma Vista Recordings",10B,USC4R2443035
111,"COLE PIMP (with Ty Dolla $ign & Juicy J)","Denzel Curry,Ty Dolla $ign,Juicy J",58,156,"punk rap, memphis rap, crunk","Hip Hop, Rock","King Of The Mischievous South Vol. 2",2024-07-19,03:38,58,82,60,0,76,10,10,-6,G#/A♭ minor,4,2025-05-01,4vdDAdLtmTqFR1J4AO4cBf,"Loma Vista Recordings",1A,USC4R2443043
112,"WHAT'S GOOD","Tyler, The Creator",69,118,"","","IGOR",2019-05-17,03:25,46,91,6,0,45,40,10,-7,C♯/D♭,4,2025-05-01,6bOkaEXc5CopinGazSLokx,"Columbia",3B,USQX91901167
113,"Bitch Better Have My Money","Rihanna",77,103,"","","Bitch Better Have My Money",2015-03-26,03:39,78,73,5,0,40,0,20,-5,C♯/D♭,4,2025-05-01,0NTMtAO2BV4tnGvw9EgBVq,"Roc Nation / Rihanna",3B,QM5FT1500006
114,"What Now","Rihanna",60,180,"","","Unapologetic (Deluxe)",2012-12-11,04:03,40,70,5,0,23,0,60,-5,G#/A♭ minor,3,2025-05-01,2RWs4c3ZJ74WwXlVC3QCQN,"Def Jam Recordings",1A,USUM71214747
115,"Right Now","Rihanna,David Guetta",62,130,"edm, dance","Electronic","Unapologetic (Deluxe)",2012-12-11,03:01,67,64,5,0,26,0,0,-5,D#/E♭ minor,4,2025-05-01,42Ow7PS3YtCWplolUUigDo,"Def Jam Recordings",2A,USUM71214745
116,"Jump","Rihanna",51,162,"","","Unapologetic (Deluxe)",2012-12-11,04:24,63,82,23,1,47,20,10,-6,C,4,2025-05-01,4IBihEaN04iwfX5I9sGFj9,"Def Jam Recordings",8B,USUM71214742
117,"Pour It Up","Rihanna",72,134,"","","Unapologetic (Deluxe)",2012-12-11,02:41,79,48,3,0,39,0,0,-9,D,4,2025-05-01,5r67bGhYXZNqk2m2Wupfmu,"Def Jam Recordings",10B,USUM71214737
118,"Sex With Me","Rihanna",74,112,"","","ANTI (Deluxe)",2016-01-28,03:26,58,53,29,0,39,0,0,-6,C♯/D♭ minor,4,2025-05-01,7BiELrM90hRxpozaIXbsLw,"Roc Nation / Rihanna",12A,QM5FT1600126
119,"Pose","Rihanna",53,146,"","","ANTI (Deluxe)",2016-01-28,02:24,69,85,18,0,78,0,10,-3,C♯/D♭,4,2025-05-01,4UTizOdGljPIIbXtoXycAd,"Roc Nation / Rihanna",3B,QM5FT1600125
120,"Close To You","Rihanna",59,80,"","","ANTI (Deluxe)",2016-01-28,03:43,49,17,90,0,14,0,10,-11,A#/B♭,4,2025-05-01,6D2tzc8kRnZb7P1lNwMBLH,"Roc Nation / Rihanna",6B,QM5FT1600112
121,"Woo","Rihanna",76,115,"","","ANTI (Deluxe)",2016-01-28,03:55,42,47,5,0,19,0,30,-5,A,4,2025-05-01,3HQcsqRjRdruUjkbDSgmVF,"Roc Nation / Rihanna",11B,QM5FT1600117
122,"Desperado","Rihanna",72,94,"","","ANTI (Deluxe)",2016-01-28,03:06,68,61,32,0,33,0,10,-5,C minor,3,2025-05-01,4mCf3vQf7z0Yseo0RxAi3V,"Roc Nation / Rihanna",5A,QM5FT1600104
123,"Work","Rihanna,Drake",80,92,"rap, hip hop","Hip Hop","ANTI (Deluxe)",2016-01-28,03:39,72,53,7,0,55,0,0,-6,B,4,2025-05-01,72TFWvU3wUYdUuxejTTIzt,"Roc Nation / Rihanna",1B,QM5FT1600116
124,"CANDY","ROSALÍA",48,180,"latin","Latin","MOTOMAMI +",2022-09-09,03:13,64,49,88,2,42,10,10,-6,E minor,4,2025-05-01,4AIA8hN351mjpB5lXfUsJH,"Columbia",9A,USSM12109219
125,"LA FAMA","ROSALÍA,The Weeknd",53,136,"latin, ","Latin","MOTOMAMI +",2022-09-09,03:08,77,30,94,0,81,0,10,-8,C minor,4,2025-05-01,77VjuBo3CJbamC3gzaUzK9,"Columbia",5A,USSM12107750
126,"SAOKO","ROSALÍA",49,100,"latin","Latin","MOTOMAMI +",2022-09-09,02:17,84,77,79,0,68,20,50,-6,C,4,2025-05-01,4n1WwhKzKHUX598tvU1wMu,"Columbia",8B,USSM12109218
127,"Blinding Lights (with ROSALÍA) - Remix","The Weeknd,ROSALÍA",55,171,"latin","Latin","Blinding Lights (Remix)",2020-12-04,03:36,49,69,1,0,25,0,0,-6,F minor,4,2025-05-01,7MXgrcOQAJ5VwSNUL0lDd3,"Republic Records",4A,USUG12004507
128,"TKN (feat. Travis Scott)","ROSALÍA,Travis Scott",70,95,"latin, rap","Latin, Hip Hop","TKN (feat. Travis Scott)",2020-05-28,02:09,78,51,19,0,49,40,10,-6,C minor,4,2025-05-01,4w47S36wQGBhGg073q3nt7,"Columbia",5A,USSM12001261
129,"Love Without Tragedy / Mother Mary","Rihanna",48,128,"","","Unapologetic (Deluxe)",2012-12-11,06:58,53,66,8,0,16,0,10,-6,F#/G♭ minor,4,2025-05-01,7JpsDefhsnsWn1P6cYfzMr,"Def Jam Recordings",11A,USUM71214761
130,"Nobody's Business","Rihanna,Chris Brown",71,109,"r&b","R&B","Unapologetic (Deluxe)",2012-12-11,03:36,74,60,4,0,51,0,0,-6,C♯/D♭ minor,4,2025-05-01,6EAxaAk1eZx0aqqH4ff4rP,"Def Jam Recordings",12A,USUM71214759
131,"Love The Way You Lie (Part II) - Pt. 2","Rihanna,Eminem",70,167,"rap, hip hop","Hip Hop","Loud",2010-11-16,04:56,47,83,30,0,40,10,0,-4,A#/B♭,4,2025-05-01,6M6lsQB4OhqL41eld29PeC,"Def Jam Recordings",6B,USUM71026644
132,"Man Down","Rihanna",74,156,"","","Loud",2010-11-16,04:27,47,90,4,0,56,10,0,-4,C minor,4,2025-05-01,1Bx0zEdVjkFlV27iKaePug,"Def Jam Recordings",5A,USUM71026642
133,"Only Girl (In The World)","Rihanna",76,126,"","","Loud",2010-11-16,03:55,79,72,13,0,61,0,0,-4,B minor,4,2025-05-01,0AH6WMe3OlAlUb5miXt2FQ,"Def Jam Recordings",10A,USUM71023200
134,"Rude Boy","Rihanna",80,174,"","","Rated R",2009-11-20,03:42,56,75,11,0,81,10,0,-4,B,4,2025-05-01,60jzFy6Nn4M0iD1d94oteF,"Def Jam Recordings",1B,USUM70912459
135,"Levitating","Dua Lipa",56,103,"pop","Pop","Future Nostalgia",2020-03-27,03:23,70,88,6,0,91,0,20,-2,F#/G♭ minor,4,2025-05-01,1dI77VhaLcQSgQLSnIs03D,"Warner Records",11A,GBAHT1901299
136,"Stay","Rihanna,Mikky Ekko",77,112,"","","Unapologetic (Deluxe)",2012-12-11,04:00,62,31,95,0,13,0,10,-10,A minor,4,2025-05-01,0GNI8K3VATWBABQFAzBAYe,"Def Jam Recordings",8A,USUM71214754
137,"Loveeeeeee Song","Rihanna,Future",78,120,"rap","Hip Hop","Unapologetic (Deluxe)",2012-12-11,04:16,71,60,51,0,50,0,10,-8,F minor,4,2025-05-01,5Mk1tgVrSuoWWwPVFNS0jB,"Def Jam Recordings",4A,USUM71214740
138,"Diamonds","Rihanna",78,92,"","","Unapologetic (Deluxe)",2012-12-11,03:45,56,71,0,0,40,0,10,-5,B minor,4,2025-05-01,6O20JhBJPePEkBdrB5sqRx,"Def Jam Recordings",10A,USUM71211793
139,"Higher","Rihanna",61,153,"","","ANTI (Deluxe)",2016-01-28,02:00,29,57,12,0,40,0,10,-4,D#/E♭,3,2025-05-01,1KnJwhZU3DIBe54Q4HPpIl,"Roc Nation / Rihanna",5B,QM5FT1600121
140,"Never Ending","Rihanna",56,82,"","","ANTI (Deluxe)",2016-01-28,03:22,56,39,75,0,53,0,10,-9,G minor,4,2025-05-01,7Jd5LgnSRQElW6FsTWVPzE,"Roc Nation / Rihanna",6A,QM5FT1600109
141,"Yeah, I Said It","Rihanna",65,128,"","","ANTI (Deluxe)",2016-01-28,02:13,51,38,55,0,25,10,30,-7,G,4,2025-05-01,7eDYNlBwRMeFOZHOZ95dZ1,"Roc Nation / Rihanna",9B,QM5FT1600119
142,"Consideration","Rihanna,SZA",72,145,"r&b","R&B","ANTI (Deluxe)",2016-01-28,02:41,89,58,4,0,79,0,0,-2,G minor,4,2025-05-01,6t90Z9XkdsHD8xMxro6KRP,"Roc Nation / Rihanna",6A,QM5FT1600113
143,"Kiss It Better","Rihanna",82,95,"","","ANTI (Deluxe)",2016-01-28,04:13,62,81,27,0,88,0,0,-5,D#/E♭ minor,4,2025-05-01,0UHB9METy4VCXNgkcGqHqS,"Roc Nation / Rihanna",2A,QM5FT1600115
144,"PUPPET","Tyler, The Creator",73,78,"","","IGOR",2019-05-17,02:59,51,56,0,1,20,0,50,-9,G#/A♭ minor,4,2025-05-01,0wEC0GNF74lAqrEFZJMl1m,"Columbia",1A,USQX91901117
145,"Sky","Playboi Carti",82,140,"rage rap","Hip Hop","Whole Lotta Red",2020-12-25,03:13,79,90,26,0,56,20,10,-4,D,4,2025-05-01,29TPjc8wxfz4XMn21O7VsZ,"AWGE/Interscope Records",10B,USUM72024699
146,"Bethke Fe Eih","Sherine",46,138,"egyptian pop, sholawat, khaleeji","Pop, Christian","Esaal Alaya",2014-02-09,03:41,65,53,34,0,36,0,0,-9,F#/G♭ minor,4,2025-05-01,5EPNTe0XQ9qbush9CXQr5I,"RotanaAudioVisualL.L.C",11A,LBA081106863
147,"KEBDA","Afroto,ONUY",65,104,"egyptian hip hop, arabic rap, mahraganat, egyptian pop","Hip Hop, Pop, Electronic","أفضل أغانى 2024",2024-07-24,02:50,88,67,45,0,82,30,10,-4,G,4,2025-05-01,2Cs1t49qL52fPt6ikx15wp,"The Basement Records",9B,EGA072400195
148,"EARFQUAKE","Tyler, The Creator",84,80,"","","IGOR",2019-05-17,03:10,55,50,23,0,41,0,80,-9,A,4,2025-05-01,5hVghJ4KaYES3BFUATCYn0,"Columbia",11B,USQX91901111
149,"King's Dead (with Kendrick Lamar, Future & James Blake)","Jay Rock,Kendrick Lamar,Future,James Blake",62,82,"hip hop, west coast hip hop, rap, ","Hip Hop","Black Panther The Album Music From And Inspired By",2018-02-09,03:45,57,72,0,0,41,30,10,-5,C♯/D♭,4,2025-05-01,1eLSF6HfrRA0AsNmTkUlKx,"Black Panther (TDE/DMG) PS",3B,USUM71714093
150,"WAKE UP","Travis Scott",68,149,"rap","Hip Hop","ASTROWORLD",2018-08-03,03:51,74,65,19,0,49,10,10,-5,B minor,4,2025-05-01,20MuVazoNMv6xjKPnRFOxG,"Cactus Jack / Epic",10A,USSM11806665
151,"Paramedic!","SOB X RBE",63,97,"hyphy","Hip Hop","Black Panther The Album Music From And Inspired By",2018-02-09,03:39,86,65,18,0,47,10,10,-5,C♯/D♭,4,2025-05-01,2tPcTFiQF9MbVUyjZ3zDhA,"Black Panther (TDE/DMG) PS",3B,USUM71714105
152,"I Am","Jorja Smith",57,149,"","","Black Panther The Album Music From And Inspired By",2018-02-09,03:28,60,58,14,0,32,20,10,-6,G#/A♭ minor,4,2025-05-01,0DJBgBiYeSn6n1AXAkFVE8,"Black Panther (TDE/DMG) PS",1A,USUM71714104
153,"X (with 2 Chainz & Saudi)","ScHoolboy Q,2 Chainz,Saudi",64,131,"southern hip hop, rap, ","Hip Hop","Black Panther The Album Music From And Inspired By",2018-02-09,04:27,78,47,2,0,41,20,20,-8,D,4,2025-05-01,4LmAnpjlhWTahvRkYR8xJa,"Black Panther (TDE/DMG) PS",10B,USUM71714098
154,"All The Stars (with SZA)","Kendrick Lamar,SZA",95,97,"hip hop, west coast hip hop, r&b","Hip Hop, R&B","Black Panther The Album Music From And Inspired By",2018-02-09,03:52,70,63,6,0,56,0,0,-5,G#/A♭,4,2025-05-01,3GCdLUSnKSMJhs4Tj6CV3s,"Black Panther (TDE/DMG) PS",4B,USUM71713947
155,"heart pt. 6","Kendrick Lamar",79,81,"hip hop, west coast hip hop","Hip Hop","GNX",2024-11-22,04:52,70,65,27,0,59,30,10,-8,A,4,2025-05-01,1SGvjfc85yzqKXsfKcCxn2,"pgLang, under exclusive license to Interscope Records",11B,USUG12408502
156,"reincarnated","Kendrick Lamar",78,91,"hip hop, west coast hip hop","Hip Hop","GNX",2024-11-22,04:35,85,78,5,0,75,20,30,-5,G,4,2025-05-01,0RgjEkSbeuStKfT2Pa4Zai,"pgLang, under exclusive license to Interscope Records",9B,USUG12408500
157,"hey now (feat. dody6)","Kendrick Lamar,Dody6",82,102,"hip hop, west coast hip hop, ","Hip Hop","GNX",2024-11-22,03:37,81,36,0,0,19,10,40,-9,A#/B♭,4,2025-05-01,5S8VwnB4sLi6W0lYTWYylu,"pgLang, under exclusive license to Interscope Records",6B,USUG12408497
158,"luther (with sza)","Kendrick Lamar,SZA",92,138,"hip hop, west coast hip hop, r&b","Hip Hop, R&B","GNX",2024-11-22,02:57,71,57,25,0,58,10,20,-8,D,4,2025-05-01,45J4avUb9Ni0bnETYaYFVJ,"pgLang, under exclusive license to Interscope Records",10B,USUG12408496
159,"squabble up","Kendrick Lamar",90,104,"hip hop, west coast hip hop","Hip Hop","GNX",2024-11-22,02:37,87,67,2,0,71,20,0,-6,C,4,2025-05-01,0nj9Bq5sHDiTxSHunhgkFb,"pgLang, under exclusive license to Interscope Records",8B,USUG12408494
160,"NAKSH DARAB","NUBIA",3,146,"","","NAKSH DARAB",2022-10-26,03:38,49,69,44,0,42,40,20,-8,G#/A♭ minor,4,2025-05-01,6MjF2MYtJgN8HAt8rEnik7,"NUBIASFINEST",1A,QZTAT2287442
161,"kum my way","NUBIA",13,108,"","","kum my way",2024-06-20,02:47,78,84,17,0,58,20,0,-7,B,4,2025-05-01,5hWunJl22rKyyiBprKiya6,"NUBIASFINEST",1B,QZMER2453157
162,"wacced out murals","Kendrick Lamar",79,82,"hip hop, west coast hip hop","Hip Hop","GNX",2024-11-22,05:17,76,50,25,0,50,40,10,-11,A minor,4,2025-05-01,5gOfC9UzZQzTyShqPMrpjT,"pgLang, under exclusive license to Interscope Records",8A,USUG12408495
163,"The Party & The After Party","The Weeknd",79,102,"","","House Of Balloons (Original)",2011-03-21,07:39,65,58,22,0,16,0,0,-10,F minor,4,2025-05-01,0GROiXm03OrMC5ltXLhGIu,"Universal Republic Records",4A,USUM72104141
164,"After Hours","The Weeknd",83,109,"","","After Hours",2020-03-20,06:01,66,57,8,1,14,0,10,-6,F minor,4,2025-05-01,2p8IUWQDrpjuFltbdgLOag,"Republic Records",4A,USUG12000586
165,"In Your Eyes","The Weeknd",78,100,"","","After Hours",2020-03-20,03:57,67,72,0,0,72,0,0,-5,G minor,4,2025-05-01,7szuecWAPwGoV1e5vGu8tl,"Republic Records",6A,USUG12000657
166,"Sidewalks","The Weeknd,Kendrick Lamar",75,150,"hip hop, west coast hip hop","Hip Hop","Starboy",2016-11-25,03:51,54,72,15,0,62,0,30,-5,C♯/D♭ minor,4,2025-05-01,4h90qkbnW1Qq6pBhoPvwko,"Universal Republic Records",12A,USUG11601003
167,"Rockin’","The Weeknd",65,113,"","","Starboy",2016-11-25,03:52,74,89,1,0,75,20,0,-6,A minor,4,2025-05-01,36YCdzT57us0LhDmCYtrNE,"Universal Republic Records",8A,USUG11600999
168,"How Do I Make You Love Me? - Sebastian Ingrosso & Salvatore Ganacci Remix","The Weeknd,Sebastian Ingrosso,Salvatore Ganacci",48,124,"edm, moombahton","Electronic, Latin","Dawn FM (Alternate World)",2022-01-07,03:37,86,80,1,60,38,0,10,-5,G minor,4,2025-05-01,2urqWNGpjl07PLAafoa5nT,"XO / Republic Records",6A,USUG12205246
169,"Moth To A Flame (with The Weeknd)","Swedish House Mafia,The Weeknd",54,120,"edm, ","Electronic","Dawn FM (Alternate World)",2022-01-07,03:54,54,66,0,0,11,0,10,-7,G#/A♭,4,2025-05-01,1S9DHKpS73KFVN7nnIql3f,"XO / Republic Records",4B,USUG12105524
170,"Less Than Zero","The Weeknd",52,143,"","","Dawn FM (Alternate World)",2022-01-07,03:31,54,79,0,0,50,0,0,-6,C,4,2025-05-01,02w1rM6spvEcbFxd63xCl2,"XO / Republic Records",8B,USUG12106698
171,"I Heard You're Married (feat. Lil Wayne)","The Weeknd,Lil Wayne",45,110,"rap, hip hop","Hip Hop","Dawn FM (Alternate World)",2022-01-07,04:23,74,85,10,0,78,10,30,-5,A minor,4,2025-05-01,7p2wRa4m9KVXEXUlkJLhUi,"XO / Republic Records",8A,USUG12106696
172,"Best Friends","The Weeknd",47,90,"","","Dawn FM (Alternate World)",2022-01-07,02:43,74,56,44,0,53,10,30,-7,E minor,4,2025-05-01,4cm7Ap6IWH6m8JyB9IXT3x,"XO / Republic Records",9A,USUG12106691
173,"Timeless (feat. Playboi Carti)","The Weeknd,Playboi Carti",75,120,"rage rap","Hip Hop","Timeless",2024-09-27,04:16,77,72,6,0,57,0,10,-5,B minor,4,2025-05-01,1Es7AUAhQvapIcoh3qMKDL,"XO / Republic Records",10A,USUG12406536
174,"Beanie","Chezile",88,139,"","","Beanie",2023-11-28,02:12,53,56,41,1,16,0,30,-6,F,3,2025-05-01,5e0b9LgOfi3aJSKXFcOWRe,"Chezile / 10K Projects",7B,QZWFH2353145
175,"Allah Ala Hobak","Amr Diab",40,131,"egyptian pop, khaleeji","Pop","Wayah",2009-01-05,03:42,72,71,1,1,62,0,0,-8,F minor,4,2025-05-01,3dOauJyKGJ8oASbRZZvMHM,"RotanaAudioVisualL.L.C",4A,LBA081105611
176,"Wehyati Khaliki","Amr Diab",47,137,"egyptian pop, khaleeji","Pop","Wayah",2009-01-05,03:49,72,64,39,0,21,0,10,-10,E minor,4,2025-05-01,2aZTuYN9koosJ9xk6QYg6W,"RotanaAudioVisualL.L.C",9A,LBA081105616
177,"Yehemak Fe Eh","Amr Diab",53,145,"egyptian pop, khaleeji","Pop","Wayah",2009-01-05,04:07,52,59,21,0,54,0,0,-6,F#/G♭,4,2025-05-01,1P3MvwxLdAHQUJxnmUc9Jx,"RotanaAudioVisualL.L.C",2B,LBA081105612
178,"Moon","Kanye West",72,162,"rap","Hip Hop","Donda",2021-08-29,02:36,32,24,90,0,25,0,20,-10,F,4,2025-05-01,7CC6UbCs4iGsePSzFxYxNn,"Rock The World/IDJ/Kanye LP7",7B,USUM72116291
179,"Junya pt 2","Kanye West",51,148,"rap","Hip Hop","Donda",2021-08-29,03:02,75,77,31,0,26,0,20,-4,G,4,2025-05-01,2auYgZ1GcTkWj2bOaE2Wwm,"Rock The World/IDJ/Kanye LP7",9B,USUM72116256
180,"Heaven and Hell","Kanye West",60,83,"rap","Hip Hop","Donda",2021-08-29,02:25,76,42,4,0,27,10,10,-7,C minor,4,2025-05-01,2Y40huo5ewaKYxsFintYtF,"Rock The World/IDJ/Kanye LP7",5A,USUM72116292
181,"Blind","SZA",75,114,"r&b","R&B","SOS",2022-12-09,02:30,46,28,91,0,60,0,20,-12,A minor,4,2025-05-01,2CSRrnOEELmhpq8iaAi9cd,"Top Dawg Entertainment/RCA Records",8A,USRC12204589
182,"Seek & Destroy","SZA",68,152,"r&b","R&B","SOS",2022-12-09,03:23,65,65,44,18,35,0,20,-5,C♯/D♭,4,2025-05-01,6eT2V7nKXyMf47TwPbtgAD,"Top Dawg Entertainment/RCA Records",3B,USRC12204585
183,"Everyday","Ariana Grande,Future",78,131,"pop, rap","Pop, Hip Hop","Dangerous Woman",2016-04-01,03:14,64,73,1,0,43,0,10,-4,G minor,4,2025-05-01,30TmLgK0ja5O8q9l4BShIX,"Universal Records",6A,USUM71602110
184,"Hungarian Rhapsody No. 2","Rousseau",18,77,"classical piano, classical","Classical","Hungarian Rhapsody No. 2",2019-12-06,12:18,34,28,96,88,9,0,0,-14,C♯/D♭,4,2025-05-01,3oUJdoE97yQAsl2pEwu5P4,"Proximity",3B,USA2P1962003
185,"Hungarian Rhapsody No. 2 in C-Sharp Minor, S. 244/2","Franz Liszt,Vladimir Horowitz",50,79,"classical piano, classical","Classical","Horowitz Plays Liszt",1930-00-00,09:01,35,33,99,89,17,0,70,-15,C♯/D♭,4,2025-05-01,7CIoJE0JfVFcmmUY3fFojH,"Sony Classical",3B,USBC15300135
186,"Fantaisie-Impromptu in C-Sharp Minor, Op. 66","Frédéric Chopin,Daniil Trifonov",52,70,"classical piano, classical","Classical","Chopin: Fantaisie-Impromptu In C Sharp Minor, Op. 66",2017-08-25,05:36,16,5,99,89,6,0,10,-25,C♯/D♭,3,2025-05-01,0Y9BzZGT2FuLVPrHoq1g2G,"Deutsche Grammophon (DG)",3B,DEN961700570
187,"Chopin: Nocturne No. 20 in C-Sharp Minor, Op. Posth.","Frédéric Chopin,Mikhail Pletnev",70,164,"classical piano, classical","Classical","Chopin: Piano Sonata No. 2, Nocturnes, Barcarolle & Scherzo",2000-01-01,04:26,23,0,99,88,19,0,0,-31,C♯/D♭ minor,4,2025-05-01,2MSgFefjK0T7Iwjvr3OKqV,"Warner Classics",12A,GBAYC8800384
188,"Serenade in B-Flat Major, K. 361  Gran Partita : III. Adagio","Wolfgang Amadeus Mozart,Orpheus Chamber Orchestra",57,70,"classical, requiem, opera, classical piano, chamber music","Classical","Mozart: Serenade in B Flat -  Gran Partita ; Serenade in E Flat",2005-01-01,05:30,19,4,99,92,4,0,10,-25,D#/E♭,4,2025-05-01,5Zf5prtvv7KRQ1J6kNn4C6,"Deutsche Grammophon (DG)",5B,DEF058603331
189,"Turkish March","Wolfgang Amadeus Mozart,Boris Apostolov",47,142,"classical, requiem, opera, classical piano, chamber music","Classical","Classical Piano for Children",2021-05-02,03:16,57,9,95,91,96,10,0,-23,A,4,2025-05-01,0yacFoupTf2z0Hk5QDFPGn,"Piano Gems",11B,QZES72195115
190,"Serenade No. 13 in G Major, K. 525,  Eine kleine Nachtmusik : I. Allegro","Wolfgang Amadeus Mozart,Capella Istropolitana,Wolfgang Sobotka",59,136,"classical, requiem, opera, classical piano, chamber music, ","Classical","Mozart: Kleine Nachtmusik (Eine) / Serenata Notturna / Divertimento No. 10",1988-02-05,05:51,49,14,95,89,45,0,0,-19,G,4,2025-05-01,1VYOAY7yevYbOj3AFupzSu,"Naxos",9B,HKI199274701
191,"Requiem in D Minor, K. 626: Sequence: VI. Lacrimosa dies illa","Wolfgang Amadeus Mozart,Magdaléna Hajóssyová,Jaroslava Horska,Jozef Kundlák,Peter Mikulas,Vladimir Ruso,Slovak Philharmonic Chorus,Slovak Philharmonic,Zdeněk Košler",64,75,"classical, requiem, opera, classical piano, chamber music, orchestra","Classical","Mozart: Requiem / Exultate, Jubilate / Laudate Dominum",1995-12-31,03:19,7,10,96,80,7,0,40,-23,D minor,4,2025-05-01,5p3xMIHQ6YoAIaSgZeOkNa,"Naxos",7A,HKI199508108
192,"Yetalemo","Amr Diab",54,127,"egyptian pop, khaleeji","Pop","Kol Hayaty",2018-10-01,03:56,76,88,24,0,72,0,0,-6,D#/E♭ minor,4,2025-05-01,7FgBRZYvvEqyRNvnMX8QHE,"Sony Music Entertainment",2A,US23A1500896
193,"Baedt Leh","Amr Diab",46,151,"egyptian pop, khaleeji","Pop","Wayah",2009-01-05,04:11,67,77,15,0,83,0,10,-7,C minor,4,2025-05-01,5pQMegpfCuS6qGjC6B80VV,"RotanaAudioVisualL.L.C",5A,LBA081105619
194,"Endi Soal","Amr Diab",41,142,"egyptian pop, khaleeji","Pop","El Leila",2013-09-27,03:38,59,86,8,0,96,0,30,-7,G#/A♭,4,2025-05-01,7gXAMkgddRCxQ8kL4FvOdo,"RotanaAudioVisualL.L.C",4B,LBA081121181
195,"Mafeesh Menak","Amr Diab",43,138,"egyptian pop, khaleeji","Pop","El Leila",2013-09-27,03:17,62,82,9,5,94,0,20,-7,F#/G♭ minor,4,2025-05-01,5LrS4cS9fpGOziQZAAN8Yp,"RotanaAudioVisualL.L.C",11A,LBA081121184
196,"Missin’ You Like This (Feat. Luke Combs)","Post Malone,Luke Combs",67,79,"country","Country","F-1 Trillion",2024-08-15,03:42,50,71,3,0,45,0,30,-5,G,4,2025-05-01,1IzCS4zuowRsXu4YS8caOB,"Mercury Records / Republic Records",9B,USUM72405619
197,"Have The Heart (Feat. Dolly Parton)","Post Malone,Dolly Parton",63,117,"country","Country","F-1 Trillion",2024-08-15,03:03,62,79,1,0,69,0,20,-3,A,4,2025-05-01,1sqXfPaRD7npnH712RZQAF,"Mercury Records / Republic Records",11B,USUM72405596
198,"Guy For That (Feat. Luke Combs)","Post Malone,Luke Combs",81,120,"country","Country","F-1 Trillion",2024-08-15,02:44,61,91,1,0,50,0,10,-4,G#/A♭,4,2025-05-01,6StwwqB84sJeLr7tZDTxEX,"Mercury Records / Republic Records",4B,USUM72405595
199,"What Don't Belong To Me","Post Malone",71,170,"","","F-1 Trillion",2024-08-15,03:27,48,91,9,0,55,0,10,-5,A#/B♭,4,2025-05-01,0lJNSfWnwJMIh94Dv9jQUt,"Mercury Records / Republic Records",6B,USUM72405606
200,"Wrong Ones (Feat. Tim McGraw)","Post Malone,Tim McGraw",71,81,"country","Country","F-1 Trillion",2024-08-15,03:15,48,80,1,0,60,0,10,-4,C,4,2025-05-01,2CIXO1jQbrV1hlfI7FUKld,"Mercury Records / Republic Records",8B,USUM72405588
201,"I Had Some Help (Feat. Morgan Wallen)","Post Malone,Morgan Wallen",87,128,"country","Country","F-1 Trillion",2024-08-15,02:58,64,87,1,0,75,0,20,-5,C,4,2025-05-01,5IZXB5IKAD2qlvTPJYDCFB,"Mercury Records / Republic Records",8B,USUM72404990
202,"El Zaman Beyensa Dayman","Amr Diab",14,92,"egyptian pop, khaleeji","Pop","El Zaman Beyensa Dayman",2023-03-09,02:55,56,64,63,39,42,0,70,-8,A#/B♭,4,2025-05-01,02oEO5VesUhyGg1g2sQxdq,"Global",6B,EGA010555804
203,"Shokran Min Hina Le Bokra","Amr Diab",46,123,"egyptian pop, khaleeji","Pop","Shokran Min Hina Le Bokra",2023-03-23,02:55,81,87,71,0,78,0,10,-4,F minor,4,2025-05-01,3SkSfk6ufuSszZQ0e3NYbw,"Sony Music Entertainment",4A,QZHN42353868
204,"Battamen Aleik","Amr Diab",46,156,"egyptian pop, khaleeji","Pop","Battamen Aleik",2023-02-13,04:06,66,82,16,0,73,0,0,-4,D#/E♭,4,2025-05-01,4Ov7Q1UwkRw1utSuD7O8th,"Sony Music Entertainment",5B,QZDA62358160
205,"Rooh","Amr Diab",39,182,"egyptian pop, khaleeji","Pop","Sahran",2020-02-17,04:18,48,69,35,0,45,0,30,-7,C♯/D♭,4,2025-05-01,4iQEgNeLU9LkvZOu5QWGJ6,"Sony Music Entertainment",3B,USCGH2089767
206,"Bahebo","Amr Diab",43,130,"egyptian pop, khaleeji","Pop","Sahran",2020-02-17,03:58,68,91,18,22,96,0,30,-7,F minor,4,2025-05-01,1CCOnf3bfkDZt8PoZb0ivo,"Sony Music Entertainment",4A,US23A1501408
207,"Zay Manty","Amr Diab",54,96,"egyptian pop, khaleeji","Pop","Sahran",2020-02-17,03:23,62,65,85,0,75,0,0,-6,G#/A♭,3,2025-05-01,1s48CUcei5Rlt8103DTQcu,"Sony Music Entertainment",4B,USCGH2089765
208,"Makanak Fe Alby","Amr Diab",57,72,"egyptian pop, khaleeji","Pop","Sahran",2020-02-17,04:35,39,57,53,0,48,0,20,-7,F minor,4,2025-05-01,0IbcZmuU8k7UfTcNOTo4v0,"Sony Music Entertainment",4A,USCGH2089763
209,"Aam El Tabeeb","Amr Diab",37,107,"egyptian pop, khaleeji","Pop","Sahran",2020-02-17,03:39,78,79,51,0,82,0,10,-6,C♯/D♭,4,2025-05-01,7wqWBMS3xwrmePoEJSrxMC,"Sony Music Entertainment",3B,USCGH2089762
210,"Makanak","Amr Diab",51,109,"egyptian pop, khaleeji","Pop","Makanak",2023-12-28,03:21,70,75,61,0,65,0,10,-5,D minor,4,2025-05-01,3MjnP0XuJK48RW49gD8d1k,"Sony Music Entertainment",7A,QZFYX2470209
211,"Maarafsh Had Belesm Da","Amr Diab",44,80,"egyptian pop, khaleeji","Pop","Makanak",2023-12-28,04:16,61,45,57,0,12,0,10,-7,D#/E♭,4,2025-05-01,5ce0PKRKIRTfXM5eEXI5oB,"Sony Music Entertainment",5B,QZFYX2470206
212,"Salamak Wasaly","Amr Diab",43,91,"egyptian pop, khaleeji","Pop","Makanak",2023-12-28,04:45,71,76,60,0,86,0,30,-6,C,4,2025-05-01,5VQdDEEHOhx2uF3PgfIEFx,"Sony Music Entertainment",8B,QZFYX2470205
213,"Kifak Inta","Fairuz",57,80,"","","Sings Ziad Rahbani",2001-01-01,03:31,42,55,88,0,46,0,10,-4,E,4,2025-05-01,4FN4D7vWOV9uigDDw8nr0A,"EMI MUSIC ARABIA",12B,AEAB29500014
214,"بيبه","شريهان",20,100,"","","اغاني افلام",1995-01-01,05:27,68,47,46,0,35,0,0,-10,C,4,2025-05-01,2JFYZQMYBFe7fz7Jnhb8AR,"Richard Elhaj",8B,aea149501784
215,"Aks Baad","Amr Diab",48,144,"egyptian pop, khaleeji","Pop","Ahla W Ahla",2016-04-25,04:27,56,57,34,0,28,0,0,-7,A#/B♭,4,2025-05-01,14sJmUht97hkiwMPd4MhBf,"Sony Music Entertainment",6B,EGA261600202
216,"Ragea","Amr Diab",62,146,"egyptian pop, khaleeji","Pop","Ahla W Ahla",2016-04-25,03:29,74,49,28,0,67,0,0,-9,D minor,4,2025-05-01,73ppBd1Mc3J6JeczDvLF8E,"Sony Music Entertainment",7A,EGA261600208
217,"Maak Alby","Amr Diab",55,130,"egyptian pop, khaleeji","Pop","Ahla W Ahla",2016-04-25,03:18,44,37,72,0,33,0,10,-11,A,4,2025-05-01,1dP8RC3NAvg8GyeRCCJdY1,"Sony Music Entertainment",11B,EGA261600207
218,"Al Touba - 2010 Remaster","Majida El Roumi",13,134,"","","Best Of Magida El Roumi روائع ماجدة الرومي",2022-03-01,05:52,43,75,40,4,43,0,30,-5,G#/A♭,4,2025-05-01,3xeOizFAvXkFy2D7k2FhDd,"UME - Global Clearing House",4B,AEA041001050
219,"El Toba - Studio","Abdel Halim Hafez",39,128,"egyptian pop, khaleeji","Pop","El Toba - Studio",1966-01-01,04:28,55,39,70,0,81,0,10,-14,F minor,4,2025-05-01,4UcuiUePCMPyxgwJr6aE7H,"Abdel Halim Hafez",4A,EGA010549062
220,"ضربه ب ضربه","Ahmed Moza",52,100,"mahraganat, egyptian shaabi, egyptian pop, egyptian hip hop","Hip Hop, Pop, Traditional Music, Electronic","ضربه ب ضربه",2020-07-01,03:09,82,81,27,0,78,0,10,-3,C minor,4,2025-05-01,6epfCwEgrSRw6G5BQS7fNy,"Mahraganat.com",5A,FRX282020789
221,"اندال اندال","Ahmed Moza",51,105,"mahraganat, egyptian shaabi, egyptian pop, egyptian hip hop","Hip Hop, Pop, Traditional Music, Electronic","اندال اندال",2020-11-16,04:03,95,89,13,0,96,0,20,0,C♯/D♭ minor,4,2025-05-01,6RpPYyGGMyDL9xfRcQfffj,"Ahmed Moza",12A,EGA272000928
222,"Salma","Jadal",30,102,"arabic rap","Hip Hop","Arabic Rocks",2009-08-08,02:34,64,85,10,9,69,0,0,-4,G,4,2025-05-01,1VoBJtxfwQlCCDwuUgIdhD,"JadaL",9B,JOA020901202
223,"Ess","Jadal",22,132,"arabic rap","Hip Hop","Arabic Rocks",2009-08-08,01:46,64,67,0,94,47,0,10,-4,C,4,2025-05-01,2werDOXOdBGvEUD1RAyNvP,"JadaL",8B,JOA020901201
224,"Tomorrow","Tyler, The Creator",71,96,"","","CHROMAKOPIA",2024-10-28,03:02,46,54,81,0,31,0,10,-7,C♯/D♭,4,2025-05-01,3yw3m8wgRB4ptDyAvtdhq5,"Columbia",3B,USQX92405792
225,"Take Your Mask Off (feat. Daniel Caesar & LaToiya Williams)","Tyler, The Creator,Daniel Caesar,LaToiya Williams",75,122,"","","CHROMAKOPIA",2024-10-28,04:13,50,66,46,0,52,10,30,-6,F#/G♭ minor,5,2025-05-01,4BSR9I4ExlCJdXJo2GpBD5,"Columbia",11A,USQX92405791
226,"2 of Americaz Most Wanted","Snoop Dogg,2Pac",55,99,"g-funk, west coast hip hop, gangster rap, hip hop, rap","Hip Hop, R&B","Workout Playlist",2017-07-11,04:02,85,88,4,0,83,10,0,-4,C♯/D♭,4,2025-05-01,4gcL8Bmh2FWWgxmsJGV6S0,"Luke Scanlan Records",3B,NLRD51401366
227,"St. Chroma (feat. Daniel Caesar)","Tyler, The Creator,Daniel Caesar",83,150,"","","CHROMAKOPIA",2024-10-28,03:17,58,88,36,0,37,50,30,-5,C,4,2025-05-01,1QoyuMHNBe7lg3YW4Qtll4,"Columbia",8B,USQX92405783
228,"Darling, I (feat. Teezo Touchdown)","Tyler, The Creator,Teezo Touchdown",81,98,"","","CHROMAKOPIA",2024-10-28,04:13,37,82,36,0,36,10,40,-3,D#/E♭ minor,4,2025-05-01,0VaeksJaXy5R1nvcTMh3Xk,"Columbia",2A,USQX92405786
229,"Rah Tah Tah","Tyler, The Creator",79,83,"","","CHROMAKOPIA",2024-10-28,02:45,66,88,0,0,51,30,30,-4,C♯/D♭,4,2025-05-01,5RePVWy39tLpHH0WwXgBsK,"Columbia",3B,USQX92405784
230,"Like Him (feat. Lola Young)","Tyler, The Creator,Lola Young",91,96,"","","CHROMAKOPIA",2024-10-28,04:38,39,56,29,0,19,0,10,-7,E minor,3,2025-05-01,6jbYpRPTEFl1HFKHk1IC0m,"Columbia",9A,USQX92405794
231,"Thought I Was Dead (feat. ScHoolboy Q & Santigold)","Tyler, The Creator,ScHoolboy Q,Santigold",79,130,"","","CHROMAKOPIA",2024-10-28,03:27,77,86,36,0,64,20,60,-3,A#/B♭ minor,4,2025-05-01,2aYHxnMF2umAavtgBvmkY1,"Columbia",3A,USQX92405793
232,"Sticky (feat. GloRilla, Sexyy Red & Lil Wayne)","Tyler, The Creator,GloRilla,Sexyy Red,Lil Wayne",88,80,"rap, hip hop","Hip Hop","CHROMAKOPIA",2024-10-28,04:15,51,81,28,0,66,40,40,-4,C♯/D♭,4,2025-05-01,3tFed7YsjGnIfxeLEQwx3R,"Columbia",3B,USQX92405790
233,"Last Call","Kanye West",63,83,"rap","Hip Hop","The College Dropout",2004-02-10,12:40,47,73,58,0,85,30,30,-7,G#/A♭,4,2025-05-01,7iOhWWYjhhQiXzF4o4HhXN,"Roc-A-Fella",4B,USDJ20400075
234,"Diamonds From Sierra Leone - Remix","Kanye West,JAY-Z",64,97,"rap, hip hop, east coast hip hop","Hip Hop","Late Registration",2005-08-30,03:53,67,81,26,0,38,20,10,-4,G,4,2025-05-01,34KUIBsIUiPV7oCIzSdDAU,"Roc-A-Fella",9B,USUM70502927
235,"Roses","Kanye West",67,98,"rap","Hip Hop","Late Registration",2005-08-30,04:05,72,47,26,0,51,10,10,-6,D#/E♭ minor,4,2025-05-01,2DHNCWZYmVr1Lv08q5b0kB,"Roc-A-Fella",2A,USUM70502644
236,"Drive Slow","Kanye West,Paul Wall,GLC",62,81,"rap, southern hip hop, crunk, ","Hip Hop","Late Registration",2005-08-30,04:32,59,59,3,0,49,20,20,-8,B,1,2025-05-01,6vB49BJ70zBpDrrAPwdaB8,"Roc-A-Fella",1B,USUM70502532
237,"loop it and leave it","JPEGMAFIA",54,80,"experimental hip hop, alternative hip hop, experimental","Hip Hop, Electronic, Jazz, Rock","I LAY DOWN MY LIFE FOR YOU",2024-08-01,02:00,41,82,0,0,4,0,10,-4,A#/B♭,4,2025-05-01,7tt1X4Tam0dfIgoyympk00,"2024 Peggy Under Exclusive License to AWAL Recordings America, Inc.",6B,QM7282468587
238,"vulgar display of power","JPEGMAFIA",53,105,"experimental hip hop, alternative hip hop, experimental","Hip Hop, Electronic, Jazz, Rock","I LAY DOWN MY LIFE FOR YOU",2024-08-01,02:52,45,92,0,0,39,0,70,-4,A,4,2025-05-01,1Z0FllHuwKceEa9wRJKTku,"2024 Peggy Under Exclusive License to AWAL Recordings America, Inc.",11B,QM7282468548
239,"New Black History (feat. Vince Staples)","JPEGMAFIA,Vince Staples",54,123,"experimental hip hop, alternative hip hop, experimental, ","Hip Hop, Electronic, Jazz, Rock","I LAY DOWN MY LIFE FOR YOU",2024-08-01,02:16,78,82,7,0,89,0,10,-3,C,4,2025-05-01,4HzV6IvuKEuKdh5O60v52u,"2024 Peggy Under Exclusive License to AWAL Recordings America, Inc.",8B,QM7282468541
240,"i scream this in the mirror before i interact with anyone","JPEGMAFIA",57,135,"experimental hip hop, alternative hip hop, experimental","Hip Hop, Electronic, Jazz, Rock","I LAY DOWN MY LIFE FOR YOU",2024-08-01,01:48,47,93,0,0,53,30,10,-4,A,4,2025-05-01,76lNySMRTjhiJ0KtMkuHdX,"2024 Peggy Under Exclusive License to AWAL Recordings America, Inc.",11B,QM7282468447
241,"Touch The Sky","Kanye West,Lupe Fiasco",76,99,"rap, ","Hip Hop","Late Registration",2005-08-30,03:56,55,85,1,0,55,30,30,-5,A,1,2025-05-01,2dxjKgT0li4qBI3QwuN9Ih,"Roc-A-Fella",11B,USUM70502527
242,"Heard 'Em Say","Kanye West,Adam Levine",68,95,"rap, ","Hip Hop","Late Registration",2005-08-30,03:23,74,70,5,5,56,10,10,-8,G minor,4,2025-05-01,6yIjtVtnOBeC8SwdVHzAuF,"Roc-A-Fella",6A,USUM70502535
243,"Waltz No. 19 in A minor, Op. posth.","Frédéric Chopin,Peter Jablonski",63,69,"classical piano, classical","Classical","Chopin: Waltzes, etc.",1995-01-01,02:12,31,3,98,93,15,0,0,-37,A minor,4,2025-05-01,71MpmxCJ1TW05c7Fvv1SfI,"Decca Music Group Ltd.",8A,GBF079540817
244,"The Well-Tempered Clavier, Book 1: Prelude No. 1 in C Major BWV 846/1","Johann Sebastian Bach,Pierre-Laurent Aimard",56,129,"classical, classical piano","Classical","Bach: The Well-Tempered Clavier I",2014-01-01,02:17,12,1,99,93,20,0,10,-42,C,4,2025-05-01,6VLGpRXbJAwtMCCsYWGyjB,"Deutsche Grammophon (DG)",8B,DEN961400701
245,"Prelude in C Major, BWV 846","Johann Sebastian Bach,Alistair McGowan",55,122,"classical, classical piano","Classical","The Piano Album",2017-09-29,02:28,27,11,99,87,13,0,10,-27,C,4,2025-05-01,2nbMCBBmKc3B6A30jYPmpD,"Sony Music CG",8B,GBARL1701543
246,"Prelude in C Major","Rousseau",39,129,"classical piano, classical","Classical","Prelude in C Major",2019-02-03,02:17,35,10,98,90,20,0,10,-23,C,4,2025-05-01,3b1p2uoKyYmxF3YGvVHCQF,"Rousseau",8B,QZDA51950370
247,"Cello Suite No. 1 in G Major, BWV 1007: I. Prélude","Johann Sebastian Bach,Yo-Yo Ma",70,73,"classical, classical piano, chamber music","Classical","Bach: Cello Suites Nos. 1, 5 & 6",1983-00-00,02:32,28,16,89,84,30,0,10,-19,G,4,2025-05-01,17i5jLpzndlQhbS4SrTd0B,"Sony Classical",9B,USSM18200515
248,"If We Being Rëal","Yeat",80,128,"rage rap","Hip Hop","2093",2024-02-16,02:52,46,50,25,0,3,0,10,-7,C♯/D♭,4,2025-05-01,0YThXX1dqUpYBLyJNAsF9N,"Field Trip Recordings/Capitol Records",3B,USUM72401643
249,"Hobbak Liya","Nancy Ajram",17,96,"egyptian pop, sholawat, khaleeji","Pop, Christian","Ah W Noss",2004-04-14,05:18,31,69,21,0,26,0,20,-6,F,1,2025-05-01,2Xbai9PWh8uauJN3IkgJAV,"Jiji Lamara",7B,aea140402081
250,"Baddalaa Aleyk","Nancy Ajram",18,102,"egyptian pop, sholawat, khaleeji","Pop, Christian","Ah W Noss",2004-04-14,04:35,81,91,39,0,89,0,0,-4,A minor,4,2025-05-01,3LvAZ05smgwqgzkWeB7ILO,"Jiji Lamara",8A,aea140402078
251,"Ool Tani Keda","Nancy Ajram",37,142,"egyptian pop, sholawat, khaleeji","Pop, Christian","Ah W Noss",2004-04-14,04:07,77,92,11,0,95,0,10,-6,A#/B♭ minor,4,2025-05-01,6ADUlFF7a4oJVtMXIjEZkV,"Jiji Lamara",3A,aea140402083
252,"Ah W Noss","Nancy Ajram",35,142,"egyptian pop, sholawat, khaleeji","Pop, Christian","Ah W Noss",2004-04-14,04:41,75,94,4,0,97,0,0,-6,F minor,4,2025-05-01,33GGtoGPaSbPt3PwKv5zNg,"Jiji Lamara",4A,aea140402074
253,"وغلاوتك","Amr Diab",64,101,"egyptian pop, khaleeji","Pop","عودوني",1988-02-24,03:50,76,40,68,12,79,0,10,-19,G minor,4,2025-05-01,1dVGCdJ4SibwgThXlUBU0l,"Delta Sound",6A,FR96X2303801
254,"بأمارة مين","Farid",56,136,"egyptian pop, mahraganat, khaleeji","Pop, Electronic, Hip Hop","بأمارة مين",2022-06-21,03:15,69,66,47,0,73,0,20,-6,C minor,4,2025-05-01,0SbObewB36qKLWcaxMntej,"New Era",5A,FRX202290241
255,"Kan Mawdo3","Tamer Ashour",63,140,"egyptian pop, khaleeji, mahraganat","Pop, Electronic, Hip Hop","Tegy Ntrahn",2022-01-20,04:42,48,64,40,0,30,0,10,-5,D minor,4,2025-05-01,3FJ2RFcLUogTbyt9MGVQoC,"Tamer Ashour",7A,EGA1K2200055
256,"Khaletny Ahes","Tamer Ashour",41,174,"egyptian pop, khaleeji, mahraganat","Pop, Electronic, Hip Hop","Tegy Ntrahn",2022-01-20,03:30,54,79,9,0,46,0,10,-6,E minor,4,2025-05-01,2XmyEfjZvfxBdKu7E3SJFA,"Tamer Ashour",9A,EGA1K2200053
257,"Ana Leyh","Nancy Ajram",27,140,"egyptian pop, sholawat, khaleeji","Pop, Christian","Ah W Noss",2004-04-14,05:29,77,96,37,0,92,0,10,-5,A minor,4,2025-05-01,3WV7VwzXRzEi0WYTw2TQ3v,"Jiji Lamara",8A,aea140402073
258,"Enta Eih","Nancy Ajram",56,136,"egyptian pop, sholawat, khaleeji","Pop, Christian","Ah W Noss",2004-04-14,05:05,74,75,5,0,73,0,0,-5,D minor,4,2025-05-01,5yYmOhkbG3TlmllqTvQem5,"Jiji Lamara",7A,aea140402075
259,"Acquainted","The Weeknd",75,101,"","","Beauty Behind The Madness",2015-08-28,05:48,37,48,48,0,25,0,0,-10,G minor,4,2025-05-01,7uJH0YdSZL6psjxI6Xy08b,"Universal Republic Records",6A,USUG11500919
260,"All Dead, All Dead - Remastered 2011","Queen",39,114,"classic rock, rock, glam rock","Rock","News Of The World (2011 Remaster)",1977-10-28,03:09,49,8,79,0,31,0,10,-15,F,3,2025-05-01,6SvRYfsIeNSVV2EAH7I9P0,"EMI",7B,GBUM71103453
261,"Flick Of The Wrist - Remastered 2011","Queen",36,148,"classic rock, rock, glam rock","Rock","Sheer Heart Attack (2011 Remaster)",1974-11-08,03:17,34,83,5,0,55,0,20,-6,E minor,4,2025-05-01,0oHH9pt7O822uyspUQW0NW,"EMI",9A,GBUM71100522
262,"Without Me","Halsey",85,136,"","","Manic",2020-01-17,03:21,75,49,29,0,53,0,0,-7,F#/G♭,4,2025-05-01,6FZDfxM3a3UCqtzo5pxSLZ,"Capitol Records",2B,USUM71813499
263,"The Way I Am","Eminem",76,87,"rap, hip hop","Hip Hop","The Marshall Mathers LP",2000-05-23,04:50,79,87,14,0,32,20,30,-3,E minor,4,2025-05-01,23wfXwnsPZYe5A1xXRHb3J,"Interscope",9A,USIR10000589
264,"Homecoming","Kanye West,Chris Martin",83,87,"rap, ","Hip Hop","Graduation",2007-09-11,03:23,67,75,34,0,92,10,10,-7,C♯/D♭,4,2025-05-01,4iz9lGMjU1lXS51oPmUmTe,"Roc-A-Fella",3B,USUM70749093
265,"Barry Bonds","Kanye West,Lil Wayne",64,165,"rap, hip hop","Hip Hop","Graduation",2007-09-11,03:24,48,62,4,0,71,30,30,-6,C♯/D♭,4,2025-05-01,7387VaiHpOsSIZ5nmjseya,"Roc-A-Fella",3B,USUM70749091
266,"Harder, Better, Faster, Stronger","Daft Punk",75,123,"french house, electronic, electro","Electronic","Discovery",2001-03-12,03:46,82,72,4,0,69,10,30,-9,F#/G♭ minor,4,2025-05-01,5W3cjX2J3tjhG8zb6u0qHn,"Daft Life Ltd./ADA France",11A,GBDUW0000059
267,"Count Me Out","Kendrick Lamar",80,134,"hip hop, west coast hip hop","Hip Hop","Mr. Morale & The Big Steppers",2022-05-13,04:43,78,43,67,0,50,0,10,-8,E minor,4,2025-05-01,6BU1RZexmvJcBjgagVVt3M,"pgLang/Top Dawg Entertainment/Aftermath/Interscope Records",9A,USUM72208980
268,"Good Night","Kanye West,Mos Def,Albe Back",64,89,"rap, east coast hip hop, hip hop, spoken word","Hip Hop, Easy Listening","Graduation",2007-09-11,03:05,70,53,18,0,69,20,10,-11,B minor,4,2025-05-01,3bhyo2ED5Yd4RLydQBDtD6,"Roc-A-Fella",10A,USUM70749130
269,"Big Brother","Kanye West",65,78,"rap","Hip Hop","Graduation",2007-09-11,04:47,51,74,21,0,30,20,0,-6,B minor,4,2025-05-01,2L47m9erkB5KBZcaqWtYen,"Roc-A-Fella",10A,USUM70749099
270,"Everything I Am","Kanye West,DJ Premier",77,80,"rap, east coast hip hop","Hip Hop","Graduation",2007-09-11,03:47,63,62,47,0,77,20,10,-7,G#/A♭,4,2025-05-01,0NrtwAmRAdLxua31SzHvXr,"Roc-A-Fella",4B,USUM70749106
271,"Flashing Lights","Kanye West,Dwele",87,90,"rap, neo soul, smooth r&b","R&B, Hip Hop","Graduation",2007-09-11,03:57,64,63,4,0,43,0,30,-8,F#/G♭ minor,4,2025-05-01,5TRPicyLGbAF2LGBFbHGvO,"Roc-A-Fella",11A,USUM70749095
272,"Can't Tell Me Nothing","Kanye West",83,80,"rap","Hip Hop","Graduation",2007-09-11,04:31,59,62,1,0,11,0,80,-6,F minor,4,2025-05-01,0mEdbdeRFQwBhN4xfyIeUM,"Roc-A-Fella",4A,USUM70739239
273,"Stronger","Kanye West",83,104,"rap","Hip Hop","Graduation",2007-09-11,05:11,62,72,1,0,50,10,40,-8,C♯/D♭,4,2025-05-01,0j2T0R9dR9qdJYsB7ciXhf,"Roc-A-Fella",3B,USUM70741299
274,"Champion","Kanye West",76,102,"rap","Hip Hop","Graduation",2007-09-11,02:47,71,50,0,0,73,20,70,-8,F#/G♭,4,2025-05-01,4UQMOPSUVJVicIQzjAcRRZ,"Roc-A-Fella",2B,USUM70749083
275,"Marry Me","Jason Derulo",45,105,"","","Tattoos (Deluxe Edition)",2013-09-10,03:45,57,63,3,0,23,0,10,-6,G,4,2025-05-01,7yxNIKwbgYlqWgBYeEtFXN,"Beluga Heights/Warner Records",9B,USWB11303186
276,"On Sight","Kanye West",75,102,"rap","Hip Hop","Yeezus",2013-06-18,02:36,61,47,49,0,52,30,20,-3,A minor,4,2025-05-01,1gqkRc9WtOpnGIqxf2Hvzr,"Rock The World/IDJ/Kanye/LP6",8A,USUM71307527
277,"Swalla (feat. Nicki Minaj & Ty Dolla $ign)","Jason Derulo,Nicki Minaj,Ty Dolla $ign",70,98,"","","Nu King",2024-02-16,03:36,69,79,15,0,75,10,20,-5,C♯/D♭,4,2025-05-01,58w5J5yNWeGZ7a4cM1rO7Y,"Atlantic Records",3B,USWB11700237
278,"Want to Want Me","Jason Derulo",47,114,"","","Everything Is 4",2015-06-01,03:27,78,68,1,0,66,0,10,-6,C minor,4,2025-05-01,6zKrj4SomgfbvsfuTAuElE,"Beluga Heights/Warner Records",5A,USWB11503046
279,"Get Ugly","Jason Derulo",36,111,"","","Everything Is 4",2015-06-01,03:20,75,70,5,0,55,10,30,-5,A minor,4,2025-05-01,7JR6z6tS1eWQNbh7QRXLLT,"Beluga Heights/Warner Records",8A,USWB11504037
280,"Talk Dirty (feat. 2 Chainz)","Jason Derulo,2 Chainz",61,100,"southern hip hop, rap","Hip Hop","Tattoos (Deluxe Edition)",2013-09-10,02:57,76,65,3,0,76,20,30,-7,F#/G♭,4,2025-05-01,31JwK4iHCf75rnQWoMPU5t,"Beluga Heights/Warner Records",2B,USWB11302648
281,"Wiggle (feat. Snoop Dogg)","Jason Derulo,Snoop Dogg",67,82,"g-funk, west coast hip hop, gangster rap, hip hop, rap","Hip Hop, R&B","Tattoos (Deluxe Edition)",2013-09-10,03:13,70,62,8,0,72,20,10,-7,A minor,4,2025-05-01,4B4zDmbHdkXZ1wUJv1yKFy,"Beluga Heights/Warner Records",8A,USWB11400672
282,"Trumpets","Jason Derulo",57,82,"","","Tattoos (Deluxe Edition)",2013-09-10,03:37,63,70,56,0,64,20,10,-5,C,4,2025-05-01,1QdpGjYp035BXJB7qPAzl9,"Beluga Heights/Warner Records",8B,USWB11303249
283,"In My Head","Jason Derulo",70,110,"","","Jason Derulo (International)",2010-02-26,03:19,76,75,3,0,85,0,30,-4,C minor,4,2025-05-01,6St9lR6dhV2tpCNVz7qfrS,"Beluga Heights/Warner Records",5A,USWB10904633
284,"Coming Home","Diddy - Dirty Money,Skylar Grey",68,168,"","","Last Train To Paris",2010-01-01,03:58,39,84,16,0,23,10,30,-2,G,4,2025-05-01,6Iocm6VMu6bVNYwiDoyQFW,"Bad Boy / Interscope",9B,USUM71027542
285,"Under The Influence","Chris Brown",86,117,"r&b","R&B","Indigo (Extended)",2019-10-04,03:04,76,56,2,0,37,0,10,-9,A minor,4,2025-05-01,5IgjP7X4th6nMNDh4akUHb,"Chris Brown Entertainment/RCA Records",8A,USRC11902743
286,"Yeah! (feat. Lil Jon & Ludacris)","USHER,Lil Jon,Ludacris",88,105,"r&b, crunk, southern hip hop","Hip Hop, R&B","Confessions (Expanded Edition)",2004-03-23,04:10,89,79,2,0,58,10,0,-5,D,4,2025-05-01,5rb9QrpfcKFHM1EUbSIurX,"LaFace Records",10B,USAR10301423
287,"Loyal (feat. Lil Wayne & Tyga)","Chris Brown,Lil Wayne,Tyga",79,99,"r&b, rap, hip hop, ","Hip Hop, R&B","X (Expanded Edition)",2014-09-16,04:24,84,52,2,0,62,0,10,-6,A#/B♭ minor,4,2025-05-01,5BrTUo0xP1wKXLJWUaGFtk,"RCA Records Label",3A,USRC11400614
288,"New Flame (feat. Usher & Rick Ross)","Chris Brown,USHER,Rick Ross",75,142,"r&b, southern hip hop","R&B, Hip Hop","X (Expanded Edition)",2014-09-16,04:04,70,63,5,0,45,0,10,-4,C♯/D♭,4,2025-05-01,3fBbfrWZUuWWrMQXFISr7N,"RCA Records Label",3B,USRC11401422
289,"Turn Up the Music","Chris Brown",67,130,"r&b","R&B","Fortune (Expanded Edition)",2012-07-03,03:47,59,84,0,0,64,10,10,-6,C♯/D♭,4,2025-05-01,1RMRkCn07y2xtBip9DzwmC,"RCA Records Label",3B,USRC11200099
290,"With You","Chris Brown",81,86,"r&b","R&B","Exclusive (Expanded Edition)",2007-11-06,04:12,66,69,13,0,66,0,10,-4,D#/E♭,4,2025-05-01,5Lgcn7u07bHuqbOtXkN62u,"Jive",5B,USJI10700711
291,"Ridin' Solo","Jason Derulo",70,89,"","","Jason Derulo (International)",2010-02-26,03:35,44,83,13,0,58,10,10,-4,A,4,2025-05-01,6OEolOOk9Gh9bqkdpfIOl0,"Beluga Heights/Warner Records",11B,USWB10905329
292,"Kiss Kiss (feat. T-Pain)","Chris Brown,T-Pain",78,140,"r&b, ","R&B","Exclusive (Expanded Edition)",2007-11-06,04:10,73,66,5,0,55,20,0,-3,A#/B♭ minor,3,2025-05-01,3wKKkGVn7cVSfgPeYYIiXG,"Jive",3A,USJI10700577
293,"Wall To Wall","Chris Brown",68,188,"r&b","R&B","Exclusive (Expanded Edition)",2007-11-06,03:43,60,54,0,0,58,10,10,-7,G minor,4,2025-05-01,5Zu4UO0QlderRYNPFkbJeO,"Jive",6A,USJI10700418
294,"Sundress","A$AP Rocky",86,125,"rap","Hip Hop","Sundress",2018-11-20,02:38,72,71,18,0,74,0,10,-6,F#/G♭,4,2025-05-01,2aPTvyE09vUCRwVvj0I8WK,"A$AP Worldwide/Polo Grounds Music/RCA Records",2B,USRC11803252
295,"Al Tobah","Jadal",44,127,"arabic rap","Hip Hop","Arabic Rocks",2009-08-08,05:09,54,76,27,0,48,0,20,-3,E minor,4,2025-05-01,6Wz3J58zXfhNfn0K0mmN5s,"JadaL",9A,JOA020901215
296,"Basement Freestyle","Travis Scott",58,134,"rap","Hip Hop","DAYS BEFORE RODEO",2014-08-18,04:04,75,84,6,0,67,0,10,-4,F#/G♭ minor,4,2025-05-01,0I3MkBTrKeKulwuSSLEJGN,"Cactus Jack/Epic",11A,USSM12306320
297,"Grey","Travis Scott",60,140,"rap","Hip Hop","DAYS BEFORE RODEO",2014-08-18,03:39,59,58,14,0,60,20,40,-8,F#/G♭,4,2025-05-01,2UICNcwQNzeuirpkWIaRuF,"Cactus Jack/Epic",2B,USSM12306322
298,"Sloppy Toppy (feat. Migos & Peewee Longway)","Travis Scott,Migos,Peewee Longway",59,125,"rap, trap, ","Hip Hop","DAYS BEFORE RODEO",2014-08-18,04:34,76,68,13,0,33,0,30,-3,G#/A♭,4,2025-05-01,1OLABkcTvWfXE2xs5Yb2Ex,"Cactus Jack/Epic",4B,USSM12306319
299,"Skyfall (feat. Young Thug)","Travis Scott,Young Thug",63,98,"rap, melodic rap, trap","Hip Hop","DAYS BEFORE RODEO",2014-08-18,05:14,62,73,10,0,25,10,20,-6,B minor,4,2025-05-01,5s6ToF2Jl5GGuBh3Wj9qnT,"Cactus Jack/Epic",10A,USSM12306317
300,"Don't Play (feat. The 1975 & Big Sean)","Travis Scott,The 1975,Big Sean",64,128,"rap, ","Hip Hop","DAYS BEFORE RODEO",2014-08-18,04:45,66,74,0,0,11,0,10,-5,C,4,2025-05-01,1qXQmENykriAHunVaZc6FW,"Cactus Jack/Epic",8B,USSM11405561
301,"Days Before Rodeo: The Prayer","Travis Scott",62,83,"rap","Hip Hop","DAYS BEFORE RODEO",2014-08-18,03:20,45,57,11,0,14,0,10,-5,G,4,2025-05-01,6TQwgRWmnovDECDrHVOxlY,"Cactus Jack/Epic",9B,USSM12306314
302,"Drugs You Should Try It","Travis Scott",75,140,"rap","Hip Hop","DAYS BEFORE RODEO",2014-08-18,03:28,59,56,53,0,7,0,10,-8,C♯/D♭ minor,4,2025-05-01,4b7vk8SRcYgnxpk0JOIS7r,"Cactus Jack/Epic",12A,USSM12306316
303,"Overdue (with Travis Scott)","Metro Boomin,Travis Scott",78,150,"rap","Hip Hop","NOT ALL HEROES WEAR CAPES (Deluxe)",2018-11-06,02:46,63,40,73,0,49,0,30,-11,B minor,4,2025-05-01,6LyAwkJsHlW7RQ8S1cYAtM,"Republic Records",10A,USUG11802479
304,"Little Thought","Faraj Suleiman",35,179,"arabic rap","Hip Hop","Upright Biano",2023-03-01,02:16,42,15,97,0,49,0,10,-14,A minor,4,2025-05-01,04s1JeNc6ugz6xWi8utqXK,"Faraj Suleiman",8A,uscgh2390835
305,"Fly Shit Only","Future",59,110,"rap","Hip Hop","EVOL",2016-04-13,03:32,69,73,43,0,42,0,30,-6,D,4,2025-05-01,1ANYHWUz5NqPu2EBALGK9Z,"Epic/Freebandz/A1",10B,USSM11600558
306,"Or Nah (feat. The Weeknd, Wiz Khalifa & DJ Mustard) - Remix","Ty Dolla $ign,The Weeknd,Wiz Khalifa,Mustard",82,122,"rap, ","Hip Hop","Or Nah (feat. The Weeknd, Wiz Khalifa & DJ Mustard) [Remix]",2014-06-10,04:02,81,33,22,0,21,10,10,-9,C♯/D♭ minor,4,2025-05-01,7t2bFihaDvhIrd2gn2CWJO,"Atlantic Records",12A,USAT21401391
307,"Von dutch","Charli xcx",84,130,"hyperpop, art pop","Pop, Electronic","BRAT",2024-06-07,02:44,71,70,0,0,65,0,10,-6,A#/B♭,4,2025-05-01,3Y1EvIgEVw51XtgNEgpz5c,"Atlantic Records",6B,USAT22313737
308,"Talk talk","Charli xcx",71,130,"hyperpop, art pop","Pop, Electronic","BRAT",2024-06-07,02:41,58,89,5,0,64,20,10,-6,C minor,3,2025-05-01,62fqMvguJbsSs9HKhhRfuS,"Atlantic Records",5A,USAT22401345
309,"SKY CITY","¥$,Kanye West,Ty Dolla $ign",58,79,"rap, ","Hip Hop","VULTURES 2",2024-08-03,04:22,68,54,58,0,57,10,10,-6,D,4,2025-05-01,7a0tTD7xdvKsNcJfMIDWp4,"YZY",10B,TLVEM2467079
310,"RIVER","¥$,Kanye West,Ty Dolla $ign",64,132,"rap, ","Hip Hop","VULTURES 2",2024-08-03,03:34,73,45,10,0,18,10,10,-9,C♯/D♭,4,2025-05-01,5RzSnxqTx4vYEp9re5E0ud,"YZY",3B,TLVEM2467075
311,"530","¥$,Kanye West,Ty Dolla $ign",69,80,"rap, ","Hip Hop","VULTURES 2",2024-08-03,04:48,64,56,18,0,30,0,30,-6,B minor,4,2025-05-01,2tPNj9sUt3FbjEUqBzZazv,"YZY",10A,TLVEM2467076
312,"SLIDE","¥$,Kanye West,Ty Dolla $ign",62,108,"rap, ","Hip Hop","VULTURES 2",2024-08-03,03:17,75,80,3,0,44,0,10,-6,A#/B♭ minor,4,2025-05-01,5MGMXOhVvwzCjFgdQsFokR,"YZY",3A,TLVEM2467039
313,"TIME MOVING SLOW","¥$,Kanye West,Ty Dolla $ign",59,121,"rap, ","Hip Hop","VULTURES 2",2024-08-03,02:39,78,61,18,0,26,20,20,-8,E minor,4,2025-05-01,0JgassGI6jNxpX82jGpcuJ,"YZY",9A,TLVEM2467066
314,"FIELD TRIP","¥$,Kanye West,Ty Dolla $ign",77,122,"rap, ","Hip Hop","VULTURES 2",2024-08-03,02:43,73,69,5,0,46,10,0,-5,B minor,4,2025-05-01,7vv89PswQvqGKCGJ1rw5on,"YZY",10A,TLVEM2467067
315,"GABOLNA HKOMA","ZIAD ZAZA,ZIEN4L",51,94,"egyptian hip hop, arabic rap, mahraganat, egyptian pop","Hip Hop, Pop, Electronic","525",2024-05-25,02:03,60,79,25,0,47,20,20,-4,F#/G♭ minor,4,2025-05-01,339xW7VUrZEtBpvc4wSlqg,"Global",11A,EGA010561328
316,"SAM3 AKHINA","ZIAD ZAZA",48,135,"egyptian hip hop, arabic rap, mahraganat, egyptian pop","Hip Hop, Pop, Electronic","ZAZA ELWASEEM",2023-07-31,02:08,64,64,13,0,12,0,20,-8,C♯/D♭,4,2025-05-01,55mj9EYItGVGjrvyiY9rlw,"Global",3B,EGA010556737
317,"Sawwah","Ilmond",48,135,"egyptian hip hop, arabic rap, egyptian pop, mahraganat","Hip Hop, Pop, Electronic","Ya Kahera",2023-07-20,02:25,92,80,37,0,88,20,20,-5,A,4,2025-05-01,31JYV5sFjvDwye4tLtsPVi,"Muhab",11B,EGA1K2302338
318,"FIELD TRIP","¥$,Kanye West,Ty Dolla $ign",5,122,"rap, ","Hip Hop","VULTURES 2",2024-08-03,02:47,72,68,5,0,40,10,0,-5,B,4,2025-05-01,106vWgOc5xlj05wewZ2V4u,"YZY",1B,TLVEM2467067
319,"She Belongs to Me","Bob Dylan",53,112,"folk rock, folk, singer-songwriter, roots rock, country rock","Country, Rock, Folk","Bringing It All Back Home",1965-03-22,02:46,73,38,70,0,64,0,10,-14,A,4,2025-05-01,2itBkHBUxGl4VfDj4HNyoD,"Columbia",11B,USSM19922510
320,"THE GREATEST","Billie Eilish",86,128,"","","HIT ME HARD AND SOFT",2024-05-17,04:53,41,19,64,0,16,0,20,-11,G,4,2025-05-01,6TGd66r0nlPaYm3KIoI7ET,"Darkroom/Interscope Records",9B,USUM72401992
321,"Bayent El Hob Alaya","Mayada El Hennawy",56,98,"egyptian pop, khaleeji","Pop","Bayent El Hob Alaya",1994-12-31,04:10,74,55,49,0,78,0,50,-12,A minor,4,2025-05-01,0snvr4oA4bWIRqkXXpm68K,"Global",8A,EGA020502535
322,"360","Charli xcx",83,120,"hyperpop, art pop","Pop, Electronic","BRAT",2024-06-07,02:13,86,62,65,24,80,0,0,-8,C,4,2025-05-01,4w2GLmK2wnioVnb5CPQeex,"Atlantic Records",8B,USAT22401341
323,"MILLION DOLLAR BABY","Tommy Richman",88,138,"","","MILLION DOLLAR BABY",2024-04-26,02:35,85,70,10,0,92,0,0,-6,C♯/D♭ minor,4,2025-05-01,5AJ9hqTS2wcFQCELCFRO7A,"PULSE Records",12A,QM24S2402528
324,"Siret Al Hob","George Wassouf",24,105,"khaleeji, egyptian pop","Pop","Sings Oum Kalsoum Vol 2",1996-01-01,14:25,34,41,83,0,28,0,30,-11,C minor,4,2025-05-01,26URcWnmIHBLR4kExiqjUZ,"EMI MUSIC ARABIA",5A,AEA040700559
325,"El Kilmah El Taibah","George Wassouf",38,95,"khaleeji, egyptian pop","Pop","Laiel El Ashekin",1995-01-01,08:14,68,60,48,0,65,0,30,-10,C♯/D♭,4,2025-05-01,1fQMwkNHoaehl2VKp9NxYj,"EMI MUSIC ARABIA",3B,AEAB29500127
326,"On Saturday Afternoons in 1963","Rickie Lee Jones",38,83,"singer-songwriter","Folk","Rickie Lee Jones",1979-03-02,02:31,32,7,94,0,24,0,0,-17,D,4,2025-05-01,6PT4eFe20wZ2mi5jB3wKrD,"Warner Records",10B,USWB19903491
327,"Ayni Aleyk","Georges Al Rassi",10,168,"khaleeji","Pop","Wala Yomken",2001-01-05,05:12,48,69,26,0,52,0,30,-5,C minor,4,2025-05-01,7iz5vM02aWM3yLy1ONL04v,"Lord Sound",5A,FR96X1800383
328,"Khalles Tarak","Saber Al Ribaii",11,77,"","","Khalles Tarak",2001-01-01,05:19,52,64,51,0,54,20,0,-9,C minor,4,2025-05-01,7cPjZ5GGxteSoUuxThBtK9,"Mega Star",5A,FR96X1984380
329,"WILDFLOWER","Billie Eilish",96,148,"","","HIT ME HARD AND SOFT",2024-05-17,04:21,47,25,61,0,13,0,10,-12,F#/G♭ minor,4,2025-05-01,3QaPy1KgI7nu9FJEQUgn6h,"Darkroom/Interscope Records",11A,USUM72401993
330,"BLUE","Billie Eilish",85,142,"","","HIT ME HARD AND SOFT",2024-05-17,05:43,35,34,29,17,4,0,10,-11,G,4,2025-05-01,2prqm9sPLj10B4Wg0wE5x9,"Darkroom/Interscope Records",9B,USUM72401996
331,"BITTERSUITE","Billie Eilish",80,125,"","","HIT ME HARD AND SOFT",2024-05-17,04:58,52,25,82,88,15,0,10,-14,A minor,4,2025-05-01,7DpUoxGSdlDHfqCYj0otzU,"Darkroom/Interscope Records",8A,USUM72401987
332,"THE DINER","Billie Eilish",81,125,"","","HIT ME HARD AND SOFT",2024-05-17,03:06,86,39,24,9,66,10,10,-10,C♯/D♭,4,2025-05-01,1LLUoftvmTjVNBHZoQyveF,"Darkroom/Interscope Records",3B,USUM72401989
333,"CHIHIRO","Billie Eilish",91,110,"","","HIT ME HARD AND SOFT",2024-05-17,05:03,70,43,14,88,52,0,0,-13,G,4,2025-05-01,7BRD7x5pt8Lqa1eGYC4dzj,"Darkroom/Interscope Records",9B,USUM72401988
334,"Not Like Us","Kendrick Lamar",95,101,"hip hop, west coast hip hop","Hip Hop","Not Like Us",2024-05-04,04:34,90,47,1,0,21,0,10,-7,C♯/D♭,4,2025-05-01,6AI3ezQ4o3HUoP6Dhudph3,"Kendrick Lamar, under exclusive license to Interscope Records",3B,USUG12400910
335,"Cruisin' (feat. Yeat)","Childish Gambino,Yeat",53,84,"rage rap","Hip Hop","Bando Stone and The New World",2024-07-19,03:58,37,46,18,0,67,30,20,-8,C minor,3,2025-05-01,1CJO1NdPdtnkJBrEx6As65,"Wolf+Rothstein/RCA Records",5A,USRC12402299
336,"No Excuses (feat. Ludwig Göransson & Kamasi Washington)","Childish Gambino,Ludwig Göransson,Kamasi Washington",53,105,"soundtrack, jazz, nu jazz","Jazz, Electronic, Classical, Easy Listening","Bando Stone and The New World",2024-07-19,07:23,69,57,2,27,8,0,10,-11,D minor,4,2025-05-01,61wsDs3Dbb11h1m2tw9eMZ,"Wolf+Rothstein/RCA Records",7A,USRC12402303
337,"In The Night (feat. Jorja Smith & Amaarae)","Childish Gambino,Jorja Smith,Amaarae",61,96,"alté, afrobeats","R&B, Traditional Music, Electronic, Hip Hop","Bando Stone and The New World",2024-07-19,03:49,69,59,5,17,36,0,10,-10,F,4,2025-05-01,11bJ1ws3dathgY9uzADUhL,"Wolf+Rothstein/RCA Records",7B,USRC12402186
338,"Yoshinoya","Childish Gambino",55,164,"","","Bando Stone and The New World",2024-07-19,03:22,42,84,7,0,61,50,40,-10,A#/B♭ minor,4,2025-05-01,2pNYM3OcS7WdCW13TuhMeK,"Wolf+Rothstein/RCA Records",3A,USRC12402300
339,"Real Love","Childish Gambino",55,128,"","","Bando Stone and The New World",2024-07-19,02:17,73,83,12,0,65,0,30,-8,C,4,2025-05-01,17L09JJ5W7F5ou68mcAeMJ,"Wolf+Rothstein/RCA Records",8B,USRC12402301
340,"Steps Beach","Childish Gambino",58,100,"","","Bando Stone and The New World",2024-07-19,03:48,65,40,62,0,36,0,40,-10,B minor,4,2025-05-01,4lovbNtAeIxtXWy9bwEsQk,"Wolf+Rothstein/RCA Records",10A,USRC12402298
341,"Back Home (feat. Mos Def, Acyde & Yams)","A$AP Rocky,Mos Def,Acyde,Yams",19,115,"rap, east coast hip hop, hip hop, ","Hip Hop","AT.LONG.LAST.A$AP",2015-05-26,04:38,41,89,17,0,7,30,10,-9,F#/G♭,4,2025-05-01,4aQBFJy4GNpDgyRPpnma0P,"A$AP Worldwide/Polo Grounds Music/RCA Records",2B,USRC11500814
342,"Everyday (feat. Rod Stewart, Miguel & Mark Ronson)","A$AP Rocky,Rod Stewart,Miguel,Mark Ronson",45,150,"rap, soft rock, r&b, ","R&B, Hip Hop, Rock","AT.LONG.LAST.A$AP",2015-05-26,04:21,40,66,1,0,33,20,40,-8,C♯/D♭ minor,4,2025-05-01,3LsKaCwIuiWcPxTOSZApmE,"A$AP Worldwide/Polo Grounds Music/RCA Records",12A,USRC11500812
343,"In The Night (feat. Jorja Smith & Amaarae)","Childish Gambino,Jorja Smith,Amaarae",50,96,"alté, afrobeats","R&B, Traditional Music, Electronic, Hip Hop","In The Night (feat. Jorja Smith & Amaarae)",2024-07-16,03:49,69,59,5,15,37,0,10,-10,F,4,2025-05-01,5CB3aajC1otFwEzw4waZNc,"Wolf+Rothstein/RCA Records",7B,USRC12402186
344,"Shoulders","Men I Trust",45,170,"bedroom pop, indie pop","Pop, Rock","Untourable Album",2021-08-25,03:26,58,34,92,78,36,0,20,-15,D minor,3,2025-05-01,2Ef5PbCqzsxCzwvbWXGVgm,"Independent",7A,TCAFR2123409
345,"A Cycle (2021)","Men I Trust",42,142,"bedroom pop, indie pop","Pop, Rock","Untourable Album",2021-08-25,04:03,79,23,49,84,32,0,10,-13,F#/G♭ minor,4,2025-05-01,42buX2XOhewez203WitfTU,"Independent",11A,TCAFR2124484
346,"Tree Among Shrubs","Men I Trust",67,77,"bedroom pop, indie pop","Pop, Rock","Untourable Album",2021-08-25,03:08,71,44,66,80,85,0,10,-12,B minor,4,2025-05-01,2JKtCvtxP47fOMYi0BjMoY,"Independent",10A,TCAFR2123374
347,"Sorbitol","Men I Trust",53,130,"bedroom pop, indie pop","Pop, Rock","Untourable Album",2021-08-25,02:58,80,24,77,79,37,0,10,-15,F#/G♭ minor,4,2025-05-01,4t72l2Am8zASB3gVLtcAAg,"Independent",11A,TCAFR2123373
348,"Oh Dove","Men I Trust",56,178,"bedroom pop, indie pop","Pop, Rock","Untourable Album",2021-08-25,03:16,72,32,58,83,60,0,0,-13,F#/G♭ minor,4,2025-05-01,5uYKRngGNqiMHrpF2Gb1uA,"Independent",11A,TCAFR2123369
349,"Show Me How","Men I Trust",83,166,"bedroom pop, indie pop","Pop, Rock","Show Me How",2018-02-28,03:35,79,27,67,54,56,0,10,-12,F,4,2025-05-01,75IQVo8hqI1iwVZyvkN2VT,"Indie",7B,TCADM1873570
350,"redrum","21 Savage",84,172,"","","american dream",2024-01-12,04:30,63,73,1,0,24,0,30,-9,D,4,2025-05-01,52eIcoLUM25zbQupAZYoFh,"Slaughter Gang, LLC/Epic Records",10B,USSM12309164
351,"M'$ (feat. Lil Wayne)","A$AP Rocky,Lil Wayne",25,116,"rap, hip hop","Hip Hop","AT.LONG.LAST.A$AP",2015-05-26,03:53,76,59,0,0,19,30,20,-7,A#/B♭ minor,4,2025-05-01,7HeFwdi6XZRpUX3ZFsPMha,"A$AP Worldwide/Polo Grounds Music/RCA Records",3A,USRC11500910
352,"Wavybone (feat. Juicy J & UGK)","A$AP Rocky,Juicy J,UGK",24,150,"rap, memphis rap, crunk, southern hip hop","Hip Hop","AT.LONG.LAST.A$AP",2015-05-26,05:02,70,64,1,0,37,30,10,-9,D minor,4,2025-05-01,1Y367QTFBp28NON0iaegIX,"A$AP Worldwide/Polo Grounds Music/RCA Records",7A,USRC11500804
353,"Max B (feat. Joe Fox)","A$AP Rocky,Joe Fox",20,76,"rap, ","Hip Hop","AT.LONG.LAST.A$AP",2015-05-26,04:01,49,42,52,0,30,20,50,-10,F,4,2025-05-01,5OqMyn064ZbaeP0pZZvrWB,"A$AP Worldwide/Polo Grounds Music/RCA Records",7B,USRC11500800
354,"Electric Body (feat. ScHoolboy Q)","A$AP Rocky,ScHoolboy Q",27,120,"rap, ","Hip Hop","AT.LONG.LAST.A$AP",2015-05-26,04:15,90,59,43,1,47,0,0,-7,D,4,2025-05-01,2U7oXAJLPFNtAGYFYFLI7x,"A$AP Worldwide/Polo Grounds Music/RCA Records",10B,USRC11500796
355,"Excuse Me","A$AP Rocky",29,122,"rap","Hip Hop","AT.LONG.LAST.A$AP",2015-05-26,03:57,65,71,27,0,34,0,10,-8,G#/A♭,4,2025-05-01,4h5D7PC5WibBbYKzilLHb3,"A$AP Worldwide/Polo Grounds Music/RCA Records",4B,USRC11500792
356,"L$D","A$AP Rocky",37,120,"rap","Hip Hop","AT.LONG.LAST.A$AP",2015-05-26,03:58,56,25,21,21,4,0,10,-15,D,4,2025-05-01,4r28iBy4MUqkCpRjj7NU1W,"A$AP Worldwide/Polo Grounds Music/RCA Records",10B,USRC11500790
357,"Hercules","Young Thug",55,147,"rap, melodic rap, trap","Hip Hop","I'm Up",2016-02-05,04:40,74,56,3,0,43,10,10,-6,F,4,2025-05-01,5MD2QLnFM2ChpKAh33z0zr,"300 Entertainment/Atl",7B,USAT21600458
358,"يحكى أن (Youhka Ana) [1]","Eskenderella",12,75,"","","Safha Gedeeda",2014-03-30,05:18,40,24,67,0,14,10,10,-14,D minor,3,2025-05-01,1xo0E3nOBf05B2HwwvqgvR,"Dj Recording",7A,uscgj1480598
359,"A Lannister Always Pays His Debts","Ramin Djawadi",62,86,"soundtrack","Classical, Easy Listening","Game Of Thrones: Season 3 (Music from the HBO Series)",2013-06-04,02:50,29,29,55,95,10,0,10,-17,D minor,4,2025-05-01,1vPEPhmGDnp8RR6GCBozaa,"WaterTower Music",7A,USNLR1300355
360,"Light of the Seven","Ramin Djawadi",60,120,"soundtrack","Classical, Easy Listening","Game of Thrones (Music from the HBO® Series - Season 6)",2016-06-24,09:49,27,10,90,72,6,0,20,-17,C minor,4,2025-05-01,6iLzFJhs4ATwJn7P1utZIJ,"Sony Classical",5A,USNLR1600338
361,"Lithonia","Childish Gambino",63,140,"","","Lithonia",2024-07-02,02:59,42,38,9,0,17,0,10,-8,C♯/D♭,4,2025-05-01,4JfpJrrGNXRj2yXm1fYV23,"Wolf+Rothstein/RCA Records",3B,USRC12402124
362,"Konty 2olely","Mohammed Saeed",6,140,"egyptian pop, arabic rap, egyptian hip hop, mahraganat","Hip Hop, Pop, Electronic","Konty 2olely",2021-11-30,02:49,66,24,94,8,37,10,10,-15,F minor,4,2025-05-01,2BMlZ6PzoAU90qm8yIGWMK,"Global",4A,EGA010559728
363,"Fe Einy","Mohammed Saeed",56,124,"egyptian pop, arabic rap, egyptian hip hop, mahraganat","Hip Hop, Pop, Electronic","Fe Einy",2023-01-30,03:08,83,25,94,0,50,0,0,-15,F#/G♭,4,2025-05-01,2TyixRw1j8Ojuh29akRROH,"Modissa - Mohammed Saeed",2B,QZ4UU2300020
364,"Hurt You","The Weeknd,Gesaffelstein",73,184,"","","My Dear Melancholy,",2018-03-30,03:50,48,72,26,0,36,10,10,-7,F minor,4,2025-05-01,6QdnKD1zwEgyOWtkrdzlOF,"Universal Republic Records",4A,USUG11800566
365,"I Was Never There","The Weeknd,Gesaffelstein",85,113,"","","My Dear Melancholy,",2018-03-30,04:01,32,74,14,0,16,0,10,-4,A#/B♭,4,2025-05-01,1cKHdTo9u0ZymJdPGSh6nq,"Universal Republic Records",6B,USUG11800570
366,"Wasted Times","The Weeknd",69,123,"","","My Dear Melancholy,",2018-03-30,03:40,55,68,61,0,29,0,10,-6,A#/B♭ minor,4,2025-05-01,7DKS0rX27cCEPsK0R6tFWS,"Universal Republic Records",3A,USUG11800564
367,"Try Me","The Weeknd",71,92,"","","My Dear Melancholy,",2018-03-30,03:41,45,68,60,0,11,0,10,-6,G#/A♭ minor,4,2025-05-01,4ppTAJUbNXELZcoUaL90wo,"Universal Republic Records",1A,USUG11800562
368,"Holy Ghost (feat. Joe Fox)","A$AP Rocky,Joe Fox",30,153,"rap, ","Hip Hop","AT.LONG.LAST.A$AP",2015-05-26,03:11,50,79,12,0,32,20,30,-7,A#/B♭ minor,4,2025-05-01,3VfDelUlMwIQtq3MYJ2Hpi,"A$AP Worldwide/Polo Grounds Music/RCA Records",3A,USRC11500784
369,"Tony Tone","A$AP Rocky",57,70,"rap","Hip Hop","TESTING",2018-05-25,03:28,51,78,14,0,33,20,0,-4,C♯/D♭,4,2025-05-01,52eYVUkFTOVozbVFIaFrnV,"A$AP Worldwide/Polo Grounds Music/RCA Records",3B,USRC11801924
370,"A$AP Forever REMIX (feat. Moby, T.I. & Kid Cudi)","A$AP Rocky,Moby,T.I.,Kid Cudi",63,126,"rap, downtempo, trip hop, southern hip hop, ","Electronic, Hip Hop","TESTING",2018-05-25,05:15,43,75,30,0,39,10,10,-6,F minor,4,2025-05-01,3oHkMCVJyOcjg5FhfLc2Rq,"A$AP Worldwide/Polo Grounds Music/RCA Records",4A,USRC11802276
371,"Kids Turned Out Fine","A$AP Rocky",58,165,"rap","Hip Hop","TESTING",2018-05-25,03:03,30,67,28,0,13,20,30,-9,C♯/D♭,5,2025-05-01,0qp8MuZNKelOGTK2HPlXBA,"A$AP Worldwide/Polo Grounds Music/RCA Records",3B,USRC11801928
372,"OG Beeper","A$AP Rocky",54,146,"rap","Hip Hop","TESTING",2018-05-25,02:35,91,48,12,0,31,40,30,-5,D,4,2025-05-01,5TX0mfUkpGlU6j2xa00ERx,"A$AP Worldwide/Polo Grounds Music/RCA Records",10B,USRC11801938
373,"Praise The Lord (Da Shine) (feat. Skepta)","A$AP Rocky,Skepta",84,80,"rap, grime","Electronic, Hip Hop","TESTING",2018-05-25,03:25,85,57,6,8,29,10,10,-8,F minor,4,2025-05-01,7ycWLEP1GsNjVvcjawXz3z,"A$AP Worldwide/Polo Grounds Music/RCA Records",4A,USRC11800930
374,"Fukk Sleep (feat. FKA twigs)","A$AP Rocky,FKA twigs",69,136,"rap, art pop, alternative r&b","Pop, R&B, Hip Hop","TESTING",2018-05-25,03:12,80,41,44,0,30,30,20,-9,D,4,2025-05-01,1AqemxWsT0iGg5Lvkm16Bt,"A$AP Worldwide/Polo Grounds Music/RCA Records",10B,USRC11801926
375,"End of Beginning","Djo",91,160,"psychedelic pop","Pop, Rock","DECIDE",2022-09-16,02:39,69,45,4,0,91,0,0,-8,D,4,2025-05-01,3qhlB30KknSejmIvZZLjOD,"Djo",10B,GBKPL2205058
376,"Distorted Records","A$AP Rocky",56,136,"rap","Hip Hop","TESTING",2018-05-25,02:20,66,87,14,0,8,20,30,-4,C♯/D♭ minor,4,2025-05-01,57q6BgYP4gN6hPQViCB3um,"A$AP Worldwide/Polo Grounds Music/RCA Records",12A,USRC11801922
377,"El Gemeza","Marwan Pablo,Molotof",0,118,"egyptian hip hop, arabic rap, egyptian pop, mahraganat","Hip Hop, Pop, Electronic","El Gemeza",2019-06-01,02:59,61,60,24,0,41,0,10,-9,F minor,4,2025-05-01,2w27LtQBJvauJ6vDw12ecs,"The Basement Records",4A,QZFZ41906467
378,"ARABI","Mohamed Ramadan,Future,Massari",50,95,"mahraganat, egyptian pop, moroccan pop, arabic rap, egyptian shaabi, rap, ","Hip Hop, Pop, Traditional Music, Electronic","ARABI",2024-02-08,02:47,70,82,5,0,46,0,0,-4,F#/G♭ minor,4,2025-05-01,1QBtiLpbw76bqO2h9fOdJQ,"Universal Arabic Music",11A,USA2P2406288
379,"Jaw Ard","Molotof,Shabjdeed",43,106,"egyptian hip hop, arabic rap, mahraganat, egyptian pop","Hip Hop, Pop, Electronic","Jaw Ard (Explicit Version)",2023-01-12,03:52,57,56,60,1,13,0,10,-9,D minor,4,2025-05-01,1wXHWJcCuFMZv9NT6raayk,"Molowave",7A,EGA252009657
380,"Denamet","Molotof,Marwan Pablo",62,140,"egyptian hip hop, arabic rap, mahraganat, egyptian pop","Hip Hop, Pop, Electronic","Denamet",2020-04-03,03:28,66,58,28,0,44,30,0,-9,F,4,2025-05-01,5arfoRuIEliMiCRZt7CFkA,"Molotof",7B,QZDA72006767
381,"Geb Felos","Molotof,Marwan Pablo",58,110,"egyptian hip hop, arabic rap, mahraganat, egyptian pop","Hip Hop, Pop, Electronic","Geb Felos",2019-08-11,03:03,70,51,61,0,30,0,10,-8,F minor,4,2025-05-01,4hm1dpaWye5nKpWR8MA1D7,"Molotof",4A,QZFYZ2086800
382,"Bel Salama - Lorry Pt. 2 Remix","Molotof,Wegz",58,140,"egyptian hip hop, arabic rap, mahraganat, egyptian pop","Hip Hop, Pop, Electronic","Bel Salama (Lorry Pt. 2 Remix)",2020-00-00,03:13,72,63,75,0,44,20,20,-8,D minor,4,2025-05-01,6MFIPU56svzgtDdy5fwmf9,"Molowave",7A,QZFYX2046221
383,"Maria","Dua Lipa",64,127,"pop","Pop","Radical Optimism",2024-05-03,03:07,71,57,13,0,37,0,20,-7,C♯/D♭ minor,4,2025-05-01,4tqOaLJdXjWi4OaFSKIT2R,"Warner Records",12A,GBAHT2400117
384,"Good In Bed","Dua Lipa",49,94,"pop","Pop","Future Nostalgia",2020-03-27,03:38,68,70,14,0,65,0,10,-5,F,4,2025-05-01,5idsEzxjeekla54j0jHYUE,"Warner Records",7B,GBAHT1901305
385,"Break My Heart","Dua Lipa",55,113,"pop","Pop","Future Nostalgia",2020-03-27,03:41,73,73,17,0,47,0,30,-3,E minor,4,2025-05-01,59CrwNtNqzOmODXRxwaknc,"Warner Records",9A,GBAHT1901303
386,"Love Again","Dua Lipa",59,116,"pop","Pop","Future Nostalgia",2020-03-27,04:18,66,67,0,0,47,0,10,-5,B minor,4,2025-05-01,1imMjt1YGNebtrtTAprKV7,"Warner Records",10A,GBAHT1901302
387,"Physical","Dua Lipa",56,147,"pop","Pop","Future Nostalgia",2020-03-27,03:13,65,84,1,0,75,0,10,-4,C,4,2025-05-01,7toYVidBIpAmM8Ife3LGrP,"Warner Records",8B,GBAHT1901298
388,"Future Nostalgia","Dua Lipa",49,115,"pop","Pop","Future Nostalgia",2020-03-27,03:04,88,81,1,0,86,0,30,-5,G,4,2025-05-01,3mC8VlVBwdVxCTq4cYZr64,"Warner Records",9B,GBAHT1901177
389,"The One That You Love","LP",46,184,"","","Churches",2021-12-03,03:43,36,63,1,1,55,0,20,-7,F minor,3,2025-05-01,0c0AbG6p9x9Lzs5gcSLMVG,"SOTA Records",4A,QM24S2006504
390,"WHAT TO DO? (feat. Don Toliver)","JACKBOYS,Travis Scott,Don Toliver",71,118,"rap, ","Hip Hop","JACKBOYS",2019-12-27,04:10,64,59,7,0,20,0,10,-5,A minor,4,2025-05-01,4AO1XhrgJczQ9bNVxdfKQe,"Cactus Jack/Epic",8A,USSM11914985
391,"Do It All Again","Mr. Probz",39,77,"","","The Treatment",2013-09-16,02:57,58,22,76,0,23,0,10,-12,D minor,4,2025-05-01,30BmXzCbYI1BXAEW0ybelV,"Left Lane Recordings",7A,TCABQ1309231
392,"Fi Hagat","Nancy Ajram",53,78,"egyptian pop, sholawat, khaleeji","Pop, Christian","Nancy 7",2010-01-01,04:26,65,48,6,0,38,20,10,-8,B,4,2025-05-01,4rvgSBrTVQ2brjrCmSmAWp,"In2Musica",1B,FR6V82417184
393,"One Of The Girls (with JENNIE, Lily Rose Depp)","The Weeknd,JENNIE,Lily-Rose Depp",94,85,"k-pop, ","Pop","The Idol Episode 4 (Music from the HBO Original Series)",2023-06-23,04:04,26,64,4,0,19,0,10,-6,G#/A♭,4,2025-05-01,7CyPwkp0oE8Ro9Dd5CUDjW,"XO / Republic Records",4B,USUG12303881
394,"Evergreen","Richy Mitch & The Coal Miners",85,79,"","","RMCM",2017-05-17,01:27,56,22,56,0,50,0,10,-12,D#/E♭,3,2025-05-01,6me7F0aaZjwDo6RJ5MrfBD,"Richy Mitch & The Coal Miners",5B,SEYOK1732035
395,"Lost In Japan","Shawn Mendes",51,105,"","","Shawn Mendes (Deluxe)",2019-06-19,03:20,71,74,26,0,38,30,10,-7,A#/B♭,4,2025-05-01,0TFpGNlWslRQO4oyTtJq6K,"Island Records",6B,USUM71803548
396,"Location","Khalid",79,80,"","","American Teen",2017-04-27,03:39,74,45,33,0,33,40,0,-11,C♯/D♭ minor,4,2025-05-01,152lZdxL1OR0ZMW6KquMif,"Right Hand Music Group, LLC/RCA Records",12A,TCACO1662934
397,"Popular (with Playboi Carti & Madonna) - From The Idol Vol. 1 (Music from the HBO Original Series)","The Weeknd,Playboi Carti,Madonna",85,99,"rage rap, ","Hip Hop","Popular (Music from the HBO Original Series)",2023-06-02,03:35,85,67,5,0,85,10,50,-6,C♯/D♭,4,2025-05-01,6WzRpISELf3YglGAh7TXcG,"XO / Republic Records",3B,USUG12303876
398,"Motley Crew","Post Malone",70,130,"","","Motley Crew",2021-07-09,03:04,80,63,9,0,29,0,10,-4,D#/E♭ minor,4,2025-05-01,40uMIn2zJLAQhNXghRjBed,"Republic Records",2A,USUM72111566
399,"SKINNY","Billie Eilish",82,70,"","","HIT ME HARD AND SOFT",2024-05-17,03:39,25,25,69,1,4,0,10,-14,A,4,2025-05-01,1CsMKhwEmNnmvHUuO5nryA,"Darkroom/Interscope Records",11B,USUM72401995
400,"L’AMOUR DE MA VIE","Billie Eilish",85,145,"","","HIT ME HARD AND SOFT",2024-05-17,05:33,47,39,20,2,31,0,10,-9,A,4,2025-05-01,6fPan2saHdFaIHuTSatORv,"Darkroom/Interscope Records",11B,USUM72401990
401,"BIRDS OF A FEATHER","Billie Eilish",100,105,"","","HIT ME HARD AND SOFT",2024-05-17,03:30,75,51,20,6,44,0,10,-10,D,4,2025-05-01,6dOtVTDdiauQNBQEDOtlAB,"Darkroom/Interscope Records",10B,USUM72401994
402,"LUNCH","Billie Eilish",87,125,"","","HIT ME HARD AND SOFT",2024-05-17,02:59,89,40,5,8,95,0,0,-8,B minor,4,2025-05-01,629DixmZGHc7ILtEntuiWE,"Darkroom/Interscope Records",10A,USUM72401991
403,"Rahat (feat. Mahmood Jrere)","The Synaptik,Mahmood Jrere",21,160,"arabic rap, egyptian hip hop","Hip Hop","Rahat (feat. Mahmood Jrere)",2019-01-04,04:09,59,81,4,0,70,0,0,-6,A minor,4,2025-05-01,00jmJApVcV8RJmVC0NV0td,"Milق Records",8A,QZ4JJ1850596
404,"Under a Fresh Flag","Lucas Pope",33,105,"","","Papers, Please (Original Game Soundtrack)",2023-08-07,02:36,57,68,1,86,93,0,10,-9,G,4,2025-05-01,3sNewE3QMRzN037h19QVHN,"Lucas Pope",9B,TCAHF2306567
405,"Goodbye, Inspector","Lucas Pope",40,145,"","","Papers, Please (Original Game Soundtrack)",2023-08-07,01:32,70,41,78,94,19,0,10,-11,G,4,2025-05-01,5aTlzuaZgeMSat7T22RqEv,"Lucas Pope",9B,TCAHF2306566
406,"Marriage Disposal","Faraj Suleiman",29,94,"arabic rap","Hip Hop","Better Than Berlin",2020-12-07,02:30,49,49,66,0,35,0,10,-10,D minor,4,2025-05-01,5crtJwNfdJGC8f8j5sOh7h,"Faraj Suleiman",7A,usx9p2024089
407,"تاعب روحي","Semsem Shehab",32,160,"egyptian shaabi, mahraganat, khaleeji","Traditional Music, Pop, Electronic, Hip Hop","اه يا دنيا - ارت تمبلت الالبوم الاول",2018-06-18,03:45,64,84,29,0,73,10,10,-5,F minor,4,2025-05-01,4ut4R5hEipNO4ieEOnfAMt,"Art Template Media Productions",4A,TCACD1588899
408,"Tasteless","Faraj Suleiman",20,131,"arabic rap","Hip Hop","Better Than Berlin",2020-12-07,02:46,86,61,61,0,72,10,0,-9,C♯/D♭ minor,4,2025-05-01,11alBVy1Tku5U8dlPi7sYW,"Faraj Suleiman",12A,usx9p2024090
409,"Volcanic Winter","Faraj Suleiman",29,112,"arabic rap","Hip Hop","Better Than Berlin",2020-12-07,02:18,84,43,72,0,75,0,0,-10,C♯/D♭ minor,4,2025-05-01,438FyQdBxmsZoZvVRmimem,"Faraj Suleiman",12A,usx9p2024085
410,"Night Wander","Faraj Suleiman",37,160,"arabic rap","Hip Hop","Better Than Berlin",2020-12-07,03:34,58,75,38,18,56,0,30,-9,G minor,4,2025-05-01,4SsscvcaDo21XVPAdwKrW8,"Faraj Suleiman",6A,usx9p2024088
411,"Hymn to Gentrification","Faraj Suleiman",39,140,"arabic rap","Hip Hop","Better Than Berlin",2020-12-07,03:01,63,61,71,72,39,0,0,-11,A minor,4,2025-05-01,4OOJdfdjNAfwbscnPwTGBp,"Faraj Suleiman",8A,usx9p2024086
412,"حواري","Wegz",40,122,"egyptian hip hop, arabic rap, mahraganat, egyptian pop","Hip Hop, Pop, Electronic","حواري",2019-08-08,03:08,78,44,51,0,46,30,10,-10,G minor,4,2025-05-01,6UtuTAmXk1u02IeahixZJM,"Takwene",6A,QZFZ61938863
413,"End Of An Era","Dua Lipa",70,117,"pop","Pop","Radical Optimism",2024-05-03,03:16,66,82,12,0,77,0,10,-6,C,4,2025-05-01,1YrY0vjHWp672gt0crtj5A,"Warner Records",8B,GBAHT2400110
414,"Training Season - Instrumental","Dua Lipa",37,123,"pop","Pop","Training Season",2024-02-15,03:29,90,50,1,94,57,0,0,-7,C,4,2025-05-01,3ydu59KTnEPp1VRA53C0l5,"Warner Records",8B,GBAHT2301113
415,"Too Much Love Will Kill You - Remastered 2011","Queen",65,73,"classic rock, rock, glam rock","Rock","Made In Heaven (2011 Remaster)",1995-11-06,04:19,39,40,58,0,21,0,10,-8,G,4,2025-05-01,0W1uTK6I97CbjFKAVtRGfK,"EMI",9B,GBUM71103755
416,"These Walls","Dua Lipa",77,123,"pop","Pop","Radical Optimism",2024-05-03,03:37,73,73,4,0,74,0,10,-5,C♯/D♭,4,2025-05-01,7b6sWLSnbZhSIeqNGrJ4py,"Warner Records",3B,GBAHT2400111
417,"N95","Kendrick Lamar",78,140,"hip hop, west coast hip hop","Hip Hop","Mr. Morale & The Big Steppers",2022-05-13,03:15,79,67,38,0,41,10,10,-6,C♯/D♭,4,2025-05-01,0fX4oNGBWO3dSGUZcVdVV2,"pgLang/Top Dawg Entertainment/Aftermath/Interscope Records",3B,USUM72208963
418,"Ending Credits","Opeth",50,168,"progressive metal, progressive rock, metal, death metal, melodic death metal","Metal, Rock","Damnation",2003-04-22,03:36,50,54,12,91,33,0,30,-9,E minor,4,2025-05-01,2wXSx9UxsNIYidGi5r0SZ4,"Sony BMG Music Entertainment",9A,GBCKC0300007
419,"One Night/All Night","Justice,Tame Impala",63,116,"french house, new rave, electronic rock, indie, psychedelic pop","Electronic, Rock, Pop","Hyperdrama",2024-04-26,04:36,69,51,3,4,64,10,60,-9,C minor,4,2025-05-01,2Oidi4pAbR9X81PBaV71N8,"Genesis",5A,FR8EU2300040
420,"Neverender","Justice,Tame Impala",74,117,"french house, new rave, electronic rock, indie, psychedelic pop","Electronic, Rock, Pop","Hyperdrama",2024-04-26,04:26,56,44,3,0,42,0,20,-10,F#/G♭ minor,4,2025-05-01,3aQ9MHkMeL7Yu7jpyF62xn,"Genesis",11A,FR8EU2300010
421,"Falling Forever","Dua Lipa",67,130,"pop","Pop","Radical Optimism",2024-05-03,03:43,65,83,2,0,35,0,10,-5,F#/G♭ minor,4,2025-05-01,1DiVt4mPAMzbv2N2Yywxs1,"Warner Records",11A,GBAHT2400115
422,"Illusion","Dua Lipa",80,127,"pop","Pop","Radical Optimism",2024-05-03,03:08,68,77,3,0,71,0,10,-5,G#/A♭ minor,4,2025-05-01,5q0EXnBYyeCdXD72FzJxH0,"Warner Records",1A,GBAHT2400114
423,"French Exit","Dua Lipa",61,107,"pop","Pop","Radical Optimism",2024-05-03,03:21,70,59,1,0,76,0,0,-7,A,4,2025-05-01,7nFYnsLIX8EhyFJcPgdIDX,"Warner Records",11B,GBAHT2400113
424,"Whatcha Doing","Dua Lipa",69,105,"pop","Pop","Radical Optimism",2024-05-03,03:18,69,80,2,0,76,0,10,-4,F minor,4,2025-05-01,6bAkr9wkQyPM4IDrP4tuwR,"Warner Records",4A,GBAHT2400112
425,"Training Season","Dua Lipa",84,123,"pop","Pop","Radical Optimism",2024-05-03,03:29,81,59,3,0,66,0,10,-4,F minor,4,2025-05-01,5b5cPscqVEMChvDqscVw26,"Warner Records",4A,GBAHT2301078
426,"Houdini","Dua Lipa",86,117,"pop","Pop","Radical Optimism",2024-05-03,03:05,74,79,0,0,87,0,0,-5,A minor,4,2025-05-01,6D8y7Bck8h11byRY88Pt2z,"Warner Records",8A,GBAHT2301246
427,"Ghammad Einak","Cairokee",39,104,"egyptian pop, egyptian hip hop, arabic rap, mahraganat","Hip Hop, Pop, Electronic","Nas W Nas",2015-03-30,03:52,82,57,6,0,84,0,10,-7,A#/B♭ minor,4,2025-05-01,0PYRuwbRI4FmIKwFyk5Oo7,"Cairokee Productions",3A,QM6MZ2224378
428,"Garahouna","George Wassouf",25,137,"khaleeji, egyptian pop","Pop","انجح أغاني لجورج وسوف",2023-10-18,07:52,59,64,52,0,80,0,50,-9,F minor,4,2025-05-01,6uviICI0YvUlV4lMn4nEHz,"UME - Global Clearing House",4A,AEA040700478
429,"euphoria","Kendrick Lamar",82,140,"hip hop, west coast hip hop","Hip Hop","euphoria",2024-04-30,06:23,83,64,5,0,14,10,0,-5,C♯/D♭,4,2025-05-01,77DRzu7ERs0TX3roZcre7Q,"Kendrick Lamar, under exclusive license to Interscope Records",3B,USUG12402839
430,"Come Wander with Me","Jeff Alexander",45,83,"","","Late Night Tales: Air",2005-10-04,02:54,28,4,99,46,14,0,30,-25,A minor,1,2025-05-01,5b2Zf1kc0M7KNfCnBV4vWO,"Late Night Tales",8A,GB5EM1001016
431,"Matelot","The Renegades",5,111,"chicago house, garage rock, hip house","Electronic, Rock, Hip Hop","The Renegades",1991-00-00,03:08,49,68,14,11,57,0,30,-6,D,4,2025-05-01,1vkIQyY2d0pqnPqBSfpDCE,"WM Finland",10B,FIFSC6500900
432,"Marijuana","Kid Cudi",60,141,"","","Man On The Moon II: The Legend Of Mr. Rager",2010-11-09,04:20,67,40,83,83,54,0,20,-10,G#/A♭ minor,4,2025-05-01,2GtaNlidzvK3hY78kCdsHa,"Kid Cudi/Universal Records",1A,USUM71025499
433,"El Hawa Sultan","George Wassouf",54,137,"khaleeji, egyptian pop","Pop","El Hawa Sultan Rare Recordings",2008-01-01,07:02,50,62,71,0,69,0,0,-7,A minor,4,2025-05-01,6bXIVmNvDjvVA0CzNGzCf7,"EMI MUSIC ARABIA",8A,AEA040800220
434,"Byehsidouni","George Wassouf",49,164,"khaleeji, egyptian pop","Pop","Byehsidouni",2017-11-01,05:17,49,70,26,0,72,10,80,-14,G#/A♭,4,2025-05-01,7FsHARDZiEkLurEoQ2aEVW,"Georges Wassouf",4B,LBA0H1700140
435,"Laiel El Ashekin","George Wassouf",50,184,"khaleeji, egyptian pop","Pop","Laiel El Ashekin",1995-01-01,06:18,58,48,23,0,66,0,10,-12,F minor,4,2025-05-01,2vSpw092RHV0snZpunYJTX,"EMI MUSIC ARABIA",4A,AEAB29500126
436,"Tabeeb Garah","George Wassouf",52,183,"khaleeji, egyptian pop","Pop","Tabeeb Garah",1999-03-05,06:21,49,83,61,0,69,10,30,-7,G minor,4,2025-05-01,27vSNs5MfGcC7q8kMJtnZA,"RotanaAudioVisualL.L.C",6A,LBA081100658
437,"PARIS","TURK,ZIAD ZAZA,Dabl De",50,125,"egyptian hip hop, arabic rap, mahraganat, egyptian pop","Hip Hop, Pop, Electronic","2000GEN",2024-02-01,02:50,88,68,21,0,36,20,10,-6,B,4,2025-05-01,535QXmpOSHUMTw46lNJkj5,"Global",1B,EGA010560154
438,"Kesert Koul El Nass","George Wassouf",55,125,"khaleeji, egyptian pop","Pop","Heya El Ayam",2006-07-11,05:44,71,92,12,0,45,10,30,-6,A#/B♭ minor,4,2025-05-01,53kllclxmxhGgxkzUZryB8,"RotanaAudioVisualL.L.C",3A,LBA081120590
439,"All Along","Kid Cudi",48,80,"","","Man On The Moon II: The Legend Of Mr. Rager",2010-11-09,03:22,60,34,80,68,44,0,10,-10,C,4,2025-05-01,5gNdqHSdG9eTbnvp8sZwUD,"Kid Cudi/Universal Records",8B,USUM71025507
440,"The End","Kid Cudi,GLC,Chip Tha Ripper,Nicole Wray",47,158,"","","Man On The Moon II: The Legend Of Mr. Rager",2010-11-09,04:20,63,77,19,10,45,10,10,-6,A,4,2025-05-01,69D34snjPbZYGNwmIjmsZG,"Kid Cudi/Universal Records",11B,USUM71025506
441,"Mr. Rager","Kid Cudi",77,102,"","","Man On The Moon II: The Legend Of Mr. Rager",2010-11-09,04:54,67,73,39,88,58,0,10,-9,G,4,2025-05-01,393MDhe62s8hbH8ETrlxe5,"Kid Cudi/Universal Records",9B,USUM71025042
442,"Erase Me - Main","Kid Cudi,Kanye West",70,186,"rap","Hip Hop","Man On The Moon II: The Legend Of Mr. Rager",2010-11-09,03:12,69,63,6,0,85,10,10,-6,A,4,2025-05-01,6XkuklKiHYVTlVvWlTgQYP,"Kid Cudi/Universal Records",11B,USUM71020517
443,"Scott Mescudi Vs. The World","Kid Cudi,CeeLo Green",54,109,"","","Man On The Moon II: The Legend Of Mr. Rager",2010-11-09,03:55,78,72,28,59,58,0,10,-6,B minor,4,2025-05-01,5QemHQxj7PRkrw8lJl2W7C,"Kid Cudi/Universal Records",10A,USUM71025496
444,"الزار","Wegz",44,174,"egyptian hip hop, arabic rap, mahraganat, egyptian pop","Hip Hop, Pop, Electronic","جزيرة البطل",2019-10-23,03:36,76,66,19,0,24,20,0,-10,C♯/D♭,4,2025-05-01,1UIuULDKrK8Cs9il3YYNvh,"Takwene",3B,QZHNB1906885
445,"علي راحتي","Wegz",47,160,"egyptian hip hop, arabic rap, mahraganat, egyptian pop","Hip Hop, Pop, Electronic","جزيرة البطل",2019-10-23,03:42,83,62,11,0,60,30,10,-10,G,4,2025-05-01,1uKq59wiC6Y7o5FpFOK5UF,"Takwene",9B,QZHNB1906888
446,"FE!N (feat. Playboi Carti)","Travis Scott,Playboi Carti",88,148,"rap, rage rap","Hip Hop","UTOPIA",2023-07-28,03:11,57,88,3,0,20,0,10,-3,D#/E♭ minor,4,2025-05-01,42VsgItocQwOQC3XWZ8JNA,"Cactus Jack/Epic",2A,USSM12305010
447,"SIRENS","Travis Scott",69,96,"rap","Hip Hop","UTOPIA",2023-07-28,03:24,59,88,10,0,24,0,70,-6,A minor,3,2025-05-01,7LSpFCvRZZot2AlmkUzy9k,"Cactus Jack/Epic",8A,USSM12305009
448,"Vienna","Billy Joel",56,125,"soft rock","Rock","The Stranger",1977-09-29,03:34,53,50,66,0,31,0,0,-7,A#/B♭,4,2025-05-01,7gREIuHognJFspylIDJ94p,"Columbia",6B,USSM17700373
449,"The Stranger","Billy Joel",52,92,"soft rock","Rock","The Stranger",1977-09-29,05:10,66,88,17,0,22,0,0,-7,E minor,4,2025-05-01,6ByRaaLxtbMFyIzQob2nDT,"Columbia",9A,USSM17700370
450,"Movin' Out (Anthony's Song)","Billy Joel",51,134,"soft rock","Rock","The Stranger",1977-09-29,03:30,66,88,47,0,90,0,0,-5,D minor,4,2025-05-01,4cG3ovmC8Hnp9ZsmSZI2O4,"Columbia",7A,USSM17700369
451,"I Can Fix Him (No Really I Can)","Taylor Swift",47,107,"","","THE TORTURED POETS DEPARTMENT: THE ANTHOLOGY",2024-04-19,02:36,66,26,77,0,32,0,10,-14,F#/G♭ minor,4,2025-05-01,52iGf1TK5osOeoNbYDpX7p,"Taylor Swift",11A,USUG12401038
452,"Fresh Out The Slammer","Taylor Swift",61,87,"","","THE TORTURED POETS DEPARTMENT: THE ANTHOLOGY",2024-04-19,03:30,33,48,62,0,34,0,10,-9,A,4,2025-05-01,1eZc9aowLPh4XGCacI0Dms,"Taylor Swift",11B,USUG12401034
453,"So Long, London","Taylor Swift",52,160,"","","THE TORTURED POETS DEPARTMENT: THE ANTHOLOGY",2024-04-19,04:22,42,53,73,0,25,30,0,-11,A,4,2025-05-01,439XazUyCZZHkpgh5TDz6b,"Taylor Swift",11B,USUG12401032
454,"My Boy Only Breaks His Favorite Toys","Taylor Swift",52,97,"","","THE TORTURED POETS DEPARTMENT: THE ANTHOLOGY",2024-04-19,03:23,60,56,14,0,48,0,30,-7,C,4,2025-05-01,2i5Mb9XTlVNDOPc4w0LIvb,"Taylor Swift",8B,USUG12401030
455,"The Tortured Poets Department","Taylor Swift",51,110,"","","THE TORTURED POETS DEPARTMENT: THE ANTHOLOGY",2024-04-19,04:53,60,44,4,0,28,0,10,-8,C,4,2025-05-01,5jZhbVyA4j9MzLrBYKs35Z,"Taylor Swift",8B,USUG12401048
456,"Fortnight (feat. Post Malone)","Taylor Swift,Post Malone",54,192,"","","THE TORTURED POETS DEPARTMENT: THE ANTHOLOGY",2024-04-19,03:48,50,39,50,0,28,0,10,-11,B,4,2025-05-01,5ggbblU7Tn5hz3cDTTFXxS,"Taylor Swift",1B,USUG12401028
457,"Uptown Girl","Billy Joel",86,129,"soft rock","Rock","An Innocent Man",1983-08-08,03:17,70,94,8,0,79,0,60,-3,E,4,2025-05-01,5zA8vzDGqPl2AzZkEYQGKh,"Columbia",12B,USSM18300270
458,"Piano Man","Billy Joel",83,178,"soft rock","Rock","Piano Man (Legacy Edition)",1973-11-07,05:39,33,55,61,0,43,0,10,-6,C,3,2025-05-01,70C4NyhjD5OZUMzvWZ3njJ,"Columbia/Legacy",8B,USSM17300504
459,"Wahabt Omri Lel Amal","L'musiqa,Maryam Saleh",0,68,"","","Wahabt Omri Lel Amal",2023-12-21,07:15,37,47,88,0,40,0,10,-2,D minor,4,2025-05-01,5ABU2VoKQ1vbT4D4z7nwFd,"6259646 Records DK",7A,QZWFP2387858
460,"Sawt El Madini","Adonis,Ghaliaa",27,136,"khaleeji","Pop","Sawt El Madini",2023-08-10,03:09,53,54,50,0,18,0,10,-7,D#/E♭ minor,4,2025-05-01,70Urq3p5yK8I75TtTMg945,"Adonis",2A,LBA132301288
461,"Apologize","Harget Kart",0,120,"","","Apologize",2019-11-01,04:03,57,38,67,0,31,0,10,-10,D,4,2025-05-01,3hUHdmq2FlORusrfsmoTmS,"1380645 Records DK",10B,QZHNA1913991
462,"Rahat Ya Khal","Autostrad",0,95,"","","Autostrad 2011",2022-09-23,08:32,54,60,35,3,37,0,20,-14,E minor,4,2025-05-01,2KZ9jZ5L1sqIgD9mNUvuNf,"Alfan Music",9A,QM4DW1509335
463,"Rahat Ya Khal (Acoustic)","Autostrad",0,122,"","","Rahat Ya Khal (Acoustic)",2023-02-14,03:13,44,22,87,1,40,0,10,-17,E minor,5,2025-05-01,29Ybzlm7ZukLR365rq0Rdi,"Alfan Music",9A,CAQ8S1625520
464,"Mesh assef","Kahareb",5,124,"arabic rap","Hip Hop","Mesh assef",2022-06-05,03:36,77,66,10,4,55,10,30,-9,A,4,2025-05-01,0IpW4bdat4oWMYc1zLGkaW,"CairoGroove",11B,FRX202202298
465,"Akwa Mix","Ahmed Mekky,Wegz",47,140,"arabic rap, egyptian hip hop, mahraganat, egyptian pop","Hip Hop, Pop, Electronic","Akwa Mix",2022-02-07,03:10,79,80,11,0,55,30,0,-4,C♯/D♭,4,2025-05-01,394GTuxxi6iYfD0QgqG7zN,"MGM/WE",3B,QZPEW2210884
466,"Same Ol’ Mistakes","Rihanna",65,152,"","","ANTI (Deluxe)",2016-01-28,06:37,44,80,20,0,51,0,0,-5,G#/A♭,4,2025-05-01,6RtzmszGXs32TRhv5zTKNM,"Roc Nation / Rihanna",4B,QM5FT1600108
467,"Say You Will","Kanye West",57,173,"rap","Hip Hop","808s & Heartbreak",2008-11-24,06:17,60,40,54,23,35,0,10,-10,C minor,4,2025-05-01,5e5MKPtJuFb8NaeSEyV5gD,"Roc-A-Fella",5A,USUM70846386
468,"Pinocchio Story","Kanye West",49,75,"rap","Hip Hop","808s & Heartbreak",2008-11-24,06:01,34,28,95,0,31,0,90,-13,A#/B♭ minor,4,2025-05-01,6giHsGo1eSYZSXKdNwTC62,"Roc-A-Fella",3A,USUM70846838
469,"Bad News","Kanye West",56,106,"rap","Hip Hop","808s & Heartbreak",2008-11-24,03:58,75,44,3,20,17,0,10,-12,A,4,2025-05-01,1nNPoG2hygEvrFGlHdhvJ9,"Roc-A-Fella",11B,USUM70846389
470,"RoboCop","Kanye West",57,134,"rap","Hip Hop","808s & Heartbreak",2008-11-24,04:34,70,45,16,1,41,10,40,-8,F minor,4,2025-05-01,02LAK7qT1wya0klSeNO96f,"Roc-A-Fella",4A,USUM70846388
471,"Paranoid","Kanye West,Mr Hudson",65,115,"rap, ","Hip Hop","808s & Heartbreak",2008-11-24,04:37,59,61,11,0,46,10,0,-7,F#/G♭,4,2025-05-01,0w2piYWj1F2bzUftzGJgK9,"Roc-A-Fella",2B,USUM70846402
472,"Love Lockdown","Kanye West",66,120,"rap","Hip Hop","808s & Heartbreak",2008-11-24,04:30,76,52,5,50,11,0,10,-8,C♯/D♭ minor,4,2025-05-01,1kxeWHF9PrCVZHvVskv8lg,"Roc-A-Fella",12A,USUM70837229
473,"Amazing","Kanye West,Jeezy",66,146,"rap, southern hip hop, crunk, gangster rap","Hip Hop","808s & Heartbreak",2008-11-24,03:58,59,55,22,12,50,0,0,-8,G#/A♭,4,2025-05-01,0m3Ze0cy8qBHSsV2exAfCw,"Roc-A-Fella",4B,USUM70846401
474,"Type Shit","Future,Metro Boomin,Travis Scott,Playboi Carti",86,145,"rap, rage rap","Hip Hop","WE DON'T TRUST YOU",2024-03-22,03:48,64,55,2,0,11,10,10,-6,D,4,2025-05-01,28drn6tQo95MRvO0jQEo5C,"Wilburn Holding Co./Boominati/Epic/Republic",10B,USSM12402033
475,"Young Metro","Future,Metro Boomin,The Weeknd",73,112,"rap, ","Hip Hop","WE DON'T TRUST YOU",2024-03-22,03:25,72,66,11,0,21,0,10,-7,F#/G♭ minor,4,2025-05-01,3OxL6MuctgZp1e0zxoAZhH,"Wilburn Holding Co./Boominati/Epic/Republic",11A,USSM12402034
476,"Magic Don Juan (Princess Diana)","Future,Metro Boomin",63,139,"rap, ","Hip Hop","WE DON'T TRUST YOU",2024-03-22,03:40,60,51,4,0,10,20,10,-6,C♯/D♭ minor,4,2025-05-01,7pBcryEKcUEaWHwAu1wUyP,"Wilburn Holding Co./Boominati/Epic/Republic",12A,USSM12402031
477,"We Don't Trust You","Future,Metro Boomin",72,124,"rap, ","Hip Hop","WE DON'T TRUST YOU",2024-03-22,03:46,78,51,48,0,35,20,20,-7,F#/G♭ minor,4,2025-05-01,1pnDvUuAEd6z8bKEsbAjk1,"Wilburn Holding Co./Boominati/Epic/Republic",11A,USSM12402040
478,"Runnin Outta Time","Future,Metro Boomin",63,106,"rap, ","Hip Hop","WE DON'T TRUST YOU",2024-03-22,03:25,78,46,23,0,18,20,30,-8,A#/B♭ minor,4,2025-05-01,4q7y1JFDBJSBSLqXVgcI51,"Wilburn Holding Co./Boominati/Epic/Republic",3A,USSM12402036
479,"Cinderella","Future,Metro Boomin,Travis Scott",77,130,"rap","Hip Hop","WE DON'T TRUST YOU",2024-03-22,02:49,88,41,43,0,15,0,10,-8,F minor,4,2025-05-01,0hKtu53OlIFXVuYkZwcn3o,"Wilburn Holding Co./Boominati/Epic/Republic",4A,USSM12402037
480,"Slimed In","Future,Metro Boomin",62,118,"rap, ","Hip Hop","WE DON'T TRUST YOU",2024-03-22,03:14,75,40,10,0,6,10,30,-8,C♯/D♭ minor,4,2025-05-01,2GLWhy9iiO1wrLUF5l4FtJ,"Wilburn Holding Co./Boominati/Epic/Republic",12A,USSM12402035
481,"Like That","Future,Metro Boomin,Kendrick Lamar",88,162,"rap, hip hop, west coast hip hop","Hip Hop","WE DON'T TRUST YOU",2024-03-22,04:27,81,68,1,0,31,20,10,-5,B minor,4,2025-05-01,2tudvzsrR56uom6smgOcSf,"Wilburn Holding Co./Boominati/Epic/Republic",10A,USSM12402041
482,"Radioactive","Imagine Dragons,Kendrick Lamar",62,140,"hip hop, west coast hip hop","Hip Hop","Radioactive",2014-01-01,04:36,48,89,4,0,28,20,20,-4,A,4,2025-05-01,69yfbpvmkIaB10msnKT7Q5,"Kid Ina Korner / Interscope",11B,USUM71400693
483,"Let Her Go","Passenger",67,75,"folk pop","Folk, Pop","All the Little Lights (Deluxe Version)",2013-11-29,04:12,48,55,37,0,24,0,10,-7,G,4,2025-05-01,5rEvuW4YhwobKwGL1HPrXA,"Black Crow Records",9B,GBMQN1100004
484,"G Minor Bach (From  Piano Tiles 2 )","Jacob's Piano",54,84,"","","G Minor Bach (From  Piano Tiles 2 )",2018-05-16,03:20,25,27,98,92,22,0,10,-19,C minor,4,2025-05-01,4WPC9MrVbtnpxcKFDyouit,"Jacob's Piano",5A,QZ22B1939934
485,"Blank Space (Taylor's Version)","Taylor Swift",79,96,"","","1989 (Taylor's Version)",2023-10-26,03:51,73,72,9,0,71,0,30,-5,C,4,2025-05-01,45wMBGri1PORPjM9PwFfrS,"Taylor Swift",8B,USUG12306673
486,"Love Story (Taylor’s Version)","Taylor Swift",79,119,"","","Fearless (Taylor's Version)",2021-04-09,03:55,63,79,13,0,42,0,0,-4,D,4,2025-05-01,6YvqWjhGD8mB5QXcbcUKtx,"Taylor Swift",10B,USUG12100342
487,"Bent El Eh","ZIAD ZAZA",40,85,"egyptian hip hop, arabic rap, mahraganat, egyptian pop","Hip Hop, Pop, Electronic","Bent El Eh",2024-02-13,03:34,64,55,44,0,26,0,20,-6,D minor,4,2025-05-01,1sX97oH0899b9NiUO5uPBN,"Global",7A,EGA010560229
488,"LW KOL YOOM 7AKHSAR ALF","ZIAD ZAZA",34,113,"egyptian hip hop, arabic rap, mahraganat, egyptian pop","Hip Hop, Pop, Electronic","ZAZA ELWASEEM",2023-07-31,02:34,66,57,24,0,63,30,10,-7,C♯/D♭,5,2025-05-01,1im7Qa9wdX6SgWSpJD71EH,"Global",3B,EGA010556747
489,"Payday (feat. Young Thug)","Doja Cat,Young Thug",57,169,"rap, melodic rap, trap","Hip Hop","Planet Her",2021-06-25,03:32,62,71,4,0,56,0,10,-6,C♯/D♭,4,2025-05-01,2HolBGR6tpiWI80MXoV1dJ,"Kemosabe Records/RCA Records",3B,USRC12101534
490,"Al Amaken","Mohammed Abdu",39,149,"khaleeji","Pop","Al Amaken",2005-05-25,12:59,32,68,22,0,60,0,90,-8,D#/E♭,4,2025-05-01,5V1oeqcpywHxEV6jFHOxoG,"RotanaAudioVisualL.L.C",5B,LBA082110668
491,"Shut up My Moms Calling","Hotel Ugly",87,138,"","","Shut up My Moms Calling",2020-02-10,02:44,49,41,33,0,38,10,10,-11,A minor,4,2025-05-01,3hxIUxnT27p5WcmjGUXNwx,"Hotel Ugly, under exclusive license to Amuseio AB",8A,TCAEQ2083509
492,"Alors On Danse","Stromae,Kanye West",58,120,"french pop, rap","Pop, Hip Hop","Alors On Danse",2010-01-01,03:34,68,87,13,0,67,10,0,-4,C♯/D♭ minor,4,2025-05-01,4I2ENHg65RuKifEHdD0kMu,"Universal Music Distributed Labels",12A,BET671000147
493,"Wahdeh Bteshbahek","Jadal",33,86,"arabic rap","Hip Hop","Malyoun",2016-07-10,02:40,66,45,19,0,39,0,20,-9,G,4,2025-05-01,5FDPmf9Dp0AaSYjeHW10ed,"Jadal",9B,AEA141602948
494,"PROBLEMATIC","Kanye West,Ty Dolla $ign",1,155,"rap, ","Hip Hop","VULTURES 1",2024-02-09,03:14,46,85,72,0,76,0,30,-2,E minor,4,2025-05-01,1ty0at2tUKqMGTyYbJ43eL,"YZY",9A,QZ7XS2400015
495,"GOOD (DON'T DIE)","Kanye West,Ty Dolla $ign",0,130,"rap, ","Hip Hop","VULTURES 1",2024-02-09,03:19,55,53,78,80,55,0,10,-12,F,4,2025-05-01,6soQZdONN0ZsQ9hZ6Pkef4,"YZY",7B,QZ7XS2400014
496,"BEG FORGIVENESS","Kanye West,Ty Dolla $ign",1,105,"rap, ","Hip Hop","VULTURES 1",2024-02-09,06:08,50,28,19,0,4,0,10,-11,C♯/D♭ minor,1,2025-05-01,7DPUuTaTZCtQ6o4Xx00qzT,"YZY",12A,QZ7XS2400013
497,"CARNIVAL","Kanye West,Ty Dolla $ign",13,148,"rap, ","Hip Hop","VULTURES 1",2024-02-09,04:24,60,81,19,0,29,10,30,-6,C♯/D♭,4,2025-05-01,4m4BHvDfzIgj5LbQLuFiIp,"YZY",3B,QZ7XS2400012
498,"VULTURES","Kanye West,Ty Dolla $ign",1,146,"rap, ","Hip Hop","VULTURES 1",2024-02-09,04:36,70,68,5,0,48,20,10,-4,C♯/D♭ minor,4,2025-05-01,4202KkXGtULRsbRocWSw09,"YZY",12A,QZ7XS2400011
499,"FUK SUMN","Kanye West,Ty Dolla $ign",5,142,"rap, ","Hip Hop","VULTURES 1",2024-02-09,03:29,78,82,13,0,46,10,0,-3,E minor,4,2025-05-01,5rlXuCLnMdfo85079qXHoz,"YZY",9A,QZ7XS2400010
500,"BURN","Kanye West,Ty Dolla $ign",3,105,"rap, ","Hip Hop","VULTURES 1",2024-02-09,01:51,59,89,2,0,74,30,80,-6,E minor,4,2025-05-01,4E3XDKil4ElJt6sXuz5cc6,"YZY",9A,QZ7XS2400009
501,"PAPERWORK","Kanye West,Ty Dolla $ign",1,121,"rap, ","Hip Hop","VULTURES 1",2024-02-09,02:25,74,49,7,0,19,0,0,-5,G#/A♭,4,2025-05-01,3IoAMvGFYzM05B64h7qmdf,"YZY",4B,QZ7XS2400008
502,"DO IT","Kanye West,Ty Dolla $ign",2,107,"rap, ","Hip Hop","VULTURES 1",2024-02-09,03:45,83,69,19,0,62,0,0,-6,C♯/D♭,4,2025-05-01,4YSa8VQxjzsski1DOsvkHH,"YZY",3B,QZ7XS2400007
503,"BACK TO ME","Kanye West,Ty Dolla $ign",8,96,"rap, ","Hip Hop","VULTURES 1",2024-02-09,04:55,82,79,0,0,34,0,0,-7,C♯/D♭,4,2025-05-01,0Tgm7wkLb0AfAHAZDschvD,"YZY",3B,QZ7XS2400005
504,"PAID","Kanye West,Ty Dolla $ign",2,120,"rap, ","Hip Hop","VULTURES 1",2024-02-09,03:15,79,69,11,0,44,20,30,-7,A#/B♭ minor,4,2025-05-01,1tz4np70ZKhzaXjdgl0J8i,"YZY",3A,QZ7XS2400003
505,"STARS","Kanye West,Ty Dolla $ign",2,126,"rap, ","Hip Hop","VULTURES 1",2024-02-09,01:55,58,57,26,12,27,0,10,-8,C minor,4,2025-05-01,6OON4kMjTFqARMFrRbmlwy,"YZY",5A,QZ7XS2400001
506,"Run","Joji",55,158,"","","Nectar",2020-09-25,03:15,43,72,5,0,33,0,60,-4,G,3,2025-05-01,6cEgy2Sw0pQWxWxOCa89Dv,"88rising Music",9B,ZZOPM1901777
507,"worldstar money (interlude)","Joji",73,147,"","","In Tongues (Deluxe)",2018-02-14,02:06,58,39,96,71,46,20,20,-9,G,1,2025-05-01,0baNzeUcPQnQSagpe8T0mD,"88rising Music / EMPIRE",9B,USUYG1179135
508,"Will He","Joji",72,116,"","","In Tongues (Deluxe)",2018-02-14,03:22,62,22,84,0,9,0,50,-15,A#/B♭,4,2025-05-01,7wvwXi9Z66dcH5t202vVkN,"88rising Music / EMPIRE",6B,USUYG1179129
509,"fake smile","Ariana Grande",64,83,"pop","Pop","thank u, next",2019-02-08,03:28,45,62,33,0,43,30,30,-7,A,4,2025-05-01,3wFLWP0FcIqHK1wb1CPthQ,"Republic Records",11B,USUM71900401
510,"Khabini","Mohamed Fouad",39,120,"egyptian pop","Pop","Bean Edeak",2010-06-14,03:59,55,54,6,0,21,0,10,-7,E,4,2025-05-01,3lrwua13hk7comEgpUA0NC,"RotanaAudioVisualL.L.C",12B,LBA081105731
511,"Beshoula Keda","Mohamed Fouad",33,134,"egyptian pop","Pop","Bean Edeak",2010-06-14,04:16,52,52,37,0,23,0,0,-8,C minor,4,2025-05-01,6B4LlpNuCKlLRQlJhB8NRi,"RotanaAudioVisualL.L.C",5A,LBA081105727
512,"Eateb Alaya","Mohamed Fouad",32,94,"egyptian pop","Pop","Bean Edeak",2010-06-14,04:12,65,86,20,0,56,0,10,-6,B minor,4,2025-05-01,12U9tfYLgwnRrSaXqy7Ke5,"RotanaAudioVisualL.L.C",10A,LBA081105728
513,"Eh Eh","Sherine",54,130,"egyptian pop, sholawat, khaleeji","Pop, Christian","Garh Tany",2003-01-01,04:27,74,75,17,0,84,0,0,-7,E minor,4,2025-05-01,136sse7QGfLGWJ4mbwTgLw,"Free Music - Nasr Mahrous",9A,EGA090300402
514,"دق خشوم","شبل الدواسر",0,105,"khaleeji","Pop","دق خشوم",2023-06-12,06:20,82,80,55,0,87,10,50,-4,D,4,2025-05-01,4iRq4IBNb8ejqckIdIsUVU,"Alfan Music",10B,CAQ8S1625952
515,"Ah Yasmarany","Mohamed Mounir",47,130,"egyptian pop, mahraganat","Pop, Electronic, Hip Hop","Ahmar Shafayef",2002-12-31,05:03,70,80,7,0,76,0,0,-9,C,4,2025-05-01,5FXx4orKfuriapGMvD8pza,"Global",8B,EGA020500016
516,"لا لا","Mohamed Fouad",25,95,"egyptian pop","Pop","قلبي وروحي وعمري",1999-02-10,04:52,64,62,34,0,68,0,30,-11,F minor,4,2025-05-01,3C2v6SHTQSc2j225IuVUSy,"Delta Sound",4A,FR59R2311209
517,"انا لو حبيبك","Mohamed Fouad",48,154,"egyptian pop","Pop","قلبي وروحي وعمري",1999-02-10,05:27,57,62,25,0,43,0,0,-12,C minor,4,2025-05-01,6uDXHTKs0xQoofqMk7VuvO,"Delta Sound",5A,FR59R2311207
518,"Khayef","Mohamed Mounir",41,120,"egyptian pop, mahraganat","Pop, Electronic, Hip Hop","Fi 3esh2 El Banat",2000-01-01,05:13,53,39,13,0,35,0,20,-13,C minor,4,2025-05-01,4aPWUQYYBLOwwCFIsjUX4F,"Free Music - Nasr Mahrous",5A,EGA090000303
519,"Madad Ya Rasoul Allah","Mohamed Mounir",20,120,"egyptian pop, mahraganat","Pop, Electronic, Hip Hop","El Ard Welsalam",2001-12-31,06:03,53,76,30,0,68,0,30,-7,A#/B♭,4,2025-05-01,0VfKnMOLjNRSFDmSKQ6KxI,"Global",6B,EGA020500022
520,"Younis","Mohamed Mounir",49,136,"egyptian pop, mahraganat","Pop, Electronic, Hip Hop","Taam El Biyout",2008-06-01,04:08,67,76,18,0,71,0,0,-11,E,4,2025-05-01,6e98eEVu6WfUFl1oF32Mf2,"Global",12B,EGA019001115
521,"حدوتة مصرية","Mohamed Mounir",24,174,"egyptian pop, mahraganat","Pop, Electronic, Hip Hop","حدوتة مصرية",2010-01-01,03:38,38,57,77,0,28,20,10,-4,D#/E♭,4,2025-05-01,5q67JCgtkqL1v8ihBZVEjJ,"Moseeqa",5B,aea141003413
522,"Ana Mesh Bitaat El Kalam Dah (Remix)","Sherine",30,94,"egyptian pop, sholawat, khaleeji","Pop, Christian","Batamenak",2008-01-05,03:40,70,66,6,0,89,0,0,-11,D,4,2025-05-01,1Vcc28h5jFlWImlVSkJnpt,"RotanaAudioVisualL.L.C",10B,LBA081120053
523,"الوتر الحساس","Sherine",71,140,"egyptian pop, sholawat, khaleeji","Pop, Christian","نساى",2018-10-24,04:21,72,82,46,0,91,0,60,-5,E minor,4,2025-05-01,63Gl4Wqr98iJnWoNGFOQjr,"Sherine Abd El-wahab",9A,EGA071800046
524,"Tareky","Sherine",5,171,"egyptian pop, sholawat, khaleeji","Pop, Christian","Tareky Series",2019-07-28,04:20,22,38,20,0,31,0,40,-14,A minor,3,2025-05-01,0AL2x60rT9VG3ATGdRdifP,"MuzicUp",8A,EGA1K1814317
525,"Bi Kelma Menak","Sherine",47,150,"egyptian pop, sholawat, khaleeji","Pop, Christian","Batamenak",2008-01-05,04:17,54,69,11,0,40,0,10,-8,E minor,4,2025-05-01,2LXDkJQs15HzLMbbfPDZu9,"RotanaAudioVisualL.L.C",9A,LBA081104975
526,"Sabry Aalil","Sherine",67,100,"egyptian pop, sholawat, khaleeji","Pop, Christian","Garh Tany",2003-01-01,04:49,73,93,26,0,96,0,30,-6,F,4,2025-05-01,7qLXBcYW78is9LygQBziAU,"Free Music - Nasr Mahrous",7B,EGA090300401
527,"Garh Tany","Sherine",43,174,"egyptian pop, sholawat, khaleeji","Pop, Christian","Garh Tany",2003-01-01,04:21,47,60,42,0,51,0,10,-10,F minor,4,2025-05-01,41bF09RmeV3rQXMECkGZzM,"Free Music - Nasr Mahrous",4A,EGA090300408
528,"Telescope","Cage The Elephant",65,94,"modern rock","Rock","Melophobia",2013-10-08,03:48,59,48,27,0,18,0,10,-5,C,4,2025-05-01,0tkBOcK7oRVXQJY97zzSvr,"RCA Records Label",8B,USRC11301162
529,"Rendez Vous","Ridha Diki",0,136,"","","DIKI",2023-11-24,04:21,77,43,42,0,90,10,10,-16,A,4,2025-05-01,5NR1xlf8bpVcncNWZQeQdB,"1970219 Records DK",11B,QZZ8B2398720
530,"Breathe (In the Air)","Pink Floyd",80,128,"progressive rock, psychedelic rock, classic rock, symphonic rock, art rock, rock","Rock","The Dark Side of the Moon",1973-03-01,02:49,43,37,39,73,25,0,10,-15,B minor,4,2025-05-01,2ctvdKmETyOzPb2GiJJT53,"Pink Floyd Records",10A,GBN9Y1100077
531,"5% TINT","Travis Scott",78,140,"rap","Hip Hop","ASTROWORLD",2018-08-03,03:16,71,48,17,0,6,0,20,-5,E minor,4,2025-05-01,11kDth1aKUEUMq9r1pqyds,"Cactus Jack / Epic",9A,USSM11806666
532,"SKELETONS","Travis Scott",80,148,"rap","Hip Hop","ASTROWORLD",2018-08-03,02:25,46,69,0,0,25,0,30,-6,C minor,4,2025-05-01,6NMtzpDQBTOfJwMzgMX0zl,"Cactus Jack / Epic",5A,USSM11806664
533,"NO BYSTANDERS","Travis Scott",74,147,"rap","Hip Hop","ASTROWORLD",2018-08-03,03:38,73,81,2,0,43,0,40,-3,C♯/D♭,4,2025-05-01,6OaVWaGfhXn70ZJfdVcabn,"Cactus Jack / Epic",3B,USSM11806663
534,"Malibu Nights","LANY",76,74,"","","Malibu Nights",2018-10-05,04:46,56,42,70,0,19,20,0,-12,B,4,2025-05-01,0Eqg0CQ7bK3RQIMPw1A7pl,"Polydor Records",1B,GBUM71805799
535,"Feeling Myself","Nicki Minaj,Beyoncé",50,139,"","","The Pinkprint (Deluxe Edition)",2014-12-15,03:57,68,70,44,1,49,20,30,-6,D,4,2025-05-01,4KpAlKo4zqnfXqhVW0QxPO,"Nicki Minaj/Cash Money",10B,USCM51400377
536,"Super Freaky Girl","Nicki Minaj",52,133,"","","Pink Friday 2",2023-12-08,02:50,95,88,5,0,93,20,30,-3,D,4,2025-05-01,2uHn71ZwsodBen5QUUDqHw,"Republic Records",10B,USUM72215262
537,"FTCU","Nicki Minaj",73,145,"","","Pink Friday 2",2023-12-08,02:52,93,44,2,0,23,20,10,-7,B,4,2025-05-01,1a73gcEg6h6Re6hHXoVltJ,"Republic Records",1B,USUM72318679
538,"Wake Me Up Before You Go-Go","Wham!",81,82,"christmas","Pop","Make It Big",1984-10-23,03:51,62,57,27,0,90,0,0,-12,C,4,2025-05-01,0ikz6tENMONtK6qGkOrU3c,"Columbia",8B,GBBBN0009712
539,"كلام عينيه","Sherine",76,132,"egyptian pop, sholawat, khaleeji","Pop, Christian","نساى",2018-10-24,03:55,57,76,5,0,75,0,10,-5,C♯/D♭ minor,4,2025-05-01,6g95dK7o7vVh8ZCnDAseU5,"Sherine Abd El-wahab",12A,EGA071800047
540,"Khaleny Fe Hodnak","Tamer Ashour",63,130,"egyptian pop, khaleeji, mahraganat","Pop, Electronic, Hip Hop","Tegy Ntrahn",2022-01-20,03:16,52,68,14,0,44,0,10,-5,C♯/D♭ minor,4,2025-05-01,6yVGUtmHwDsqqXs1Lak423,"Tamer Ashour",12A,EGA1K2200052
541,"Now And Then","The Beatles",68,87,"classic rock, psychedelic rock","Rock","Now And Then",2023-11-02,04:08,45,61,23,0,31,0,30,-5,A minor,4,2025-05-01,4vziJcnB2Qyi9o4nIRUeN7,"UMC (Universal Music Catalogue)",8A,GBUM72203947
542,"La campanella in G-Sharp Minor (From  Grandes études de Paganini , S. 141/3)","Franz Liszt,Lang Lang",53,88,"classical piano, classical","Classical","Liszt - My Piano Hero",2011-07-25,04:47,28,29,93,89,51,0,0,-22,G#/A♭ minor,4,2025-05-01,2Hnurh1BcigGbCGFOb4Uid,"Sony Classical",1A,USSM11103274
543,"احلى حاجة فيكى","Mohamed Hamaki",58,120,"egyptian pop, khaleeji, mahraganat","Pop, Electronic, Hip Hop","خلص الكلام",2006-09-06,03:42,77,64,40,0,90,0,10,-12,E minor,4,2025-05-01,06uo1USMfngzC6C7RB9SXb,"Delta Sound",9A,FR2X42396769
544,"Khaleeny Ganbak","Amr Diab",40,88,"egyptian pop, khaleeji","Pop","Allem Alby",2002-12-31,05:17,44,68,6,0,10,10,0,-9,D,4,2025-05-01,3G8KOPoJaxcpyXrx324e7F,"Global",10B,EGA020501764
545,"متخافيش - ريمكس","Amr Diab",20,148,"egyptian pop, khaleeji","Pop","بحبك (ريمكس)",2002-02-28,05:54,75,45,47,0,63,10,10,-15,G minor,4,2025-05-01,6jqgxzemBWL6ov5ta1v34U,"Delta Sound",6A,FR96X2331102
546,"واحدة واحدة","Mohamed Hamaki",59,132,"egyptian pop, khaleeji, mahraganat","Pop, Electronic, Hip Hop","خلص الكلام",2006-09-06,02:58,79,72,40,0,97,0,0,-13,C minor,4,2025-05-01,2yxWfaxD7N4PQoQ97krBoQ,"Delta Sound",5A,FR2X42396777
547,"Agmal Youm","Mohamed Hamaki",18,89,"egyptian pop, khaleeji, mahraganat","Pop, Electronic, Hip Hop","Omroh Ma Yeghib",2015-08-12,03:31,74,72,5,2,93,10,0,-7,D minor,4,2025-05-01,0ElQyedkBhVgXeT7krmINK,"Nogoum Records",7A,EGA1C1500001
548,"Eslamy Ya Misr","Mohamed Mohsen",24,92,"egyptian pop","Pop","Mohsen Covers, Vol. 1",2020-06-08,03:32,51,20,92,0,47,0,10,-12,D#/E♭,4,2025-05-01,0FkAyxidxh9WmcB9tZlEAj,"TripleOne Recordes",5B,FRX872056532
549,"Saat Bashtlak","Mohamed Fouad",42,130,"egyptian pop","Pop","Bean Edeak",2010-06-14,03:37,67,82,10,0,72,0,0,-7,C minor,4,2025-05-01,2vCauE4P7wRChc0LmaQdwR,"RotanaAudioVisualL.L.C",5A,LBA081105733
550,"Mabalash","Mohamed Hamaki",32,84,"egyptian pop, khaleeji, mahraganat","Pop, Electronic, Hip Hop","Omroh Ma Yeghib",2015-08-12,04:08,66,41,8,0,45,0,0,-9,E minor,4,2025-05-01,40BMID1JwcJZYeTS1t6stp,"Nogoum Records",9A,EGA1C1500002
551,"Enta Meen Beysd2ak","Tamer Ashour",49,128,"egyptian pop, khaleeji, mahraganat","Pop, Electronic, Hip Hop","Had Biheb",2008-09-27,04:15,73,54,3,0,53,0,0,-11,B minor,4,2025-05-01,2jw3hwLzCcKiZYrjB9OpGD,"RotanaAudioVisualL.L.C",10A,LBA081105086
552,"Any Given Day","Qusai",16,95,"arabic rap, khaleeji","Hip Hop, Pop","Experimental Edutainment",2009-01-01,04:58,76,65,26,0,67,10,30,-7,D minor,4,2025-05-01,5HZkMvgRn8oXSFPlvE12gc,"Platinum Records",7A,AEA750900046
553,"Jl Anthem","Qusai",7,89,"arabic rap, khaleeji","Hip Hop, Pop","Experimental Edutainment",2009-01-01,05:44,83,85,5,0,82,10,10,-5,A#/B♭ minor,4,2025-05-01,12gnGOBdVnanMjLVNPW8tc,"Platinum Records",3A,AEA750900045
554,"مزيان واعر","Dunia Batma",36,81,"moroccan chaabi, khaleeji, moroccan pop, raï","Pop, Folk, Traditional Music","مزيان واعر",2015-07-18,04:06,47,71,24,0,60,0,0,-6,F minor,4,2025-05-01,2oglVoddXUdaL3JiJKoULM,"AlTurk Production",4A,GBSMU0033386
555,"no tears left to cry","Ariana Grande",80,122,"pop","Pop","Sweetener",2018-08-17,03:25,70,71,4,0,35,0,20,-6,A minor,4,2025-05-01,2qT1uLXPVPzGgFOx4jtEuo,"Republic Records",8A,USUM71805289
556,"breathin","Ariana Grande",73,100,"pop","Pop","Sweetener",2018-08-17,03:18,57,66,2,0,36,0,20,-5,G#/A♭,4,2025-05-01,4OafepJy2teCjYJbvFE60J,"Republic Records",4B,USUM71808582
557,"sweetener","Ariana Grande",74,120,"pop","Pop","Sweetener",2018-08-17,03:28,72,46,25,0,46,0,20,-6,E,4,2025-05-01,70khXICDeTTxgYtw3EysKH,"Republic Records",12B,USUM71808576
558,"God is a woman","Ariana Grande",78,145,"pop","Pop","Sweetener",2018-08-17,03:17,60,66,2,0,27,0,20,-6,C♯/D♭,4,2025-05-01,5OCJzvD7sykQEKHH7qAC3C,"Republic Records",3B,USUM71808574
559,"Ana Mosammem","Bahaa Sultan",60,134,"egyptian pop, mahraganat, egyptian shaabi, khaleeji","Pop, Traditional Music, Electronic, Hip Hop","Wo Malna",2011-01-01,05:23,60,57,31,0,60,0,10,-8,C♯/D♭,4,2025-05-01,0yDB9QPreJjeDynwlwZ4m2,"Free Music - Nasr Mahrous",3B,EGA091100202
560,"Albak Ya Hawl Allah","Bahaa Sultan",53,136,"egyptian pop, mahraganat, egyptian shaabi, khaleeji","Pop, Traditional Music, Electronic, Hip Hop","Kan Zaman",2006-01-01,05:06,57,48,39,0,50,0,10,-13,A#/B♭ minor,4,2025-05-01,6dKoWbMsM9yr07eaPk1OG5,"Free Music - Nasr Mahrous",3A,EGA090600108
561,"El Wad Albo Beyewga3o","Bahaa Sultan",56,90,"egyptian pop, mahraganat, egyptian shaabi, khaleeji","Pop, Traditional Music, Electronic, Hip Hop","Kan Zaman",2006-01-01,04:07,70,78,41,0,97,0,0,-7,E minor,4,2025-05-01,2nFgRNk02oiGaLTmE63mwv,"Free Music - Nasr Mahrous",9A,EGA090600105
562,"Empire State Of Mind","JAY-Z,Alicia Keys",84,174,"hip hop, east coast hip hop, rap, r&b, neo soul","Hip Hop, R&B","The Blueprint 3",2009-09-08,04:36,49,96,3,0,81,30,40,-2,B,4,2025-05-01,2igwFfvr1OAGX9SKDCPBwO,"Roc Nation / Jay-Z",1B,USJZ10900031
563,"Into You","Ariana Grande",70,108,"pop","Pop","Dangerous Woman",2016-05-20,04:04,62,73,2,0,37,10,10,-6,A,4,2025-05-01,49gRYU6hBWgSH2JVixGkJq,"Universal Records",11B,USUM71601827
564,"Touch It","Ariana Grande",65,101,"pop","Pop","Dangerous Woman",2016-05-20,04:20,54,69,3,0,29,0,10,-4,G minor,4,2025-05-01,7rlKlsYacU3PFLGD7ca1HL,"Universal Records",6A,USUM71602114
565,"Leave Me Lonely","Ariana Grande,Macy Gray",58,91,"pop, ","Pop","Dangerous Woman",2016-05-20,03:49,45,45,60,0,39,0,30,-7,G#/A♭ minor,3,2025-05-01,4Xg2NUXyF7cgvwSOs6PiSa,"Universal Records",1A,USUM71602109
566,"Side To Side","Ariana Grande,Nicki Minaj",67,159,"pop, ","Pop","Dangerous Woman",2016-05-20,03:46,64,72,2,0,62,20,20,-6,F#/G♭ minor,4,2025-05-01,4HeCFqiB1rBqGqvE10rF1a,"Universal Records",11A,USUM71602107
567,"Greedy","Ariana Grande",61,110,"pop","Pop","Dangerous Woman",2016-05-20,03:34,59,70,4,0,86,10,10,-5,C♯/D♭,4,2025-05-01,6tcLyhPrmBEPaQ1Yz4MdGy,"Universal Records",3B,USUM71602108
568,"عوافي","Abu Hamdan",9,168,"khaleeji","Pop","عوافي",2017-06-25,03:24,53,81,42,0,86,0,10,-10,D#/E♭ minor,4,2025-05-01,2ecahKQ360e1sAfphRG5yf,"JAZZY SPA SOUNDS",2A,UST8K1704695
569,"Escape (Grand Cover)","Lucas Pope,Dmitry Kondratenko",25,80,"","","Return of the Obra Dinn (Original Game Soundtrack)",2021-03-01,02:11,45,20,59,94,40,0,30,-16,C,4,2025-05-01,3dX1gB2xmLHra1F2Nzhwq2,"Lucas Pope",8B,TCAFK2119092
570,"Soldiers of the Sea","Lucas Pope",36,100,"","","Return of the Obra Dinn (Original Game Soundtrack)",2021-03-01,02:00,59,35,56,83,9,0,10,-16,G minor,4,2025-05-01,3Mes2AcYD7EVieDUQ5eOyi,"Lucas Pope",6A,TCAFK2119070
571,"Escape","Lucas Pope",36,80,"","","Return of the Obra Dinn (Original Game Soundtrack)",2021-03-01,02:41,60,15,69,94,51,0,10,-18,C,4,2025-05-01,6BZOiAGWLyqnAaSOR8uAO4,"Lucas Pope",8B,TCAFK2119066
572,"The End","Lucas Pope",34,80,"","","Return of the Obra Dinn (Original Game Soundtrack)",2021-03-01,01:44,75,10,87,77,38,0,10,-21,C,4,2025-05-01,7AbWCP4Sud8AUtkr1TCJMs,"Lucas Pope",8B,TCAFK2119062
573,"The Monster","Eminem,Rihanna",58,110,"rap, hip hop, ","Hip Hop","The Marshall Mathers LP2 (Deluxe)",2013-11-05,04:10,78,85,5,0,63,0,10,-4,C♯/D♭ minor,4,2025-05-01,4WgvTITBJbEfCJHguiE7QS,"Aftermath",12A,USUM71314082
574,"It Might Be Time","Tame Impala",59,116,"indie, psychedelic pop","Pop, Rock","The Slow Rush",2020-02-14,04:33,59,78,2,0,34,0,60,-4,D,4,2025-05-01,558ubozatFQlweufvHa3Ip,"Universal Music Australia Pty. Ltd.",10B,AUUM71900301
575,"Lost In Yesterday","Tame Impala",71,183,"indie, psychedelic pop","Pop, Rock","The Slow Rush",2020-02-14,04:09,57,84,3,0,75,10,10,-4,C♯/D♭,3,2025-05-01,5JWPUEov2wlX7c0jhYZpeB,"Universal Music Australia Pty. Ltd.",3B,AUUM71900932
576,"Run This Town","JAY-Z,Rihanna,Kanye West",80,87,"hip hop, east coast hip hop, rap","Hip Hop","The Blueprint 3",2009-09-08,04:27,63,92,28,0,44,20,20,-2,C♯/D♭,4,2025-05-01,7LR85XLWw2yXqKBSI5brbG,"Roc Nation / Jay-Z",3B,USJZ10900010
577,"Die For Me (feat. Future & Halsey)","Post Malone,Halsey,Future",70,145,"rap","Hip Hop","Hollywood's Bleeding",2019-09-06,04:05,61,66,19,0,45,0,20,-3,C,4,2025-05-01,2C6WXnmZ66tHhHlnvwePiK,"Republic Records",8B,USUM71918728
578,"Drop It Like It's Hot","Snoop Dogg,Pharrell Williams",79,92,"g-funk, west coast hip hop, gangster rap, hip hop, rap, ","Hip Hop, R&B","R&G (Rhythm & Gangsta): The Masterpiece",2004-01-01,04:26,89,63,19,0,66,20,10,-4,C♯/D♭,4,2025-05-01,2NBQmPrOEEjA8VbeWOQGxO,"Geffen",3B,USMC10400640
579,"Posthumous Forgiveness","Tame Impala",63,154,"indie, psychedelic pop","Pop, Rock","The Slow Rush",2020-02-14,06:06,37,61,5,0,10,0,20,-6,G,4,2025-05-01,1KcOU0q9AMXV9xi4tSzzCc,"Universal Music Australia Pty. Ltd.",9B,AUUM71900928
580,"Since I Have A Lover","6LACK",55,120,"","","Since I Have A Lover",2023-03-24,04:42,70,67,3,5,14,0,20,-6,C,4,2025-05-01,5D1QJgn1rP8docnVY6MRJ9,"LVRN/Interscope Records",8B,USUM72301554
581,"Open Arms (feat. Travis Scott)","SZA,Travis Scott",77,78,"r&b, rap","R&B, Hip Hop","SOS",2022-12-09,03:59,67,59,76,1,22,10,10,-8,A,4,2025-05-01,0xaFw2zDYf1rIJWl2dXiSF,"Top Dawg Entertainment/RCA Records",11B,USRC12204602
582,"La Tesmaa' Kalami","Youssra El Hawary",21,89,"","","No'oum Nasyeen",2017-12-05,03:34,53,50,69,0,89,0,10,-6,E minor,4,2025-05-01,7jzWCdCQOfIBeWbavbnbMe,"Dj Recording",9A,QMEU31723381
583,"Wana Mashi","Youssra El Hawary",13,135,"","","No'oum Nasyeen",2017-12-05,03:26,42,38,90,0,19,0,10,-9,G,4,2025-05-01,3FTPK7GEuGqAd58OO0xSll,"Dj Recording",9B,QMEU31723380
584,"Snooze","SZA",90,143,"r&b","R&B","SOS",2022-12-09,03:21,56,55,14,0,39,10,10,-7,F,4,2025-05-01,4iZ4pt7kvcaH6Yo8UoZ4s2,"Top Dawg Entertainment/RCA Records",7B,USRC12204591
585,"Low","SZA",81,145,"r&b","R&B","SOS",2022-12-09,03:01,70,55,43,0,34,0,10,-7,C minor,4,2025-05-01,2GAhgAjOhEmItWLfgisyOn,"Top Dawg Entertainment/RCA Records",5A,USRC12204586
586,"Shirt","SZA",75,120,"r&b","R&B","SOS",2022-12-09,03:01,85,51,23,0,57,10,0,-8,D#/E♭ minor,4,2025-05-01,2wSTnntOPRi7aQneobFtU4,"Top Dawg Entertainment/RCA Records",2A,USRC12203632
587,"90210 (feat. Kacy Hill)","Travis Scott,Kacy Hill",83,81,"rap, ","Hip Hop","Rodeo",2015-09-04,05:39,40,53,11,0,31,0,10,-7,A minor,4,2025-05-01,51EC3I1nQXpec4gDk0mQyP,"Cactus Jack / Epic",8A,USSM11506731
588,"Wool - from The Hunger Games: The Ballad of Songbirds & Snakes","Flatland Cavalry",58,112,"texas country, red dirt, country","Country","The Hunger Games: The Ballad of Songbirds & Snakes (Music From & Inspired By)",2023-11-17,03:49,60,27,90,1,18,0,10,-14,F minor,4,2025-05-01,4hoqP9dIAu2Nk6u5LvxOR4,"Lions Gate Entertainment Inc. under exclusive license to Geffen Records",4A,USUM72317045
589,"The Hanging Tree - from The Hunger Games: The Ballad of Songbirds & Snakes","Rachel Zegler",61,127,"","","The Hunger Games: The Ballad of Songbirds & Snakes (Music From & Inspired By)",2023-11-17,02:23,45,15,89,0,40,0,10,-12,E minor,5,2025-05-01,6X0F53XRWhmVKAaQsnuRDL,"Lions Gate Entertainment Inc. under exclusive license to Geffen Records",9A,USUM72315358
590,"Can’t Catch Me Now - from The Hunger Games: The Ballad of Songbirds & Snakes","Olivia Rodrigo",77,141,"","","The Hunger Games: The Ballad of Songbirds & Snakes (Music From & Inspired By)",2023-11-17,03:25,41,35,83,0,20,0,10,-8,B minor,4,2025-05-01,17cia5k4BpGVlyEfqrFH50,"Lions Gate Entertainment Inc. under exclusive license to Geffen Records",10A,USUG12307028
591,"Piss On Your Grave (feat. Kanye West)","Travis Scott,Kanye West",59,117,"rap","Hip Hop","Rodeo",2015-09-04,02:46,55,54,1,0,16,0,10,-6,C♯/D♭,4,2025-05-01,5H25xsIuRWUI8GwcoAoeSG,"Cactus Jack / Epic",3B,USSM11506734
592,"See You In My Nightmares","Kanye West,Lil Wayne",57,125,"rap, hip hop","Hip Hop","808s & Heartbreak",2008-11-24,04:18,68,43,6,0,16,0,10,-8,G minor,4,2025-05-01,5zuoz1NBnpoHK6g5sbEH8F,"Roc-A-Fella",6A,USUM70846390
593,"ساكن في حي السيدة","Mohamed Abdel Mottaleb",26,131,"egyptian pop","Pop","ساكن في حي السيدة",2022-06-05,06:32,40,20,97,0,42,0,10,-13,C,4,2025-05-01,4TFlSL2OoBm0VHdFnINvM6,"UMPI",8B,GX5MX2258159
594,"VULTURES","¥$,Kanye West,Ty Dolla $ign,Bump J",34,146,"rap, ","Hip Hop","VULTURES",2023-11-22,03:57,71,55,16,0,54,20,10,-7,C♯/D♭ minor,4,2025-05-01,21vc2kQZMS00cAyNT82a1M,"Ye",12A,CA5KR2406316
595,"المكتوب","Dafencii",44,144,"arabic rap, egyptian hip hop","Hip Hop","المكتوب",2023-11-23,02:56,75,46,5,0,55,30,0,-13,E minor,4,2025-05-01,5GFxMEv0vSTt0OsZ2dt9br,"MDLBEAST Records",9A,USUYG1519480
596,"Santeria","Pusha T",52,88,"","","DAYTONA",2018-05-25,02:56,62,68,14,0,9,20,10,-4,G#/A♭,4,2025-05-01,4LKSaRoKNnlpKXTT663BrT,"Getting Out Our Dreams, Inc./Def Jam Recordings",4B,USUM71807357
597,"Come Back Baby","Pusha T",56,92,"","","DAYTONA",2018-05-25,03:26,87,49,5,0,32,10,30,-3,C,4,2025-05-01,2BuBXn15gj4MNYZydyWgrk,"Getting Out Our Dreams, Inc./Def Jam Recordings",8B,USUM71807370
598,"Last Christmas","Wham!",73,108,"christmas","Pop","LAST CHRISTMAS",1984-11-29,04:22,74,48,19,0,95,0,30,-12,D,4,2025-05-01,2FRnf9qhLbvw8fu4IBXx78,"Epic",10B,GBBBM8400019
599,"Don't Like.1","Kanye West,Chief Keef,Pusha T,Big Sean,Jadakiss",64,132,"rap, drill, east coast hip hop","Hip Hop","G.O.O.D.",2022-04-01,04:43,66,61,1,0,62,20,10,-5,F#/G♭ minor,4,2025-05-01,3YqJ0iaDWM0aqEDQExd2j3,"UME - Global Clearing House",11A,USUM71209911
600,"Remote Control","Kanye West",57,110,"rap","Hip Hop","Donda",2021-08-29,03:18,79,55,8,0,20,0,10,-7,E,4,2025-05-01,45N9i9QraLWD6GW7xBqxnx,"Rock The World/IDJ/Kanye LP7",12B,USUM72116290
601,"24","Kanye West",60,110,"rap","Hip Hop","Donda",2021-08-29,03:17,39,53,13,0,34,0,30,-6,F minor,4,2025-05-01,68RhNM8ehkarnEKnCkqlsp,"Rock The World/IDJ/Kanye LP7",4A,USUM72116289
602,"Ambitionz Az A Ridah","2Pac",79,87,"gangster rap, west coast hip hop, g-funk, hip hop","Hip Hop, R&B","All Eyez On Me",1996-02-13,04:38,80,91,0,0,81,20,0,-7,D,4,2025-05-01,5g9lS8deSIxItFBmZRC4vN,"Amaru Entertainment, Inc./Interscope Records",10B,USKO10403591
603,"Hit 'Em Up - Single Version","2Pac,Outlawz",83,95,"gangster rap, west coast hip hop, g-funk, hip hop","Hip Hop, R&B","Greatest Hits",1998-01-01,05:12,92,84,4,0,59,20,0,-4,G,4,2025-05-01,0Z2J91b2iTGLVTZC4fKgxf,"2Pac Greatest Hits",9B,USUG10801475
604,"Let The Light In (feat. Father John Misty)","Lana Del Rey,Father John Misty",81,132,"chamber pop","Pop","Did you know that there's a tunnel under Ocean Blvd",2023-03-24,04:38,34,44,39,0,20,0,10,-10,A,4,2025-05-01,4qG7hWhljsqqENL5PaLA2z,"Polydor Records",11B,GBUM72206754
605,"California Love - Original Version","2Pac,Roger,Dr. Dre",83,92,"gangster rap, west coast hip hop, g-funk, hip hop, quiet storm, rap","Hip Hop, R&B","Greatest Hits",1998-01-01,04:44,76,85,3,0,76,0,30,-3,G,4,2025-05-01,3ia3dJETSOllPsv3LJkE35,"2Pac Greatest Hits",9B,USUG10702628
606,"A&W","Lana Del Rey",70,157,"","","Did you know that there's a tunnel under Ocean Blvd",2023-03-24,07:13,43,24,63,39,14,10,10,-15,A#/B♭,4,2025-05-01,5nW4z3pfZgJAJ2QTCz9AIE,"Polydor Records",6B,GBUM72206757
607,"vampire","Olivia Rodrigo",87,137,"","","GUTS",2023-09-08,03:39,48,53,15,0,32,0,20,-6,F,4,2025-05-01,1kuGVB7EU95pJObxwvfwKS,"Olivia Rodrigo PS",7B,USUG12304091
608,"Maaol","Mohamed Fouad",30,150,"egyptian pop","Pop","Kabr El Gharam",2001-01-01,03:47,64,40,59,0,45,0,10,-12,C minor,4,2025-05-01,6YGki1xukZ97rLcRC46BzH,"RotanaAudioVisualL.L.C",5A,LBA081030249
609,"Through The Wire - Live At Abbey Road Studios","Kanye West",34,79,"rap","Hip Hop","Late Orchestration",2006-01-01,03:32,40,80,0,0,64,30,20,-7,G,4,2025-05-01,5FRNP7NPI6DWvAkSJeH2eY,"Roc-A-Fella",9B,USUM70601939
610,"Jesus Walks - Live At Abbey Road Studios","Kanye West",30,77,"rap","Hip Hop","Late Orchestration",2006-01-01,03:13,43,87,34,0,53,40,40,-6,D#/E♭ minor,1,2025-05-01,1vJvwNUE99zqvu62iKCzJd,"Roc-A-Fella",2A,USUM70602091
611,"Follow God","Kanye West",74,180,"rap","Hip Hop","JESUS IS KING",2019-10-25,01:44,53,90,0,0,43,40,0,-4,C♯/D♭,4,2025-05-01,2QpGZOhTCHHiKmpSO9FW4h,"Getting Out Our Dreams II / Def Jam Recordings",3B,USUM71920463
612,"Donda Chant","Kanye West",43,103,"rap","Hip Hop","Donda",2021-08-29,00:52,70,5,1,0,18,50,10,-15,D#/E♭ minor,4,2025-05-01,7eSSmgq26BXr7xay3WKjfi,"Rock The World/IDJ/Kanye LP7",2A,USUM72116307
613,"Graduation Day","Kanye West",56,169,"rap","Hip Hop","The College Dropout",2004-02-10,01:21,42,45,68,0,87,30,40,-9,C minor,4,2025-05-01,7wL7Lb8Q3aYyq6gmRL0PZq,"Roc-A-Fella",5A,USDJ20400012
614,"We Don't Care","Kanye West",68,83,"rap","Hip Hop","The College Dropout",2004-02-10,03:59,60,75,1,0,65,10,20,-6,B minor,4,2025-05-01,0IW0qaeyxL5Et4UG2MrJKB,"Roc-A-Fella",10A,USDJ20400032
615,"Hell Of A Life","Kanye West",68,178,"rap","Hip Hop","My Beautiful Dark Twisted Fantasy",2010-11-22,05:27,45,81,0,0,45,10,10,-5,G#/A♭,4,2025-05-01,3rCNmRonlHN1TXQLcG3dSk,"Roc-A-Fella",4B,USUM71027281
616,"Family Business","Kanye West",70,94,"rap","Hip Hop","The College Dropout",2004-02-10,04:38,74,52,14,0,61,20,30,-7,C♯/D♭,4,2025-05-01,5DBmXF7QO43Cuy9yqva116,"Roc-A-Fella",3B,USDJ20400073
617,"Two Words","Kanye West,Mos Def,Freeway,The Boys Choir Of Harlem",66,85,"rap, east coast hip hop, hip hop, southern gospel","Hip Hop, Christian, Traditional Music","The College Dropout",2004-02-10,04:26,44,81,2,0,45,20,20,-5,F#/G♭,4,2025-05-01,62wtttQzoIA9HnNmGVd9Yq,"Roc-A-Fella",2B,USDJ20300915
618,"The New Workout Plan","Kanye West",65,118,"rap","Hip Hop","The College Dropout",2004-02-10,05:22,70,79,1,0,65,20,30,-5,D,4,2025-05-01,1Vp4St7JcXaUoJcIahtf3L,"Roc-A-Fella",10B,USDJ20400072
619,"Believe What I Say","Kanye West",64,100,"rap","Hip Hop","Donda",2021-08-29,04:02,60,66,15,0,42,20,40,-8,G,4,2025-05-01,0JuSGEldfovcc8IS9va1wa,"Rock The World/IDJ/Kanye LP7",9B,USUM72116288
620,"Champions","Kanye West,Gucci Mane,Big Sean,2 Chainz,Travis Scott,Yo Gotti,Quavo,Desiigner",65,135,"rap, southern hip hop, trap, memphis rap, ","Hip Hop","Champions",2016-06-10,05:34,69,77,6,0,35,0,80,-2,F#/G♭ minor,4,2025-05-01,2nBI3iWLhupR7LyAJ5GGkE,"Getting Out Our Dreams Inc. (G.O.O.D.) Music / IDJ",11A,USUM71605463
621,"Jail pt 2","Kanye West",55,110,"rap","Hip Hop","Donda",2021-08-29,04:57,70,57,45,0,69,0,0,-6,E,4,2025-05-01,2H8jWuNmluerTEsuh8Gu6y,"Rock The World/IDJ/Kanye LP7",12B,USUM72116309
622,"Maybe Its the Power of Love","Blackjack",23,112,"album rock, arena rock","Rock","Worlds Apart",1980-04-04,03:47,53,61,50,0,65,0,60,-10,A minor,4,2025-05-01,0jSq7lmZGohmbalMk4tP1a,"Blackjack",8A,ushm92011020
623,"Get Em High","Kanye West,Talib Kweli,Common",61,85,"rap, east coast hip hop, hip hop, jazz rap","Hip Hop, Jazz","The College Dropout",2004-02-10,04:49,61,64,18,0,65,30,40,-6,B minor,4,2025-05-01,5b2FFKC64kxqcfaFnIZxoM,"Roc-A-Fella",10A,USDJ20400010
624,"All Falls Down","Kanye West,Syleena Johnson",84,91,"rap, neo soul","R&B, Hip Hop","The College Dropout",2004-02-10,03:43,66,73,15,0,43,40,10,-5,G#/A♭ minor,4,2025-05-01,5SkRLpaGtvYPhw02vZhQQ9,"Roc-A-Fella",1A,USDJ20301703
625,"Jesus Lord","Kanye West",56,106,"rap","Hip Hop","Donda",2021-08-29,08:58,48,71,10,1,11,10,0,-7,C♯/D♭,5,2025-05-01,1LwdWIbfuqlOo8vlHxkyna,"Rock The World/IDJ/Kanye LP7",3B,USUM72116264
626,"Selah","Kanye West",62,90,"rap","Hip Hop","JESUS IS KING",2019-10-25,02:44,48,62,65,0,15,20,30,-6,A minor,3,2025-05-01,39JRmdKFka1Oe09FoOCPI4,"Getting Out Our Dreams II / Def Jam Recordings",8A,USUM71920452
627,"Hey Mama","Kanye West",64,96,"rap","Hip Hop","Late Registration",2005-08-30,05:05,58,75,6,0,35,20,10,-7,G,4,2025-05-01,46OFHBw45fNi7QNjSetITR,"Roc-A-Fella",9B,USUM70502651
628,"Good Life","Kanye West,T-Pain",77,83,"rap, ","Hip Hop","Graduation",2007-09-11,03:27,44,81,0,0,49,30,40,-7,C♯/D♭,4,2025-05-01,4ZPdLEztrlZqbJkgHNw54L,"Roc-A-Fella",3B,USUM70749087
629,"Jesus Walks","Kanye West",72,87,"rap","Hip Hop","The College Dropout",2004-02-10,03:13,64,83,61,0,72,30,30,-5,D#/E♭ minor,4,2025-05-01,5g1vtHqi9uV7xtYeCcFOBx,"Roc-A-Fella",2A,USDJ20400014
630,"Gold Digger","Kanye West,Jamie Foxx",82,93,"rap, ","Hip Hop","Late Registration",2005-08-30,03:27,63,70,2,0,62,30,0,-6,C♯/D♭ minor,4,2025-05-01,1PS1QMdUqOal0ai3Gt7sDQ,"Roc-A-Fella",12A,USUM70500143
631,"Otis","JAY-Z,Kanye West,Otis Redding",51,95,"hip hop, east coast hip hop, rap, soul, motown, soul blues","Hip Hop, Pop, R&B, Blues","Watch The Throne (Deluxe)",2011-08-12,02:58,75,66,49,0,43,20,50,-5,G minor,4,2025-05-01,4KyMZxbMbrSPHwMczzgxqQ,"Roc Nation/RocAFella/IDJ",6A,USUM71111634
632,"Rabbak Lamma Yerid","Mohamed Mounir",43,94,"egyptian pop, mahraganat","Pop, Electronic, Hip Hop","Fi 3esh2 El Banat",2000-01-01,05:01,76,85,23,0,69,0,10,-6,C♯/D♭,4,2025-05-01,6424MX2Rz0rHFKDKkMZYn8,"Free Music - Nasr Mahrous",3B,EGA090000310
633,"God Breathed","Kanye West",51,93,"rap","Hip Hop","Donda",2021-08-29,05:33,33,31,29,0,8,0,10,-7,A#/B♭,3,2025-05-01,5JaSg0AYyAMMLjyGGDrrCm,"Rock The World/IDJ/Kanye LP7",6B,USUM72116306
634,"Through The Wire","Kanye West",77,83,"rap","Hip Hop","The College Dropout",2004-02-10,03:41,57,74,1,0,66,20,10,-6,G,4,2025-05-01,4mmkhcEm1Ljy1U9nwtsxUo,"Roc-A-Fella",9B,USDJ20400086
635,"Lift Yourself","Kanye West",60,98,"rap","Hip Hop","Lift Yourself",2018-04-29,02:27,88,44,1,0,59,10,10,-8,C,4,2025-05-01,3uYDO9dPLTVrgfwg7EYXSf,"Rock The World/IDJ/Kanye LP7",8B,USUM71806044
636,"Ultralight Beam","Kanye West",69,105,"rap","Hip Hop","The Life Of Pablo",2016-06-10,05:20,59,40,62,0,39,40,50,-9,C minor,4,2025-05-01,1eQBEelI2NCy7AUTerX0KS,"Rock The World/IDJ/Kanye LP7",5A,USUM71603065
637,"No Child Left Behind","Kanye West",64,135,"rap","Hip Hop","Donda",2021-08-29,02:58,16,33,1,79,8,0,10,-8,C♯/D♭ minor,3,2025-05-01,3hd6zLhnTlbJ8PupYt3cAI,"Rock The World/IDJ/Kanye LP7",12A,USUM72116303
638,"I Don't Fuck With You","Big Sean,E-40",77,98,"hyphy, west coast hip hop, g-funk","Hip Hop, R&B","Dark Sky Paradise",2015-02-23,04:44,82,73,4,0,40,0,30,-5,C♯/D♭,4,2025-05-01,7FYH5AW3bVfZHJIQpq3UOA,"Getting Out Our Dreams Inc. (G.O.O.D.) Music / IDJ",3B,USUM71414033
639,"Heartless","Kanye West",86,88,"rap","Hip Hop","808s & Heartbreak",2008-11-24,03:31,79,65,5,0,65,10,20,-6,A#/B♭ minor,4,2025-05-01,4EWCNWgDS8707fNSZ1oaA5,"Roc-A-Fella",3A,USUM70840511
640,"I Wonder","Kanye West",84,191,"rap","Hip Hop","Graduation",2007-09-11,04:03,54,47,14,0,13,0,10,-9,C,4,2025-05-01,7rbECVPkY5UODxoOUVKZnA,"Roc-A-Fella",8B,USUM70749085
641,"Forever","Drake,Kanye West,Lil Wayne,Eminem",76,104,"rap, hip hop","Hip Hop","Relapse: Refill",2009-05-15,05:57,46,91,25,0,54,30,10,-2,F minor,5,2025-05-01,5UsLjwBaTHBX4ektWIr4XX,"Aftermath",4A,USUM70920707
642,"Good Morning","Kanye West",75,84,"rap","Hip Hop","Graduation",2007-09-11,03:15,48,63,8,0,52,10,10,-5,G,4,2025-05-01,6MXXY2eiWkpDCezVCc0cMH,"Roc-A-Fella",9B,USUM70749081
643,"Dark Fantasy","Kanye West",71,88,"rap","Hip Hop","My Beautiful Dark Twisted Fantasy",2010-11-22,04:40,60,59,27,0,37,0,10,-6,F,4,2025-05-01,7yNK27ZTpHew0c55VvIJgm,"Roc-A-Fella",7B,USUM71027263
644,"New Slaves","Kanye West",66,141,"rap","Hip Hop","Yeezus",2013-06-18,04:16,51,59,17,0,36,0,10,-4,C♯/D♭,4,2025-05-01,4cAgkb0ifwn0FSHGXnr4F6,"Rock The World/IDJ/Kanye/LP6",3B,USUM71307513
645,"Black Skinhead","Kanye West",74,130,"rap","Hip Hop","Yeezus",2013-06-18,03:08,77,81,0,0,33,20,10,-6,C♯/D♭,4,2025-05-01,722tgOgdIbNe3BEyLnejw4,"Rock The World/IDJ/Kanye/LP6",3B,USUM71307719
646,"Through The Wire","Kanye West",40,83,"rap","Hip Hop","Through The Wire",2003-01-01,04:31,53,80,0,0,66,10,0,-5,G,4,2025-05-01,5awFsxOECAVPdOUMIjepQ3,"Roc-A-Fella",9B,USDJ20300912
647,"My Nigga","YG,Jeezy,Rich Homie Quan",69,171,"southern hip hop, crunk, rap, gangster rap","Hip Hop","My Krazy Life",2014-03-18,03:55,68,48,8,0,76,20,20,-7,A#/B♭ minor,4,2025-05-01,19OHDib8Jrqi3o2nm5lzdA,"Def Jam Recordings",3A,USUM71308285
648,"Jail","Kanye West",62,110,"rap","Hip Hop","Donda",2021-08-29,04:57,46,57,54,0,59,0,0,-7,E,4,2025-05-01,6d8HN8MqqbqrEUI2bvx0aG,"Rock The World/IDJ/Kanye LP7",12B,USUM72116263
649,"Freestyle 4","Kanye West",57,126,"rap","Hip Hop","The Life Of Pablo",2016-06-10,02:03,56,54,4,0,46,10,0,-8,A minor,4,2025-05-01,6wfzokDylbrJzrJcpnBkcy,"Rock The World/IDJ/Kanye LP7",8A,USUM71603077
650,"I Love Kanye","Kanye West",64,80,"rap","Hip Hop","The Life Of Pablo",2016-06-10,00:44,76,37,59,0,97,70,20,-8,F,4,2025-05-01,5CGS4UovzA7ftCJkLVXQju,"Rock The World/IDJ/Kanye LP7",7B,USUM71603050
651,"Highlights","Kanye West",59,102,"rap","Hip Hop","The Life Of Pablo",2016-06-10,03:19,55,63,1,0,35,20,30,-6,D,4,2025-05-01,4qYLPta5HZ36idWiXtqh7B,"Rock The World/IDJ/Kanye LP7",10B,USUM71603074
652,"Runaway","Kanye West,Pusha T",84,85,"rap, ","Hip Hop","My Beautiful Dark Twisted Fantasy",2010-11-22,09:07,37,57,22,0,11,10,50,-4,C♯/D♭ minor,4,2025-05-01,3DK6m7It6Pw857FcQftMds,"Roc-A-Fella",12A,USUM71027402
653,"Feedback","Kanye West",61,100,"rap","Hip Hop","The Life Of Pablo",2016-06-10,02:27,81,57,56,0,17,50,10,-6,G#/A♭ minor,4,2025-05-01,49fT6owWuknekShh9utsjv,"Rock The World/IDJ/Kanye LP7",1A,USUM71603070
654,"No Church In The Wild","JAY-Z,Kanye West,Frank Ocean,The-Dream",54,93,"hip hop, east coast hip hop, rap, r&b","Hip Hop, R&B","Watch The Throne (Deluxe)",2011-08-12,04:32,68,73,27,2,57,0,10,-8,G#/A♭ minor,4,2025-05-01,1jIfaHx4jUl1mqdig9wUra,"Roc Nation/RocAFella/IDJ",1A,USUM71111617
655,"Ni**as In Paris","JAY-Z,Kanye West",53,140,"hip hop, east coast hip hop, rap","Hip Hop","Watch The Throne (Deluxe)",2011-08-12,03:39,79,86,12,0,74,30,20,-6,C♯/D♭,4,2025-05-01,0Bh5fftQH3Nnr5sH3I9G5o,"Roc Nation/RocAFella/IDJ",3B,USUM71111621
656,"Never Let Me Down","Kanye West,JAY-Z,J. Ivy",64,80,"rap, hip hop, east coast hip hop, spoken word","Hip Hop, Easy Listening","The College Dropout",2004-02-10,05:24,46,82,42,0,64,40,10,-5,B minor,4,2025-05-01,34j4OxJxKznBs88cjSL2j9,"Roc-A-Fella",10A,USDJ20400018
657,"Come to Life","Kanye West",60,127,"rap","Hip Hop","Donda",2021-08-29,05:10,44,47,69,0,24,0,30,-7,D#/E♭,4,2025-05-01,5xvXeuxISyXJDRbZZf4uzd,"Rock The World/IDJ/Kanye LP7",5B,USUM72116280
658,"Bound 2","Kanye West",84,149,"rap","Hip Hop","Yeezus",2013-06-18,03:49,37,67,14,0,31,0,10,-3,C♯/D♭,4,2025-05-01,3sNVsP50132BTNlImLx70i,"Rock The World/IDJ/Kanye/LP6",3B,USUM71307523
659,"Ghost Town","Kanye West,PARTYNEXTDOOR",81,83,"rap, r&b","R&B, Hip Hop","ye",2018-06-01,04:31,57,55,10,0,30,0,30,-4,G minor,4,2025-05-01,7vgTNTaEz3CsBZ1N4YQalM,"Getting Out Our Dreams, Inc./Def Jam Recordings",6A,USUM71807761
660,"Violent Crimes","Kanye West",83,110,"rap","Hip Hop","ye",2018-06-01,03:35,67,42,38,0,4,50,10,-7,C♯/D♭ minor,4,2025-05-01,3s7MCdXyWmwjdcWh7GWXas,"Getting Out Our Dreams, Inc./Def Jam Recordings",12A,USUM71807795
661,"Mercy","Kanye West,Big Sean,Pusha T,2 Chainz",72,140,"rap, southern hip hop","Hip Hop","Mercy",2012-01-01,05:29,56,50,7,0,43,40,10,-9,F#/G♭ minor,4,2025-05-01,4qikXelSRKvoCqFcHLB2H2,"Getting Out Our Dreams Inc. (G.O.O.D.) Music / IDJ",11A,USUM71203564
662,"All Mine","Kanye West",73,122,"rap","Hip Hop","ye",2018-06-01,02:25,93,31,12,0,29,20,0,-7,B minor,4,2025-05-01,3U21A07gAloCc4P7J8rxcn,"Getting Out Our Dreams, Inc./Def Jam Recordings",10A,USUM71807681
663,"FourFiveSeconds","Rihanna,Kanye West,Paul McCartney",80,206,"rap, ","Hip Hop","FourFiveSeconds",2015-01-24,03:08,58,27,88,0,35,0,10,-6,D,4,2025-05-01,78TTtXnFQPzwqlbtbwqN0y,"Roc Nation / Rihanna",10B,USJMT1500001
664,"3005","Childish Gambino",17,83,"","","Because the Internet",2013-12-10,03:54,66,45,11,0,66,20,0,-7,F#/G♭ minor,4,2025-05-01,5cc9Zbfp9u10sfJeKZ3h16,"Glassnote Entertainment Group LLC",11A,USYAH1300213
665,"IV. Sweatpants","Childish Gambino,JasonMartin",9,80,"hyphy, west coast hip hop","Hip Hop","Because the Internet",2013-12-10,03:00,71,46,15,0,59,10,60,-9,C♯/D♭ minor,4,2025-05-01,3x4I4nRuZp5NdtGvCPw6Ms,"Glassnote Entertainment Group LLC",12A,USYAH1300223
666,"Feels Like Summer","Childish Gambino",75,166,"","","Summer Pack",2018-07-11,04:57,55,60,16,0,25,10,0,-8,G,4,2025-05-01,7p4vHnYXkxlzvfePJVpcTr,"Wolf+Rothstein/RCA Records",9B,USRC11802773
667,"Bonfire","Childish Gambino",12,162,"","","Camp",2011-11-15,03:12,51,75,6,0,28,30,30,-6,C♯/D♭,4,2025-05-01,25ypHCQpDX2nrDFly7eZLZ,"Glassnote Entertainment Group LLC",3B,USYAH1100339
668,"Sober","Childish Gambino",9,98,"","","Kauai",2014-10-03,04:12,70,59,10,0,42,0,50,-7,C,4,2025-05-01,6YuFv5d7iGeNnFMu6xphZl,"Glassnote Entertainment Group LLC",8B,USYAH1400031
669,"Boogieman","Childish Gambino",1,88,"",""," Awaken, My Love! ",2016-12-02,03:36,72,76,10,20,64,10,20,-8,G,4,2025-05-01,4f9NhtxmU9krjPnfMUHVM5,"Glassnote Entertainment Group LLC",9B,USYAH1600104
670,"Redbone","Childish Gambino",21,160,"",""," Awaken, My Love! ",2016-12-02,05:26,75,35,17,1,60,10,10,-11,C♯/D♭,4,2025-05-01,0WtDGnWL2KrMCk0mI1Gpwz,"Glassnote Entertainment Group LLC",3B,USYAH1600107
671,"Say Say Say","Paul McCartney,Michael Jackson",57,118,"","","All The Best (UK Version)",1987-11-02,03:54,82,57,5,0,82,0,0,-14,A#/B♭ minor,4,2025-05-01,2iwhqrveOYC8XLB7GZm63G,"Paul McCartney Catalog",3A,GBCCS8300875
672,"That's What Friends Are For (with Elton John, Gladys Knight & Stevie Wonder)","Dionne Warwick,Elton John,Gladys Knight,Stevie Wonder",68,120,"motown, soul","Pop, R&B, Blues","Friends",1985-00-00,04:15,68,24,51,0,17,0,0,-16,C minor,4,2025-05-01,1OzrlK57iLTIjmbZC1ppWM,"Arista",5A,USAR18500220
673,"The Box","Roddy Ricch",84,117,"melodic rap","Hip Hop","Please Excuse Me for Being Antisocial",2019-12-06,03:16,90,59,10,0,64,0,70,-7,A#/B♭ minor,4,2025-05-01,0nbXyq5TXYPCO7pr3N8S4I,"Atlantic Records",3A,USAT21906978
674,"Return of the Obra Dinn","Lucas Pope",38,103,"","","Return of the Obra Dinn (Original Game Soundtrack)",2021-03-01,02:58,36,31,70,70,37,0,10,-15,G minor,4,2025-05-01,1iDt0utPzajZLQH2OLu16e,"Lucas Pope",6A,TCAFK2119061
675,"The Doom","Lucas Pope",28,120,"","","Return of the Obra Dinn (Original Game Soundtrack)",2021-03-01,02:09,47,3,90,13,6,0,10,-17,B minor,4,2025-05-01,3l4KWtwkfyVKikR63Jg1Vs,"Lucas Pope",10A,TCAFK2119065
676,"Glory to Arstotzka","Lucas Pope",48,174,"","","Papers, Please (Original Game Soundtrack)",2023-08-07,01:43,36,47,58,72,62,0,20,-13,D minor,3,2025-05-01,1j8nEnYhowaJRq5aZD35mo,"Lucas Pope",7A,TCAHF2306564
677,"Segara Bonny","Mahmoud El Hoseny",35,105,"mahraganat, egyptian shaabi, egyptian pop","Pop, Traditional Music, Electronic, Hip Hop","Segara Bonny",2013-10-08,06:47,60,99,15,0,82,10,10,0,A#/B♭ minor,4,2025-05-01,6akfrRhAakyPUzmc2YtbIq,"Arabica",3A,FR6V82041869
678,"That's What I Like","Bruno Mars",90,134,"","","24K Magic",2016-11-17,03:26,85,56,1,0,86,0,0,-5,C♯/D♭,4,2025-05-01,0KKkJNfGyhkQ5aFogxQAPU,"Atlantic Records",3B,USAT21602948
679,"Woman","Doja Cat",85,108,"","","Planet Her",2021-06-25,02:52,82,76,9,0,88,0,10,-4,F minor,4,2025-05-01,6Uj1ctrBOjOas8xZXGqKk4,"Kemosabe Records/RCA Records",4A,USRC12101532
680,"Agora Hills","Doja Cat",79,123,"","","Scarlet",2023-09-22,04:25,75,67,23,0,39,10,10,-6,G#/A♭ minor,4,2025-05-01,7dJYggqjKo71KI9sLzqCs8,"Kemosabe Records/RCA Records",1A,USRC12301954
681,"Paint The Town Red","Doja Cat",63,100,"","","Scarlet",2023-09-22,03:50,86,56,26,0,73,10,10,-8,D minor,4,2025-05-01,7DlZH8EiVDgQXNoj3dnyZC,"Kemosabe Records/RCA Records",7A,USRC12300907
682,"Pedestal","Em Beihold",39,89,"","","Pedestal",2023-10-12,03:11,68,29,87,0,58,10,0,-9,G,4,2025-05-01,3C8Z6rLzMjQiDSkZxpRHxV,"Republic Records",9B,USUM72314422
683,"حارة عجيبه","شحته كاريكا",36,110,"mahraganat, egyptian shaabi","Traditional Music, Electronic, Hip Hop","اه يا دنيا - ارت تمبلت الالبوم الاول",2018-06-18,02:44,83,98,13,0,82,0,40,-2,G#/A♭,4,2025-05-01,3cvk4l1iOQblZwofcYmixZ,"Art Template Media Productions",4B,TCACD1588900
684,"كدا كدا","Wegz",0,145,"egyptian hip hop, arabic rap, mahraganat, egyptian pop","Hip Hop, Pop, Electronic","كدا كدا",2019-07-12,04:15,61,78,14,0,46,0,10,-6,F#/G♭ minor,4,2025-05-01,6nwosrtgAwdJghlDpqeKtM,"Takwene",11A,QZFZ21979281
685,"Mundian To Bach Ke","Panjabi MC",66,98,"bhangra","Folk, Traditional Music","The Album",2003-05-05,04:05,78,85,30,66,91,0,10,-7,B,4,2025-05-01,2LxAeJ9KUj1GRS9oeHgQ3i,"Altra Moda Music",1B,GBWYK1800101
686,"Pumped Up Kicks","Foster The People",87,128,"","","Torches",2011-05-23,03:59,73,71,14,12,97,0,10,-6,F minor,4,2025-05-01,7w87IxuO7BDcJ3YUqCyMTT,"Columbia",4A,USSM11002931
687,"Ahwak","Fairuz",48,94,"","","Chante Zaki Nassif",1994-01-01,04:49,50,30,55,0,40,0,30,-13,C,4,2025-05-01,6oUiGf6a2PFfvKjFn47hxK,"Voix de l'Orient",8B,FR10S2048722
688,"Rej'eet El Shatwiyi","Fairuz",47,115,"","","Al Mahatta Vol. 2",1973-00-00,03:04,45,33,92,0,52,0,50,-17,E minor,4,2025-05-01,62xMPRoJMfjxfjtDpyx6QT,"Repertoire",9A,FR96X1848596
689,"Kademnaloh El Hob Live","Shadia",35,136,"egyptian pop","Pop","Sahra Maa Shadya",2013-09-25,05:45,38,38,19,0,29,0,0,-9,A#/B♭ minor,4,2025-05-01,66Ol2298fi5ca4KWcCVsOD,"Global",3A,EGA020500559
690,"Basrah w Atooh","Cairokee",65,104,"egyptian pop, egyptian hip hop, arabic rap, mahraganat","Hip Hop, Pop, Electronic","Roma",2022-09-23,03:57,74,51,37,0,55,10,20,-9,D#/E♭ minor,4,2025-05-01,4vIbws1xp082bv0zl8vLaJ,"Cairokee-Roma",2A,QMDA62215045
691,"Nefsy Ahbek","Cairokee,Sara Moullablad",59,184,"egyptian pop, egyptian hip hop, arabic rap, mahraganat","Hip Hop, Pop, Electronic","Roma",2022-09-23,04:17,54,31,70,0,59,0,20,-12,F,4,2025-05-01,7yZc2gKENILqeJWofabYNF,"Cairokee-Roma",7B,QMDA62215047
692,"Ana Negm","Cairokee",62,92,"egyptian pop, egyptian hip hop, arabic rap, mahraganat","Hip Hop, Pop, Electronic","Roma",2022-09-23,04:01,68,49,77,0,26,0,10,-10,F#/G♭ minor,4,2025-05-01,6CU68VwcV10VfulVQMfj3X,"Cairokee-Roma",11A,QMDA62215050
693,"Hagaraan Ala Al Shesha","Hoba",44,108,"mahraganat, egyptian shaabi, egyptian pop","Pop, Traditional Music, Electronic, Hip Hop","Hoba",2013-10-08,05:25,67,82,21,0,78,0,10,-5,B,4,2025-05-01,7mjrovxCbFPlnkJ1aDhtu9,"Arabica",1B,FR6V82039558
694,"Ya Safeena","Hamza Namira",28,124,"egyptian pop, gnawa, sholawat, khaleeji","Pop, Traditional Music, Christian","Ya Safeena",2023-09-06,04:09,68,67,63,0,71,0,10,-8,G minor,4,2025-05-01,4ticYbFy3RxBbw94pMvHWj,"NAMIRA PRODUCTIONS",6A,DGA092312125
695,"Love","Faraj Suleiman",31,80,"arabic rap","Hip Hop","Second Verse",2019-06-08,05:59,56,33,91,89,28,0,0,-12,G#/A♭,4,2025-05-01,2haduuaSMHdj6UE39Fbwb6,"Faraj Suleiman",4B,ushm21932944
696,"A Prayer","Faraj Suleiman",23,91,"arabic rap","Hip Hop","Better Than Berlin",2020-12-07,04:00,62,49,64,1,43,0,10,-11,D#/E♭ minor,4,2025-05-01,4SaHCBEgdVAHmm7Wucnymr,"Faraj Suleiman",2A,usx9p2024093
697,"Look On Down From The Bridge","Mazzy Star",67,120,"dream pop, shoegaze, slowcore","Pop, Rock","Among My Swan",1996-10-29,04:47,37,8,64,69,10,0,10,-19,C,4,2025-05-01,010ALbbh5KlQ4fKWgSdhRd,"Capitol Records",8B,USCA29600651
698,"This Is Why","Paramore",66,123,"pop punk, emo, emo pop","Rock, Pop","This Is Why",2023-02-10,03:26,73,81,0,0,63,0,10,-5,D,4,2025-05-01,7HdXRMw14roDx2a0COWk3M,"Atlantic Records",10B,USAT22215020
699,"Questions on My Mind","Faraj Suleiman",46,115,"arabic rap","Hip Hop","Better Than Berlin",2020-12-07,04:04,63,52,72,22,62,0,40,-9,F minor,4,2025-05-01,24yw67zLpmbLpIDrZq8HwQ,"Faraj Suleiman",4A,usx9p2024084
700,"Say So","Doja Cat",78,111,"","","Hot Pink",2019-11-07,03:57,79,67,26,0,78,10,0,-5,B minor,4,2025-05-01,3Dv1eDb0MEgF93GpLXlucZ,"Kemosabe Records/RCA Records",10A,USRC11903454
701,"حلوة منك (من فيلم  فوي! فوي! فوي! )","Wegz",39,130,"egyptian hip hop, arabic rap, mahraganat, egyptian pop","Hip Hop, Pop, Electronic","حلوة منك (من فيلم  فوي! فوي! فوي! )",2023-09-06,03:30,71,65,73,0,61,30,10,-9,F minor,4,2025-05-01,0UDDU3BpxRA9tuXvXXp8hY,"Takwene",4A,EGA252309535
702,"I'm in Love With Wala Bint","Jadal",36,138,"arabic rap","Hip Hop","El Makina",2012-12-29,03:30,53,71,2,0,62,10,10,-9,E minor,4,2025-05-01,3uinmHlFKswnQddm7UdAr1,"Jadal",9A,usx9p1263621
703,"Agmal Ma Andy","Cairokee,Souad Massi",39,156,"egyptian pop, egyptian hip hop, arabic rap, mahraganat, gnawa","Hip Hop, Pop, Traditional Music, Electronic","El Sekka Shemal",2015-07-03,04:27,49,24,76,0,52,0,50,-10,D minor,3,2025-05-01,0gVsSmm7RktINMnPIaaQuO,"Cairokee Productions",7A,QM6N21959745
704,"3alam Kaddaba","Hamza Namira",44,90,"egyptian pop, gnawa, sholawat, khaleeji","Pop, Traditional Music, Christian","3alam Kaddaba",2023-08-23,03:50,74,44,61,0,69,0,0,-8,A minor,4,2025-05-01,6CxJSgUtAxa4JfpVe9kVkM,"NAMIRA PRODUCTIONS",8A,DGA082343841
705,"Yum Khdood (Ah Eh)","Jadal",23,103,"arabic rap","Hip Hop","La Tlou' El Daw",2021-09-24,03:39,69,68,0,0,59,0,10,-6,D,4,2025-05-01,6QdE3sRoJJzyjuVGBMKJ3l,"Jadal",10B,ushm92190108
706,"El Makina","Jadal",41,127,"arabic rap","Hip Hop","El Makina",2012-12-29,04:57,26,83,0,0,56,0,10,-5,A#/B♭ minor,4,2025-05-01,5OOjWcbvaz4xRPzPT3SRbB,"Jadal",3A,usx9p1263620
707,"Ana Bakhaf Min El Commitment","Jadal",47,126,"arabic rap","Hip Hop","El Makina",2012-12-29,04:20,67,40,3,2,45,0,10,-10,B,4,2025-05-01,5DJLUHviIEbqG1uXaoNzaq,"Jadal",1B,usx9p1263618
708,"Hamm O Bala","Jadal",44,105,"arabic rap","Hip Hop","La Tlou' El Daw",2021-09-24,02:59,60,70,69,0,13,10,10,-8,F#/G♭,4,2025-05-01,03olBFRUZDmJonU0ICxppY,"Jadal",2B,ushm92190114
709,"Ya Ahla O'yoon","Jadal",43,138,"arabic rap","Hip Hop","Arabic Rocks",2009-08-08,04:47,60,59,37,0,32,0,0,-4,B minor,4,2025-05-01,1lpujitF3P6WEsZAINjiXa,"JadaL",10A,JOA020901205
710,"Baby Set Me Free","Jadal",29,132,"arabic rap","Hip Hop","La Tlou' El Daw",2021-09-24,03:49,64,40,17,0,56,0,10,-11,D#/E♭ minor,4,2025-05-01,5pTlLJt0btMJzp6xngNpPv,"Jadal",2A,ushm92190112
711,"Kiss Me More (feat. SZA)","Doja Cat,SZA",85,111,"r&b","R&B","Planet Her",2021-06-25,03:28,76,71,26,0,78,0,10,-3,G#/A♭,4,2025-05-01,3DarAbFujv6eYNliUTyqtz,"Kemosabe Records/RCA Records",4B,USRC12100543
712,"Bubblegum (feat. Tyga)","Jason Derulo,Tyga",42,109,"","","Tattoos (Deluxe Edition)",2013-09-10,03:25,86,63,7,0,77,30,10,-6,B minor,4,2025-05-01,1EujTZPE2yBYbbwu2vWXvr,"Beluga Heights/Warner Records",10A,USWB11400674
713,"Ridin' Solo","Jason Derulo",42,90,"","","Jason Derulo (10th Anniversary Deluxe)",2020-08-07,03:35,56,83,13,0,59,10,10,-4,A,4,2025-05-01,3bX7A4AvhUp9OXGXh7KPX6,"Beluga Heights/Warner Records",11B,USWB10905329
714,"Princess Diana (with Nicki Minaj)","Ice Spice,Nicki Minaj",70,148,"","","Princess Diana (with Nicki Minaj)",2023-04-14,02:52,90,69,17,0,77,10,10,-5,A,4,2025-05-01,0ZxhtATQ0a6EvQNZ0z6NKV,"10K Projects/Capitol Records",11B,USUG12300211
715,"Bang Bang","Jessie J,Ariana Grande,Nicki Minaj",82,150,"pop, ","Pop","Sweet Talker (Deluxe Version)",2014-10-10,03:19,71,79,26,0,75,0,30,-3,C minor,4,2025-05-01,0puf9yIluy9W0vpMEUoAnN,"Lava Music/Republic Records",5A,USUM71409737
716,"Only","Nicki Minaj,Drake,Lil Wayne,Chris Brown",48,120,"rap, hip hop, r&b","Hip Hop, R&B","The Pinkprint (Deluxe Edition)",2014-12-15,05:12,81,49,41,0,26,50,10,-7,G#/A♭ minor,4,2025-05-01,5pekaGq0N6VkDiTZJgK18A,"Nicki Minaj/Cash Money",1A,USCM51400340
717,"My Dearest Friend And Enemy","Tamino",42,81,"","","Sahar",2022-09-23,04:32,35,17,78,0,7,0,10,-9,B,4,2025-05-01,0vFdt1wVO1tLROMapHbGK2,"Communion Music",1B,GB6TW2200038
718,"Cinnamon","Tamino",46,107,"","","Sahar",2022-09-23,02:50,65,28,80,0,43,0,10,-13,E,4,2025-05-01,6tDTR7BdMt8sRUgKTRDDvj,"Communion Music",12B,GB6TW2200035
719,"Fascination","Tamino",44,93,"","","Sahar",2022-09-23,04:29,53,57,2,0,22,0,10,-8,D,4,2025-05-01,3If1PJtB9UqMf5VwCWHp80,"Communion Music",10B,GB6TW2200032
720,"Sheekayyo","Hamza Namira",0,95,"egyptian pop, gnawa, sholawat, khaleeji","Pop, Traditional Music, Christian","Hateer Min Tany",2018-01-01,03:29,66,92,58,0,97,0,30,-6,E minor,4,2025-05-01,4lBWbsKOFuuOTAVBlrJ74J,"MuzicUp",9A,EGA1K1800017
721,"Ghoroub","Hamza Namira",34,75,"egyptian pop, gnawa, sholawat, khaleeji","Pop, Traditional Music, Christian","Ghoroub",2023-07-26,03:56,48,44,82,0,31,0,10,-9,D#/E♭ minor,4,2025-05-01,4HzYwVromZpF1qgANSvrxU,"NAMIRA PRODUCTIONS",2A,DGA062339368
722,"No Surprises","Radiohead",86,76,"art rock, alternative rock","Rock","OK Computer",1997-05-28,03:49,26,39,6,0,12,0,10,-11,F,4,2025-05-01,10nyNJ6zNy2YVYLrcwLccB,"XL Recordings",7B,GBAYE9700386
723,"Ain't No Sunshine","Bill Withers",83,78,"soul, motown","Pop, R&B, Blues","Just As I Am",1971-05-01,02:05,53,42,46,0,52,10,10,-11,E minor,4,2025-05-01,1k1Bqnv2R0uJXQN4u6LKYt,"Columbia/Legacy",9A,USSM10000372
724,"Footsteps in the Dark, Pts. 1 & 2","The Isley Brothers",64,81,"motown, quiet storm, soul, northern soul","Pop, R&B, Blues","Go for Your Guns",1977-08-21,05:06,68,37,40,0,87,0,0,-11,B minor,4,2025-05-01,1tL5a9jowsWMtn3wkFYsG9,"Epic/Legacy",10A,USSM10016350
725,"Annihilate - Spider-Man: Across the Spider-Verse","Metro Boomin,Swae Lee,Lil Wayne,Offset",49,146,"rap, hip hop, ","Hip Hop","METRO BOOMIN PRESENTS SPIDER-MAN: ACROSS THE SPIDER-VERSE [SOUNDTRACK FROM AND INSPIRED BY THE MOTION PICTURE (METROVERSE INSTRUMENTAL EDITION)]",2023-08-04,03:51,59,50,22,0,20,0,10,-6,B minor,4,2025-05-01,6bRXONmpYZQOk8kj54FaRz,"Republic Records",10A,USUM72308539
726,"Shiekh El Arab","Hamza Namira",20,90,"egyptian pop, gnawa, sholawat, khaleeji","Pop, Traditional Music, Christian","Shiekh El Arab",2023-08-16,03:47,61,80,50,0,74,10,50,-7,B minor,4,2025-05-01,1t6TBaFGvaPxWlF7eC83QT,"NAMIRA PRODUCTIONS",10A,DGA072398889
727,"Groundhog Day","Em Beihold",57,85,"","","Groundhog Day",2021-05-28,02:53,80,46,56,0,51,0,0,-8,F#/G♭,4,2025-05-01,0QLb1y64s617SAnnDoUZLN,"Republic Records/Moon Projects, LLC.",2B,QZHN72175830
728,"About Damn Time","Lizzo",77,109,"","","Special",2022-07-15,03:11,84,74,10,0,72,0,30,-6,A#/B♭ minor,4,2025-05-01,6HMtHNpW6YPi1hrw9tgF8P,"Nice Life/Atlantic",3A,USAT22203704
729,"Mesh Saleem","Hamza Namira",29,124,"egyptian pop, gnawa, sholawat, khaleeji","Pop, Traditional Music, Christian","Mesh Saleem",2023-08-16,03:33,55,56,57,0,51,0,10,-7,B minor,4,2025-05-01,06GfyzaBSbs18pJsZO1jvM,"NAMIRA PRODUCTIONS",10A,DGA082301373
730,"La3allo Khair","Hamza Namira",32,98,"egyptian pop, gnawa, sholawat, khaleeji","Pop, Traditional Music, Christian","La3allo Khair",2023-08-09,03:39,68,74,64,0,81,0,20,-7,G minor,4,2025-05-01,59EZZvHmbQDBH2ps7l3Yik,"NAMIRA PRODUCTIONS",6A,DGA072369242
731,"Ana El Tayeb","Hamza Namira",33,98,"egyptian pop, gnawa, sholawat, khaleeji","Pop, Traditional Music, Christian","Ana El Tayeb",2023-08-09,03:24,65,66,21,0,71,0,20,-7,F,4,2025-05-01,7BpSOx73f8kASfLHhxSbBr,"NAMIRA PRODUCTIONS",7B,DGA072370180
732,"ناس","Ghaliaa",0,141,"khaleeji","Pop","ناس",2020-03-31,02:40,44,29,97,0,47,0,10,-10,F#/G♭ minor,3,2025-05-01,24ckZ3Jh12XPbKU1R78hbr,"Ghaliaa",11A,TCAES2089415
733,"Love Songs - Remix","Kaash Paige,6LACK",0,120,"","","Summer Chillout 2022",2022-05-25,02:30,63,37,71,0,45,10,10,-12,F,4,2025-05-01,63cZphP824AEsmGgLS1dH7,"UME - Global Clearing House",7B,USUG11904334
734,"حبيبي برشلوني","Hussain Aljassmi",45,84,"khaleeji, egyptian pop, mahraganat, egyptian shaabi","Pop, Traditional Music, Electronic, Hip Hop","من القلب",2013-12-01,03:37,58,72,30,0,93,10,0,-3,G minor,4,2025-05-01,4QvVK1XeBkyABZZw4gyD0v,"Hussain Aljassmi",6A,aea141201360
735,"اهل كايرو","Hussain Aljassmi",36,156,"khaleeji, egyptian pop, mahraganat, egyptian shaabi","Pop, Traditional Music, Electronic, Hip Hop","اهل كايرو",2010-08-24,03:30,69,81,59,0,89,10,10,-7,D minor,4,2025-05-01,2W2V8EqcsDvwVoQJSEnrPg,"Hussain Al Jassmi",7A,aea141002314
736,"Msh Ha2dar 7d","Abyusif",30,134,"egyptian hip hop, arabic rap, egyptian pop, mahraganat","Hip Hop, Pop, Electronic","Wa7ed Wa7ed",2018-07-15,04:26,73,82,9,0,74,0,30,-6,B minor,4,2025-05-01,3649r16CAx6lGml3trmwW5,"Abyusif",10A,QZNJV2393392
737,"Al Amakin","Mohammed Abdu",0,149,"khaleeji","Pop","Agrab Al Nass",2008-09-02,11:55,28,64,20,0,56,0,60,-7,D#/E♭,4,2025-05-01,7qXb6Xw1V0H9N7jHurMwa5,"SALNA Production",5B,VGA010813333
738,"Reyah El Hayah","Hamza Namira",52,174,"egyptian pop, gnawa, sholawat, khaleeji","Pop, Traditional Music, Christian","Reyah El Hayah",2023-08-02,03:49,37,52,79,0,69,0,10,-8,B minor,4,2025-05-01,1ZuHXbFUhAb3SHOn4TzQbW,"NAMIRA PRODUCTIONS",10A,DGA072332812
739,"Kan El Zamaan","Fairuz",48,137,"","","Emany Satea",1973-01-01,02:34,56,52,59,0,90,0,20,-7,B minor,4,2025-05-01,6tZnlnmXrCvmfZ7X1X143w,"Modissa - Randa Phone",10A,QZ4UU1801262
740,"لحظة تفاهم","zainab",10,149,"","","بحبك",1985-02-24,08:24,31,51,81,0,42,0,10,-8,C minor,4,2025-05-01,0j2Il2KUJIIYlanezw4Vtt,"Delta Sound",5A,FR59R2398023
741,"تصدق ولا احلفلك","Talal Madah",32,79,"khaleeji","Pop","أحرجتني",1992-12-19,06:21,41,28,40,0,52,0,70,-13,G minor,4,2025-05-01,5mCm2KN5twJd9rDfFpnz1o,"OLX Records",6A,GBLLT2149584
742,"CIRCUS MAXIMUS (feat. The Weeknd & Swae Lee)","Travis Scott,The Weeknd,Swae Lee",70,125,"rap, ","Hip Hop","UTOPIA",2023-07-28,04:18,68,76,0,1,25,0,30,-6,C♯/D♭,4,2025-05-01,4GL9GMX9t7Qkprvf1YighZ,"Cactus Jack/Epic",3B,USSM12305014
743,"MY EYES","Travis Scott",84,119,"rap","Hip Hop","UTOPIA",2023-07-28,04:11,46,62,65,0,28,0,10,-8,C minor,4,2025-05-01,4kjI1gwQZRKNDkw1nI475M,"Cactus Jack/Epic",5A,USSM12305007
744,"LOOOVE (feat. Kid Cudi)","Travis Scott,Kid Cudi",67,111,"rap, ","Hip Hop","UTOPIA",2023-07-28,03:46,68,74,7,0,11,0,30,-4,D#/E♭,4,2025-05-01,0a4SMs889NwP8oWI7Vemle,"Cactus Jack/Epic",5B,USSM12305018
745,"SKITZO (feat. Young Thug)","Travis Scott,Young Thug",71,83,"rap, melodic rap, trap","Hip Hop","UTOPIA",2023-07-28,06:06,47,55,10,0,35,20,30,-7,F minor,4,2025-05-01,0bkV1iQHSxBaksUqgEkcbc,"Cactus Jack/Epic",4A,USSM12305016
746,"TIL FURTHER NOTICE (feat. James Blake & 21 Savage)","Travis Scott,James Blake,21 Savage",79,77,"rap, ","Hip Hop","UTOPIA",2023-07-28,05:14,65,66,17,1,15,10,10,-7,D#/E♭ minor,4,2025-05-01,76gcXhY3Zv6wW0BTe9nHJo,"Cactus Jack/Epic",2A,USSM12305020
747,"DELRESTO (ECHOES) (feat. Beyoncé)","Travis Scott,Beyoncé",64,116,"rap, ","Hip Hop","UTOPIA",2023-07-28,04:34,67,61,46,0,51,0,30,-6,D minor,4,2025-05-01,0OEe83mMZ5kaNw5uZQ7ilG,"Cactus Jack/Epic",7A,USSM12305011
748,"MELTDOWN (feat. Drake)","Travis Scott,Drake",77,112,"rap, hip hop","Hip Hop","UTOPIA",2023-07-28,04:06,56,77,1,0,40,30,40,-5,G minor,4,2025-05-01,67nepsnrcZkowTxMWigSbb,"Cactus Jack/Epic",6A,USSM12305021
749,"HYAENA","Travis Scott",72,97,"rap","Hip Hop","UTOPIA",2023-07-28,03:42,61,75,3,0,46,0,10,-5,G#/A♭,4,2025-05-01,0hL9gOw6XBWsygEUcVjxEc,"Cactus Jack/Epic",4B,USSM12305004
750,"THANK GOD","Travis Scott",74,135,"rap","Hip Hop","UTOPIA",2023-07-28,03:04,66,55,25,0,58,0,10,-7,A#/B♭ minor,4,2025-05-01,1PH2MDbcBAU094DlgTIND1,"Cactus Jack/Epic",3A,USSM12305005
751,"I KNOW ?","Travis Scott",83,118,"rap","Hip Hop","UTOPIA",2023-07-28,03:31,93,62,2,0,82,0,10,-4,F minor,4,2025-05-01,6wsqVwoiVH2kde4k4KKAFU,"Cactus Jack/Epic",4A,USSM12305012
752,"TELEKINESIS (feat. SZA & Future)","Travis Scott,SZA,Future",80,83,"rap, r&b","R&B, Hip Hop","UTOPIA",2023-07-28,05:53,46,54,57,0,22,0,10,-5,F minor,4,2025-05-01,1i9lZvlaDdWDPyXEE95aiq,"Cactus Jack/Epic",4A,USSM12305019
753,"City of Angels","Em Beihold",0,75,"","","City of Angels",2020-08-14,03:14,68,37,79,0,34,0,30,-7,E,4,2025-05-01,5amAJIEdIVtWYEi4wGp7Fn,"FRTYFVE",12B,QZK6P2075238
754,"Eskendereya","Hamza Namira",25,143,"egyptian pop, gnawa, sholawat, khaleeji","Pop, Traditional Music, Christian","Eskendereya",2023-07-26,03:37,71,73,18,0,96,0,0,-7,D,4,2025-05-01,1xLgw7NZmHcFDi7PRe4Wod,"NAMIRA PRODUCTIONS",10B,DGA062339367
755,"صوت العيد - زين العيد","zain Group",45,106,"sholawat, khaleeji","Pop, Christian","صوت العيد - زين العيد",2022-07-02,02:50,80,78,74,0,76,0,10,-5,D#/E♭ minor,4,2025-05-01,0Mu5Qq1bn1bBOcvxs4Gu08,"4085967 Records DK",2A,QZK6H2273408
756,"Aref Habibi","Amr Diab",49,127,"egyptian pop, khaleeji","Pop","Banadek Taala",2011-07-29,03:39,70,73,33,0,77,0,10,-8,F#/G♭ minor,4,2025-05-01,26Bg5M9nJYVenYYlNoVr1T,"RotanaAudioVisualL.L.C",11A,LBA081106704
757,"Maak Bartaah","Amr Diab",35,129,"egyptian pop, khaleeji","Pop","Banadek Taala",2011-07-29,03:53,57,85,2,26,49,0,30,-8,A#/B♭ minor,4,2025-05-01,5DLeLqsSCS3buwwkCo7UkS,"RotanaAudioVisualL.L.C",3A,LBA081106698
758,"Aghla Min Omry","Amr Diab",48,128,"egyptian pop, khaleeji","Pop","Banadek Taala",2011-07-29,04:45,71,90,7,0,90,0,0,-6,G,4,2025-05-01,0B8J2G24HH7yD1wTxHHjO7,"RotanaAudioVisualL.L.C",9B,LBA081106703
759,"Allumak Leh","Amr Diab",53,127,"egyptian pop, khaleeji","Pop","Banadek Taala",2011-07-29,03:20,70,73,20,0,83,0,10,-7,E minor,4,2025-05-01,4urNtSplWhvHbfWFSK4WVp,"RotanaAudioVisualL.L.C",9A,LBA081106697
760,"Teir Fessama","Eman El Bahr Darwesh",17,138,"","","Teir Fessama",1988-01-01,07:11,56,58,46,0,66,0,40,-11,D minor,4,2025-05-01,59cht04CwiipOSz3egD992,"Three Camels",7A,FRX452250752
761,"Ya Sohbageya","Eman El Bahr Darwish",19,162,"egyptian pop","Pop","El Awela Ah",1984-01-01,04:39,54,58,60,0,67,0,30,-11,G#/A♭,4,2025-05-01,34t6X5K3thKf3XgTgQOyxS,"Modissa - Sout El Hob",4B,EGA019001688
762,"Mahsobko Endas - El Arwam","Eman El Bahr Darwish",22,126,"egyptian pop","Pop","El Waretheen",1983-01-01,03:18,64,87,39,0,97,0,30,-8,D minor,4,2025-05-01,5ywXr2XW4ljzrUSyMbEVBB,"Modissa - Sout El Hob",7A,EGA019001697
763,"Tesadak Wala Ahleflak","Eman El Bahr Darwesh",2,166,"","","Wala Omrek Wahashtiny",1993-01-01,08:33,51,88,60,0,64,0,40,-7,C,4,2025-05-01,2bU8zECRl5SEfwDcFR5FCl,"VINO",8B,FRX452243060
764,"Ana Makbalsh","Eman El Bahr Darwesh",6,81,"","","Shams W Dafa",1991-01-01,05:35,49,44,27,83,34,0,0,-11,C♯/D♭,4,2025-05-01,0sHibGWFa9vlRvYCKCeR3f,"VINO",3B,FRX452245240
765,"Wala Omrek Wahashtiny","Eman El Bahr Darwesh",16,111,"","","Wala Omrek Wahashtiny",1993-01-01,05:16,45,55,45,0,28,0,10,-8,A minor,4,2025-05-01,6svowMEz6o7uhIA2zzMV6A,"VINO",8A,FRX452243059
766,"12345","Em Beihold",47,138,"","","Egg in the Backseat",2022-07-22,02:44,73,61,38,0,56,0,10,-6,A,4,2025-05-01,0fxUGOzBYJGKgs5ZKw1Em5,"Republic Records/Moon Projects, LLC.",11B,USUM72211535
767,"Too Precious","Em Beihold",53,118,"","","Egg in the Backseat",2022-07-22,02:49,80,56,29,0,45,0,10,-5,G#/A♭,4,2025-05-01,6fE3wA5brWaKWadgaGJWMw,"Republic Records/Moon Projects, LLC.",4B,USUM72206996
768,"Porcelain","Em Beihold",38,76,"","","Egg in the Backseat",2022-07-22,02:29,79,67,48,0,58,0,0,-4,G#/A♭,4,2025-05-01,7G2W0SU0bdxC48g1gzB4Rz,"Republic Records/Moon Projects, LLC.",4B,USUM72212793
769,"Numb Little Bug","Em Beihold",71,85,"","","Egg in the Backseat",2022-07-22,02:49,74,53,33,0,64,0,20,-7,G#/A♭ minor,4,2025-05-01,1KQc37jezhunxnOPhvdwSG,"Republic Records/Moon Projects, LLC.",1A,USUM72200626
770,"Wrecking Ball","Miley Cyrus",83,120,"","","Bangerz (Deluxe Version)",2013-10-04,03:41,53,42,41,0,35,0,10,-6,F,4,2025-05-01,2vwlzO0Qp8kfEtzTsCXfyE,"RCA Records Label",7B,USRC11301214
771,"Etganen","Cairokee,Aida el Ayoubi,Zap Tharwat",37,120,"egyptian pop, egyptian hip hop, arabic rap, mahraganat","Hip Hop, Pop, Electronic","Etganen",2013-02-09,03:06,72,78,62,0,78,0,10,-7,D#/E♭ minor,4,2025-05-01,2vXD1wBUPRyb2NYf72vBbT,"Cairokee Productions",2A,QM6MZ2228146
772,"(Explicit version) منافقين","DJ Totti,Shehab",53,100,"egyptian hip hop, arabic rap, mahraganat, egyptian pop, egyptian shaabi","Hip Hop, Pop, Traditional Music, Electronic","منافقين",2021-04-03,03:27,83,70,43,0,75,20,10,-6,A minor,4,2025-05-01,40OzlzlZdQqZqUl3SXh5m2,"Takwene",8A,EGA252101521
773,"Diet Mountain Dew","Lana Del Rey",80,88,"","","Born To Die - The Paradise Edition",2012-01-01,03:42,60,70,28,0,53,0,40,-6,A#/B♭ minor,4,2025-05-01,2vtmY2mSccRzKGjtcHSzI3,"Polydor Records",3A,GBUM71111528
774,"Nehayat El Hakawy","Massar Egbari",42,132,"egyptian pop, arabic rap","Hip Hop, Pop","El Album",2018-10-16,02:40,38,24,81,0,26,0,10,-11,G minor,3,2025-05-01,5y2CUolrd9Qjrb7lyEuQ3b,"Massar Egbari",6A,aea141807032
775,"Over the Rainbow","Israel Kamakawiwo'ole",76,86,"","","Alone In Iz World",2001-09-25,03:31,67,15,91,0,66,0,0,-14,C,4,2025-05-01,3oQomOPRNQ5NVFUmLJHbAV,"Big Boy Records",8B,USMAC0100119
776,"Mekameleen","Cairokee",22,112,"egyptian pop, egyptian hip hop, arabic rap, mahraganat","Hip Hop, Pop, Electronic","Mekameleen",2013-08-07,03:30,79,68,13,0,77,0,0,-8,G,4,2025-05-01,1WOyQB1UrIVEyuP34Bv6fS,"Cairokee Productions",9B,QM6MZ2227967
777,"Send It Up","Kanye West",57,94,"rap","Hip Hop","Yeezus",2013-06-18,02:58,58,54,29,0,37,30,20,-5,A,4,2025-05-01,3RKblQNJs8HPvWBgXmq6nn,"Rock The World/IDJ/Kanye/LP6",11B,USUM71307511
778,"Blood On The Leaves","Kanye West",65,172,"rap","Hip Hop","Yeezus",2013-06-18,05:59,40,69,40,0,36,20,10,-4,D minor,4,2025-05-01,42GcjriRK6srwHkfbkBqVl,"Rock The World/IDJ/Kanye/LP6",7A,USUM71307498
779,"New Kid in Town - 2013 Remaster","Eagles",70,107,"classic rock, soft rock","Rock","Hotel California (2013 Remaster)",1976-12-08,05:04,65,43,38,0,65,0,10,-10,E,4,2025-05-01,6Zyz8lsnMFpIrCTuvGurCB,"Rhino/Elektra",12B,USEE11300354
780,"Time in a Bottle","Jim Croce",2,134,"folk rock, singer-songwriter","Folk, Rock","You Don't Mess Around With Jim",1972-04-01,02:26,54,27,85,0,70,0,20,-12,D,3,2025-05-01,561F1zqRwGPCTMRsLsXVtL,"R2M",10B,GBAJE7200780
781,"Sawwah Live","Abdel Halim Hafez",37,134,"egyptian pop, khaleeji","Pop","El Toba",1972-12-31,13:57,37,41,92,0,36,0,90,-11,C♯/D♭,4,2025-05-01,6bU1jVnuqwkrL72IApkUR5,"Abdel Halim Hafez",3B,EGA020500551
782,"سنيه","شحته كاريكا,إيشا الشوالى",33,120,"mahraganat, egyptian shaabi, ","Traditional Music, Electronic, Hip Hop","الناس ما بترحمش",2014-04-17,03:22,82,95,28,0,81,10,0,-3,B minor,4,2025-05-01,531XpuoIHxVqAUBRakFgEb,"Talent Wm",10A,aea141401388
783,"العشق جنون","Talaat Zin",30,150,"","","تعالى",1996-02-21,04:48,49,45,45,0,39,0,10,-14,F,4,2025-05-01,4kDVyeMJsp9S053kVsWwVY,"Delta Sound",7B,FR59R2369269
784,"الدنيا ايه","Wegz,Draganov",52,160,"egyptian hip hop, arabic rap, mahraganat, egyptian pop, moroccan rap, moroccan pop","Hip Hop, Pop, Electronic","الدنيا ايه",2023-06-22,03:38,73,49,51,0,54,30,10,-10,A#/B♭ minor,4,2025-05-01,6SBv0Z2UG5lkdJPWIarKj0,"Takwene",3A,EGA252307419
785,"Eleanor Rigby","The Beatles",63,137,"classic rock, psychedelic rock","Rock","Yellow Submarine Songtrack",2014-01-01,02:05,52,30,84,0,62,0,40,-7,E minor,4,2025-05-01,6EOKwO6WaLal58MSsi6U4W,"EMI Catalogue",9A,GBAYE9901219
786,"Kont Faker","Cairokee",50,80,"egyptian pop, egyptian hip hop, arabic rap, mahraganat","Hip Hop, Pop, Electronic","Noaata Beida",2017-07-11,05:04,52,18,86,14,25,0,10,-13,D#/E♭ minor,4,2025-05-01,2B0mg4N25kLBlyOgWmqcvv,"Cairokee Productions",2A,QM6MZ2226152
787,"Hodna","Cairokee",39,76,"egyptian pop, egyptian hip hop, arabic rap, mahraganat","Hip Hop, Pop, Electronic","Noaata Beida",2017-07-11,04:29,67,49,30,0,54,0,10,-11,C♯/D♭ minor,4,2025-05-01,2hAtcjGIiALnCGdAt2hP1M,"Cairokee Productions",12A,QM6MZ2226154
788,"El Keif","Cairokee,Tarek El Sheikh",51,108,"egyptian pop, egyptian hip hop, arabic rap, mahraganat, ","Hip Hop, Pop, Electronic","Noaata Beida",2017-07-11,03:45,59,65,23,0,41,0,10,-10,A minor,4,2025-05-01,4aS9Acxyh86lpyN0sE1IRa,"Cairokee Productions",8A,QM6MZ2226148
789,"Baed El Layali","Amr Diab",3,90,"egyptian pop, khaleeji","Pop","Aktar Wahed Beihebak",2001-01-01,04:29,66,72,9,0,63,0,0,-10,C♯/D♭,4,2025-05-01,4K7FIcGEC85tziKhg48aBm,"Global",3B,EGA020501656
790,"Khaleeny Ganbak","Amr Diab",19,88,"egyptian pop, khaleeji","Pop","Ahla Ma Ghana Amr Diab",2005-02-25,05:12,58,66,6,0,11,20,10,-9,D,4,2025-05-01,0JiIlFjMqX0rYt3Ns026Y7,"Global",10B,EGA020501764
791,"عينى فى عينيك (Eini Fi Einek)","Eskenderella",13,130,"","","Safha Gedeeda",2014-03-30,06:21,60,19,77,0,27,0,20,-15,A minor,4,2025-05-01,33jqJ0IGviatdmGuUWcKFQ,"Dj Recording",8A,uscgj1480599
792,"Can't Feel My Face","The Weeknd",84,108,"","","Beauty Behind The Madness",2015-08-28,03:33,71,77,11,0,58,0,10,-6,A minor,4,2025-05-01,22VdIZQfgXJea34mQxlt81,"Universal Republic Records",8A,USUG11500741
793,"Often","The Weeknd",82,134,"","","Beauty Behind The Madness",2015-08-28,04:09,57,63,22,0,7,0,10,-10,G minor,4,2025-05-01,4PhsKqMdgMEUSstTDAmMpg,"Universal Republic Records",6A,USUG11401323
794,"Earned It (Fifty Shades Of Grey)","The Weeknd",79,120,"","","The Highlights",2021-02-05,04:37,66,28,43,0,39,0,0,-8,D minor,3,2025-05-01,1cQ3LIkZE68pMSnPhZWXLu,"Universal Republic Records",7A,USUG11500923
795,"No Witness / Sex On Fire - Live in Moscow","LP",0,157,"","","Live in Moscow",2020-05-29,05:01,47,85,0,0,48,0,60,-6,D minor,4,2025-05-01,5Gb4brcBBvpavBuIsj6Ngz,"BMG Rights Management (US) LLC",7A,QMRSZ2001067
796,"Tell Your Friends","The Weeknd",68,75,"","","Beauty Behind The Madness",2015-08-28,05:34,58,45,27,0,31,0,10,-11,C♯/D♭ minor,4,2025-05-01,1mhVXWduD8ReDwusfaHNwU,"Universal Republic Records",12A,USUG11500917
797,"Losers","The Weeknd,Labrinth",61,91,"","","Beauty Behind The Madness",2015-08-28,04:41,67,49,4,0,29,0,50,-10,C minor,4,2025-05-01,1bAvtmTl0F9loyz9AwPwp7,"Universal Republic Records",5A,USUG11500915
798,"Shameless","The Weeknd",66,100,"","","Beauty Behind The Madness",2015-08-28,04:13,60,56,15,0,23,0,10,-8,F#/G♭,4,2025-05-01,6C6fHTuFUxVtJpBOOaMvJr,"Universal Republic Records",2B,USUG11500921
799,"Ana Bas Saktalak","Nancy Mounir,Fatma Serry",7,116,"experimental, ","Electronic, Jazz, Rock","Nozhet El Nofous",2022-06-03,04:08,31,21,77,77,11,0,0,-14,A,4,2025-05-01,0Hgw21Mv20KeKxLYpPr31O,"Simsara Records",11B,GBHLW2200548
800,"Taala Ya Shater","Nancy Mounir,Naima El Masreya",11,119,"experimental, ","Electronic, Jazz, Rock","Nozhet El Nofous",2022-06-03,03:34,42,30,97,81,14,0,30,-13,D,4,2025-05-01,0hgrykVsaLsGGquvtwOt93,"Simsara Records",10B,GBHLW2200542
801,"Khafif Khafif","Nancy Mounir,Saleh Abdel Hay",10,92,"experimental, ","Electronic, Jazz, Rock","Nozhet El Nofous",2022-06-03,03:41,28,23,87,29,4,0,10,-14,C,3,2025-05-01,48hNKQWNCFwOrJhzDUrJwd,"Simsara Records",8B,GBHLW2200543
802,"Matkhafsh Alayya","Nancy Mounir,Abdel Latif El Banna",13,80,"experimental, ","Electronic, Jazz, Rock","Nozhet El Nofous",2022-06-03,02:48,25,28,99,94,44,0,10,-14,G,4,2025-05-01,62IBNRlVd4XWP5sjg0CQwj,"Simsara Records",9B,GBHLW2200544
803,"Finally a Success","Khaled Hammad",14,130,"egyptian pop","Pop","Hammam Fi Amsterdam (Original Motion Picture Soundtrack)",1999-08-17,02:51,32,26,30,30,23,0,10,-14,G,4,2025-05-01,5RfkVcmNM6A6l5KjjvOyQu,"Real Time",9B,QZES61901818
804,"My Dreams Came True","Khaled Hammad",5,108,"egyptian pop","Pop","Hammam Fi Amsterdam (Original Motion Picture Soundtrack)",1999-08-17,02:18,50,48,5,91,68,0,10,-14,E minor,4,2025-05-01,7gpsBPBmFpinF0D8JInxlj,"Real Time",9A,QZES61901816
805,"Hope","Khaled Hammad",5,141,"egyptian pop","Pop","Hammam Fi Amsterdam (Original Motion Picture Soundtrack)",1999-08-17,01:24,64,46,16,0,76,0,10,-12,E minor,4,2025-05-01,7MZwj0oUFhxRWzuwtqeNmL,"Real Time",9A,QZES61901814
806,"Just Forget Her","Khaled Hammad",23,163,"egyptian pop","Pop","Hammam Fi Amsterdam (Original Motion Picture Soundtrack)",1999-08-17,01:19,43,32,90,59,56,0,10,-12,E minor,4,2025-05-01,5YXAKv9TxZsN6z2VhaIxj4,"Real Time",9A,QZES61901805
807,"The Entertainer","Scott Joplin",40,178,"ragtime, classical piano","Classical, Jazz","The Entertainer",2003-00-00,03:30,41,40,99,87,89,0,10,-17,F,4,2025-05-01,5AG5pSFU0yXf1VosgYL6kr,"Shout! Factory",7B,USSE90321747
808,"Mask Jawy","Slow Moe",22,135,"arabic rap, egyptian hip hop, khaleeji","Hip Hop, Pop","Mask Jawy",2013-06-29,03:31,68,74,14,0,53,10,10,-6,B,4,2025-05-01,0SmKyt5ZGUjoLxgNglJPbZ,"Slow Moe",1B,aea141308125
809,"Crazy Ride","Khaled Hammad",0,100,"egyptian pop","Pop","Ala Ganb Yasta (Original Motion Picture Soundtrack)",2008-06-04,01:28,69,69,62,70,37,0,0,-13,G minor,4,2025-05-01,1AaOI6qYxX2shBFJAVgWBS,"Real Time",6A,QZES71910320
810,"Ashek Sareh Fel Malakot","Khaled Hammad,Reham Abd Elhakim",32,108,"egyptian pop, ","Pop","Khatem Soliman (Original TV Series Soundtrack)",2011-08-01,03:23,50,42,72,0,27,0,20,-9,G minor,4,2025-05-01,5xEAymRNIrMqwqdwUbAmKT,"Real Time",6A,QZFYW1992771
811,"Cairo at Night","Khaled Hammad",1,200,"egyptian pop","Pop","Ala Ganb Yasta (Original Motion Picture Soundtrack)",2008-06-04,01:46,48,41,42,91,30,0,20,-14,G,4,2025-05-01,4IVMd2fPSBJmhwTXCyKvjy,"Real Time",9B,QZES71910319
812,"Me and My Taxi","Khaled Hammad",5,100,"egyptian pop","Pop","Ala Ganb Yasta (Original Motion Picture Soundtrack)",2008-06-04,01:51,57,22,28,84,19,0,0,-16,G minor,4,2025-05-01,5Vev3Z87Q6MbyAKefHB08p,"Real Time",6A,QZES71910317
813,"Am I Dreaming (Metro Boomin & A$AP Rocky, Roisee)","Metro Boomin,A$AP Rocky,Roisee",79,90,"rap, ","Hip Hop","METRO BOOMIN PRESENTS SPIDER-MAN: ACROSS THE SPIDER-VERSE (SOUNDTRACK FROM AND INSPIRED BY THE MOTION PICTURE)",2023-06-02,04:16,60,54,5,0,13,0,20,-8,A minor,4,2025-05-01,6Ec5LeRzkisa5KJtwLfOoW,"Republic Records",8A,USUM72308540
814,"Never Enough","Loren Allred",77,87,"","","The Greatest Showman (Original Motion Picture Soundtrack)",2017-12-08,03:27,28,39,42,0,23,0,10,-9,G#/A♭,3,2025-05-01,0Gl5s8IhMmQE5YQwM8Qx1J,"Atlantic Records",4B,USAT21704621
815,"Pisa","Ahmed Santa",20,80,"egyptian hip hop, arabic rap, mahraganat, egyptian pop","Hip Hop, Pop, Electronic","Santa El Gded",2022-08-06,02:54,67,73,32,0,18,10,10,-9,F#/G♭ minor,4,2025-05-01,1L6EFc5wlGZAb15Vgwn8SR,"Universal Music MENA",11A,AEUM72200078
816,"Meen Byzawel","Ahmed Santa",22,176,"egyptian hip hop, arabic rap, mahraganat, egyptian pop","Hip Hop, Pop, Electronic","Santa El Gded",2022-08-06,03:28,60,74,0,0,32,30,10,-8,D,4,2025-05-01,5N4CgWSADxQ7HozQA3AKzX,"Universal Music MENA",10B,AEUM72200083
817,"Sadio The Mane","Ahmed Santa",36,135,"egyptian hip hop, arabic rap, mahraganat, egyptian pop","Hip Hop, Pop, Electronic","Santa El Gded",2022-08-06,02:36,89,53,19,0,96,40,20,-8,D,4,2025-05-01,49xpWfDYAMGs1dsWJ7LGHy,"Universal Music MENA",10B,AEUM72200084
818,"العيلة","Eldab3",28,100,"egyptian hip hop, arabic rap, mahraganat, egyptian pop","Hip Hop, Pop, Electronic","العيلة",2019-09-10,02:55,71,65,17,0,56,0,30,-9,A minor,4,2025-05-01,28aTqkJtwGWjQGTRErUoTq,"1144239 Records DK",8A,QZHN41942848
819,"يا بلاش","Eldab3",30,67,"egyptian hip hop, arabic rap, mahraganat, egyptian pop","Hip Hop, Pop, Electronic","يا بلاش",2023-01-31,02:35,39,50,58,0,38,10,0,-6,E minor,3,2025-05-01,3obENa5OBnCiYfn8GoYhUZ,"Ra2s Mal Records",9A,QZFZ72315062
820,"لما تضلم","Eldab3",0,94,"egyptian hip hop, arabic rap, mahraganat, egyptian pop","Hip Hop, Pop, Electronic","لما تضلم",2020-08-27,02:46,91,26,17,2,31,20,0,-13,E minor,4,2025-05-01,0g2cQuLfbu8D5iaWQg9Txj,"Eldabe Records",9A,QZK6L2057870
821,"Flash","Eldab3,Marwan Moussa",36,155,"egyptian hip hop, arabic rap, mahraganat, egyptian pop","Hip Hop, Pop, Electronic","3awdet Eldab3",2023-05-05,03:32,69,62,43,0,92,0,60,-9,C♯/D♭,4,2025-05-01,1tMyC59QGMqKatuWLhvggu,"The Basement Records",3B,EGA072300320
822,"Keda","Sherine",4,94,"egyptian pop, sholawat, khaleeji","Pop, Christian","Tareky Series",2019-07-28,02:58,31,37,88,0,33,0,20,-9,C minor,4,2025-05-01,1s6TysiWme3GWeJew7nFft,"MuzicUp",5A,EGA1K1814313
823,"Akheran Etgarraat","Sherine",32,174,"egyptian pop, sholawat, khaleeji","Pop, Christian","Habeat",2009-07-05,04:11,58,88,3,8,76,0,10,-4,G minor,4,2025-05-01,0q4Ke6rYWy139hGPNZfOzV,"RotanaAudioVisualL.L.C",6A,LBA081105650
824,"Katar Khaere","Sherine",51,98,"egyptian pop, sholawat, khaleeji","Pop, Christian","Habeat",2009-07-05,04:11,71,68,14,0,53,0,0,-5,C,4,2025-05-01,1V6ioSgBCclIVPWEpKVuab,"RotanaAudioVisualL.L.C",8B,LBA081105651
825,"Mathasbnesh","Sherine",52,136,"egyptian pop, sholawat, khaleeji","Pop, Christian","Habeat",2009-07-05,04:52,47,50,47,0,21,0,0,-7,A#/B♭ minor,4,2025-05-01,3t3Py8LXegeYyGuKh2IXs9,"RotanaAudioVisualL.L.C",3A,LBA081105658
826,"Alo Aleky","Mohammed Saeed",1,166,"egyptian pop, arabic rap, egyptian hip hop, mahraganat","Hip Hop, Pop, Electronic","Alo Aleky",2022-11-16,02:58,67,41,92,0,51,10,10,-8,G minor,4,2025-05-01,0zzrAsIPYKENTWOwZqYjYp,"Modissa - Mohammed Saeed",6A,QZ4UU2202096
827,"Never Let Me Down Again","Depeche Mode",64,106,"new wave, synthpop, darkwave","Electronic, Pop, Rock","The Singles 86-98",1998-09-28,04:20,58,93,28,3,77,0,10,-4,D minor,4,2025-05-01,3QqONU0GW4byIClquChyf0,"Venusnote Ltd.",7A,GBAJH9800141
828,"El Waqaa El Akheera","Hamza Namira",48,133,"egyptian pop, gnawa, sholawat, khaleeji","Pop, Traditional Music, Christian","Mawloud Sanat 80",2020-12-16,04:07,54,40,83,0,53,0,10,-7,C minor,4,2025-05-01,6KgOW42bkflGsl0WFT621g,"The Basement Records",5A,EGA072000789
829,"Theeb","Moayad",35,120,"arabic rap, egyptian hip hop, khaleeji","Hip Hop, Pop","Batn Al Shaer",2023-05-25,02:06,83,51,26,0,24,0,10,-12,G#/A♭,4,2025-05-01,7e7XGcxSyirmCyxsGYvyQT,"MDLBEAST Records / Badiya Studio",4B,USUYG1438972
830,"Kfeel","Moayad,Telfaz11",13,120,"arabic rap, egyptian hip hop, khaleeji","Hip Hop, Pop","Sattar",2023-01-26,02:42,97,50,17,0,48,30,10,-12,D,4,2025-05-01,7D9WnqIy6tEDOrddoUwYT0,"Telfaz11",10B,aea142300272
831,"Ala El Hadi","Moayad,Warchieff,Lege-Cy",35,141,"arabic rap, egyptian hip hop, khaleeji, egyptian pop","Hip Hop, Pop","Batn Al Shaer",2023-05-25,02:38,84,46,76,0,97,10,10,-11,D minor,4,2025-05-01,7wg8g4jWx1B4R2S1VAfY0O,"MDLBEAST Records / Badiya Studio",7A,USUYG1438974
832,"We Meen Ekhtar","Sherine",29,125,"egyptian pop, sholawat, khaleeji","Pop, Christian","Ana Kteer",2014-01-16,04:31,77,69,1,0,85,0,0,-5,G#/A♭,4,2025-05-01,7AF2bjtxgG8IzBPz4J3ZRM,"Nogoum Records",4B,EGA1C1400001
833,"همس المشاعر","Sherine",54,126,"egyptian pop, sholawat, khaleeji","Pop, Christian","مسلسل حكاية حياة",2013-07-10,04:51,56,59,80,0,49,0,30,-6,E minor,4,2025-05-01,7tcCZMLo0OoIrh6QyzuaOv,"Selemedia Egypt",9A,aea141302689
834,"Fe Leila","Sherine",30,105,"egyptian pop, sholawat, khaleeji","Pop, Christian","Ana Kteer",2014-01-16,03:51,74,83,22,0,95,0,0,-5,F#/G♭,4,2025-05-01,4yENx51FyIuoqIKQeehD89,"Nogoum Records",2B,EGA1C1400007
835,"حبه جنة","Sherine",65,170,"egyptian pop, sholawat, khaleeji","Pop, Christian","نساى",2018-10-24,05:02,37,90,65,0,76,0,10,-5,G#/A♭ minor,4,2025-05-01,2QK9spxKFUWe7zeirPHf5O,"Sherine Abd El-wahab",1A,EGA071800045
836,"Kolly Melkak","Sherine",27,140,"egyptian pop, sholawat, khaleeji","Pop, Christian","Ana Kteer",2014-01-16,04:49,37,38,81,0,26,0,0,-10,A,4,2025-05-01,4hu2slKFhep9tzQTTfIXrK,"Nogoum Records",11B,EGA1C1400011
837,"Ya Layaly","Sherine",37,154,"egyptian pop, sholawat, khaleeji","Pop, Christian","Ana Kteer",2014-01-16,04:59,62,53,63,0,64,0,20,-7,G minor,4,2025-05-01,7ygixJ8FptOv80Ot2KadAN,"Nogoum Records",6A,EGA1C1400004
838,"God's Plan","Drake",85,77,"rap, hip hop","Hip Hop","Scorpion",2018-06-29,03:18,75,45,3,0,36,10,50,-9,G,4,2025-05-01,6DCZcSspjsKoFjzjrWoCdn,"Cash Money/Drake LP6",9B,USCM51800004
839,"Subterranean Homesick Blues","Bob Dylan",64,174,"folk rock, folk, singer-songwriter, roots rock, country rock","Country, Rock, Folk","Bringing It All Back Home",1965-03-22,02:21,58,73,70,0,75,0,30,-10,E minor,4,2025-05-01,6k9DUKMJpWvu6eFG3O64Lg,"Columbia",9A,USSM16501028
840,"Ahmed Santa","Ahmed Santa",53,140,"egyptian hip hop, arabic rap, mahraganat, egyptian pop","Hip Hop, Pop, Electronic","Santa El Gded",2022-08-06,02:31,88,68,5,0,66,20,10,-7,A,4,2025-05-01,6GJQiSob1lScp9tnlTvMfp,"Universal Music MENA",11B,AEUM72200075
841,"EL ASEMA","Husayn,Ahmed Santa,Abyusif,FL EX,Abo El Anwar",41,90,"egyptian hip hop, arabic rap, mahraganat, egyptian pop","Hip Hop, Pop, Electronic","SWITCH",2023-02-10,06:18,83,56,12,0,62,30,10,-9,C♯/D♭,4,2025-05-01,7xGbfFIhE3fNwS9Djjjq7P,"Husayn - حُسَين",3B,FR2X42380710
842,"Blanco","Abo El Anwar,Husayn",43,145,"egyptian hip hop, arabic rap, mahraganat, egyptian pop","Hip Hop, Pop, Electronic","Akhro Noor",2023-02-22,02:26,73,72,34,0,48,40,10,-10,A#/B♭ minor,4,2025-05-01,6Uig1yLkQkBZoHGDyZrTzm,"Global",3A,EGA010555641
843,"Gezira","Ilmond",0,100,"egyptian hip hop, arabic rap, egyptian pop, mahraganat","Hip Hop, Pop, Electronic","Bye",2023-03-20,03:13,77,69,73,0,65,0,10,-9,C♯/D♭,4,2025-05-01,26meI8UY1RddUh1JkmmyEU,"Batroon",3B,EGA1K2300661
844,"Ya Kahera","Ilmond",0,93,"egyptian hip hop, arabic rap, egyptian pop, mahraganat","Hip Hop, Pop, Electronic","Bye",2023-03-20,02:50,80,58,16,0,75,10,10,-9,G#/A♭ minor,4,2025-05-01,0bl4OIrP0oSYVXiRcPHWwf,"Batroon",1A,EGA1K2300710
845,"DEDE","Ilmond",0,110,"egyptian hip hop, arabic rap, egyptian pop, mahraganat","Hip Hop, Pop, Electronic","Bye",2023-03-20,03:21,94,60,37,0,61,0,0,-10,F minor,4,2025-05-01,6MHBCkodz09K2gHhbP9K8O,"Batroon",4A,EGA1K2300713
846,"DAWLETNA","Husayn,Wingii",48,147,"egyptian hip hop, arabic rap, mahraganat, egyptian pop","Hip Hop, Pop, Electronic","SWITCH",2023-02-10,02:38,79,54,9,0,25,20,40,-12,E minor,4,2025-05-01,1VteZ9xomF21Idym2C8Xbb,"Husayn - حُسَين",9A,FR2X42380706
847,"Hayran","Mohamed Fouad",36,133,"egyptian pop","Pop","Hayran",1998-01-01,04:49,63,39,76,0,43,0,10,-15,D minor,4,2025-05-01,4ejMW8pSWDXLYZTcElwM0l,"Free Music - Nasr Mahrous",7A,EGA099800407
848,"Menno Ya Layali","Mohamed Fouad",29,181,"egyptian pop","Pop","Hayran",1998-01-01,04:33,57,49,51,0,75,0,20,-13,G#/A♭,4,2025-05-01,6CzK7PnjQeUTLCtr0teDsz,"Free Music - Nasr Mahrous",4B,EGA099800403
849,"La Ya Alby","Mohamed Fouad",28,96,"egyptian pop","Pop","Hayran",1998-01-01,05:51,73,53,51,0,71,0,0,-12,F,4,2025-05-01,2LNip21FnNcArU33lYCyBR,"Free Music - Nasr Mahrous",7B,EGA099800408
850,"Aw2at Ya Donya","Mohamed Fouad",38,83,"egyptian pop","Pop","Hayran",1998-01-01,04:59,73,48,7,0,77,10,0,-17,G#/A♭,4,2025-05-01,5qUImdujG67dNsT4m4ZVWp,"Free Music - Nasr Mahrous",4B,EGA099800404
851,"Fakrak Ya Nassiny","Mohamed Fouad",45,93,"egyptian pop","Pop","Hayran",1998-01-01,06:00,77,55,55,0,76,0,20,-11,G#/A♭,4,2025-05-01,1rdq2MSK1cD6NldVs9Qton,"Free Music - Nasr Mahrous",4B,EGA099800401
852,"Circles","Post Malone",87,120,"","","Hollywood's Bleeding",2019-09-06,03:35,70,76,19,0,55,0,0,-3,C,4,2025-05-01,21jGcNKet2qwijlDFuPiPb,"Republic Records",8B,USUM71915699
853,"Fi 7eta Tanya","Abd El Basset Hamouda",46,168,"mahraganat, egyptian shaabi, egyptian pop","Pop, Traditional Music, Electronic, Hip Hop","Fi 7eta Tanya",2022-01-21,03:14,70,71,21,0,72,0,10,-7,F#/G♭ minor,4,2025-05-01,1Z2EZuhLqHvLXlhYs2McXy,"Sony Music Entertainment",11A,AEA102100068
854,"Law Kol El-Nas - Live","Do3souqa",31,109,"","","A3det Mazika (Live)",2021-01-14,03:40,63,65,5,0,73,0,10,-9,C minor,4,2025-05-01,66zZm53Jlpz4R2wrjfQr6F,"Do3souqa",5A,FR10S2128843
855,"Fi 7eta Tanya","Hana Yousry",49,80,"egyptian pop","Pop","Fi 7eta Tanya",2022-07-11,03:15,68,18,99,0,51,0,10,-10,A minor,4,2025-05-01,2PY7SkaaxjjRtxiLMGgc2f,"Hana Yousry",8A,DGA062201864
856,"Vodka","Al Selem Band",36,110,"egyptian pop, egyptian hip hop","Hip Hop, Pop","Vodka",2017-06-01,04:20,51,38,91,0,36,10,10,-11,E minor,4,2025-05-01,17kR5EhXDtVbI1v2VJxVco,"Moseeqa",9A,FR59R1785805
857,"منحوس","Wegz",49,112,"egyptian hip hop, arabic rap, mahraganat, egyptian pop","Hip Hop, Pop, Electronic","منحوس",2020-09-05,04:06,63,42,67,0,29,0,0,-12,F#/G♭ minor,4,2025-05-01,6V77rx1zqvCbiVOc6S7jwn,"Takwene",11A,EGA252010397
858,"Haneit","Amr Diab",41,98,"egyptian pop, khaleeji","Pop","Allem Alby",2002-12-31,04:15,72,64,9,3,40,0,10,-7,D,4,2025-05-01,129Jn4opU6SGLegyKuz4bL,"Global",10B,EGA020501762
859,"Aloomek","Marwan Moussa",56,138,"egyptian hip hop, arabic rap, egyptian pop, mahraganat","Hip Hop, Pop, Electronic","Beeny we Beenek",2022-02-15,05:06,84,33,65,0,37,30,10,-12,F#/G♭ minor,4,2025-05-01,4U7uW9KlqalDKu8ff9OyDm,"The Basement Records",11A,EGA072200195
860,"LELLY YAH","Marwan Pablo",0,120,"egyptian hip hop, arabic rap, egyptian pop, mahraganat","Hip Hop, Pop, Electronic","LELLY YAH",2023-03-13,03:09,79,66,16,0,44,0,20,-6,A#/B♭ minor,4,2025-05-01,1SSymcmcSI1oYQtwOA8mOJ,"The Basement Records",3A,EGA072300168
861,"ساليني","Wegz",57,90,"egyptian hip hop, arabic rap, mahraganat, egyptian pop","Hip Hop, Pop, Electronic","ساليني",2018-10-06,02:54,64,40,74,0,23,30,10,-11,B minor,4,2025-05-01,5HKS61lkZs3853MkbDO9yn,"Takwene",10A,QZES81992926
862,"Gonna Raise Hell","Cheap Trick",35,116,"power pop, album rock, classic rock, glam rock","Rock, Pop","Dream Police",1979-09-21,09:20,56,49,1,53,58,0,0,-13,E minor,4,2025-05-01,7He4Taav43HuHhRl4nfd9j,"Epic",9A,USSM19917192
863,"Voices","Cheap Trick",44,193,"power pop, album rock, classic rock, glam rock","Rock, Pop","Dream Police",1979-09-21,04:21,26,55,37,0,64,0,30,-11,G,4,2025-05-01,3ao7thlAYIVPJw3e1u51PE,"Epic",9B,USSM19917194
864,"Helaf El Amar","George Wassouf",56,121,"khaleeji, egyptian pop","Pop","El Hawa Sultan Rare Recordings",2008-01-01,06:36,43,52,71,0,72,0,0,-8,G minor,4,2025-05-01,5L2ELXkO17Iu9J8hwMktVJ,"EMI MUSIC ARABIA",6A,AEA040800221
865,"على رمش عنيها","Wadih El Safi",42,140,"","","على رمش عنيها",1959-01-01,05:43,46,65,92,57,65,0,60,-7,C,4,2025-05-01,2LggzvymQprGguBqVAWQh5,"Sono Cairo",8B,aea145901313
866,"Ahebek Akrahek","Amr Diab",0,164,"egyptian pop, khaleeji","Pop","Aktar Wahed Beihebak",2001-01-01,04:30,73,78,2,0,96,0,0,-9,A#/B♭,4,2025-05-01,4Hk1KEIxPTidIsz4OshQ6O,"Global",6B,EGA020501661
867,"Ya Dale Ya Rohi","Wael Kfoury",43,158,"khaleeji, egyptian pop","Pop","Wael Kfoury",2012-01-01,04:45,30,67,44,0,48,0,30,-5,F minor,4,2025-05-01,42JEKBYHtiK4bfoNhLTcRR,"RotanaAudioVisualL.L.C",4A,LBA081107237
868,"Safha W Twayta","Wael Kfoury",40,152,"khaleeji, egyptian pop","Pop","Wael Kfoury",2012-01-01,05:39,31,57,12,0,52,0,30,-7,C minor,4,2025-05-01,16e2ZpkhnFo1p3Oea5kaxn,"RotanaAudioVisualL.L.C",5A,LBA081107235
869,"Ghareibah El Nas","Wael Jassar",59,137,"egyptian pop, khaleeji","Pop","Tewedny Leih",2008-00-00,04:24,62,74,8,0,81,0,0,-8,D#/E♭ minor,4,2025-05-01,1VHYTWTzy54WCMQEUMSBp6,"Sharqi Production",2A,FR96X1902552
870,"Lesa Habaib","Moustafa Amar",36,140,"egyptian pop","Pop","Lessa Habayeb",2005-12-31,03:27,69,85,14,1,96,0,10,-5,C♯/D♭ minor,4,2025-05-01,3kvYpGSv7iN6Zim9UCWmVn,"Global",12A,EGA020502085
871,"Mawaood Live","Abdel Halim Hafez",40,114,"egyptian pop, khaleeji","Pop","Mawaood Live",1971-08-04,55:55,39,46,69,0,42,0,80,-12,A minor,4,2025-05-01,6WKsKqFKGUWLRzC9UlzxY9,"Abdel Halim Hafez",8A,EGA020500543
872,"Heart Of Glass","Blondie",67,115,"","","Greatest Hits: Blondie",2006-01-01,04:12,73,70,0,8,41,0,0,-8,E,4,2025-05-01,41AE8ODX2JETBCa6muhSLY,"Capitol Records",12B,USCH37900017
873,"Banadeek Taala","Amr Diab",38,128,"egyptian pop, khaleeji","Pop","Banadek Taala",2011-07-29,03:15,65,89,0,0,96,0,0,-5,G minor,4,2025-05-01,5BMDvoKCiD1ffuc4fyLzAQ,"RotanaAudioVisualL.L.C",6A,LBA081106694
874,"Youm Matabelna","Amr Diab",52,73,"egyptian pop, khaleeji","Pop","Banadek Taala",2011-07-29,03:25,51,73,36,0,66,0,20,-7,F#/G♭,4,2025-05-01,0wPBphPfMS99QsGjmbTSyL,"RotanaAudioVisualL.L.C",2B,LBA081106702
875,"Maadarsh Ana","Amr Diab",46,133,"egyptian pop, khaleeji","Pop","Banadek Taala",2011-07-29,03:51,78,85,32,0,97,0,0,-6,F#/G♭,4,2025-05-01,6uBybiX1Mb5VDxMXGoxohy,"RotanaAudioVisualL.L.C",2B,LBA081106696
876,"Cry","Cigarettes After Sex",71,143,"dream pop","Pop, Rock","Cry",2019-10-25,04:16,41,40,76,65,17,0,10,-10,G,4,2025-05-01,3p4hRhMcb6ch8OLtATMaLw,"Partisan Records",9B,USBQU1900121
877,"The Night King","Ramin Djawadi",56,61,"soundtrack","Classical, Easy Listening","Game Of Thrones: Season 8 (Music from the HBO Series)",2019-05-19,08:50,18,7,94,89,4,0,10,-16,A#/B♭,4,2025-05-01,1aDklx1GaBqHFowCzz63wU,"WaterTower Music",6B,USNLR1900244
878,"Sadaany Khalas","Amr Diab",1,144,"egyptian pop, khaleeji","Pop","Aktar Wahed Beihebak",2001-01-01,03:49,57,44,27,0,33,0,10,-9,C,4,2025-05-01,1Ca9EpXKb3YhcB1l82oDhz,"Global",8B,EGA020501660
879,"Allah La Yehremmy Minak","Amr Diab",33,100,"egyptian pop, khaleeji","Pop","Kammel Kalamak",2005-12-07,03:52,68,77,1,0,89,0,20,-9,A#/B♭ minor,4,2025-05-01,40E20ganVPQKfhrFjeeLOW,"RotanaAudioVisualL.L.C",3A,LBA081103600
880,"Odam Oyoonak","Amr Diab",45,93,"egyptian pop, khaleeji","Pop","Kammel Kalamak",2005-12-07,03:48,59,85,30,0,80,0,40,-9,B minor,4,2025-05-01,04LqZvjgI09sy8TQonVWul,"RotanaAudioVisualL.L.C",10A,LBA081103601
881,"Aho Leil Wi Aada","Amr Diab",30,127,"egyptian pop, khaleeji","Pop","Shoft El Ayam",2014-01-05,04:05,63,94,11,1,88,0,10,-6,G#/A♭ minor,4,2025-05-01,6pyzWoahGRDirRRvCwdB5v,"RotanaAudioVisualL.L.C",1A,LBA081121472
882,"Saet EL Forak","Amr Diab",54,135,"egyptian pop, khaleeji","Pop","Shoft El Ayam",2014-01-05,03:54,45,50,77,0,14,0,10,-8,G minor,4,2025-05-01,2RTJvFVG4C0bqYneNkPk7h,"RotanaAudioVisualL.L.C",6A,LBA081121468
883,"Number One For Me","Maher Zain",54,92,"sholawat","Christian","Forgive Me",2016-08-05,04:19,63,72,5,0,73,0,30,-6,A#/B♭,4,2025-05-01,5kYikm9swgFlVXv3qvR0j8,"PT. Universal Music Indonesia",6B,IDUM71600053
884,"Mawlaya - Arabic Version - Bonus Track","Maher Zain",41,91,"sholawat","Christian","Forgive Me",2012-04-02,04:53,66,73,23,0,87,0,0,-5,B,4,2025-05-01,1Q58aJGg9JNmgPFdTegKNT,"Awakening Worldwide Ltd.",1B,USBBC1201063
885,"Assalamu Alayka - Arabic Version - Bonus Track","Maher Zain",54,120,"sholawat","Christian","Forgive Me",2012-04-02,04:14,69,72,20,0,79,0,30,-6,C♯/D♭ minor,4,2025-05-01,5B4ZfJdrCV8du9hWqrVPIh,"Awakening Worldwide Ltd.",12A,USBBC1201064
886,"Ya Nabi Salam Alayka - Arabic Version - Bonus Track","Maher Zain",57,176,"sholawat","Christian","Thank You Allah (French Version)",2009-10-30,04:58,39,69,48,0,64,0,30,-4,B minor,4,2025-05-01,1UNOACS4O1ROKbDsLfMjOd,"Awakening Worldwide Ltd.",10A,USBBC1010015
887,"Policy of Truth","Depeche Mode",49,113,"new wave, synthpop, darkwave","Electronic, Pop, Rock","The Singles 86-98",1998-09-28,05:13,72,61,4,16,56,0,10,-5,G#/A♭,4,2025-05-01,3KFQFmTeHEXhzBNG7iFXYH,"Venusnote Ltd.",4B,GBAJH9800147
888,"Enjoy the Silence","Depeche Mode",76,113,"new wave, synthpop, darkwave","Electronic, Pop, Rock","The Singles 86-98",1998-09-28,04:15,66,84,20,0,75,0,0,-6,C minor,4,2025-05-01,6WK9dVrRABMkUXFLNlgWFh,"Venusnote Ltd.",5A,GBAJH9800146
889,"Ballin' (with Roddy Ricch)","Mustard,Roddy Ricch",77,97,"melodic rap","Hip Hop","Perfect Ten",2019-06-28,03:00,81,55,39,0,24,0,10,-7,G,4,2025-05-01,3QzAOrNlsabgbMwlZt7TAY,"10 Summers Records/Interscope Records",9B,USUM71911808
890,"Assalamu Alayka","Maher Zain",44,120,"sholawat","Christian","Forgive Me",2012-04-02,04:13,70,69,19,0,78,0,30,-6,C♯/D♭ minor,4,2025-05-01,21rXEU6scrVtABabUzLhYH,"Awakening Worldwide Ltd.",12A,USBBC1201055
891,"Mawlaya","Maher Zain",55,91,"sholawat","Christian","Forgive Me",2012-04-02,04:52,67,72,23,0,88,0,0,-5,B,4,2025-05-01,6u2hOGlFVf1pxMsixyLkxb,"Awakening Worldwide Ltd.",1B,USBBC1201051
892,"اتخنقت - من فيلم لخمة راس","Saad El Soghayar",21,135,"egyptian shaabi, mahraganat, egyptian pop","Pop, Traditional Music, Electronic, Hip Hop","اتخنقت (من فيلم لخمة راس)",2015-02-01,03:20,67,99,66,5,33,10,90,-9,E,4,2025-05-01,3EoVNJHDwtg4Cn7DVh4hqi,"El Sobky proudctions",12B,FR2X42338358
893,"Seta Sobeh","Hussain Aljassmi",53,92,"khaleeji, egyptian pop, mahraganat, egyptian shaabi","Pop, Traditional Music, Electronic, Hip Hop","Al Jassmi",2009-01-25,04:26,77,63,3,2,92,0,0,-11,A#/B♭ minor,4,2025-05-01,4rjTi6f0ZtmDw8Uc3MFE6M,"RotanaAudioVisualL.L.C",3A,LBA081106130
894,"Teadar Tetkalem","Amr Diab",53,148,"egyptian pop, khaleeji","Pop","Allem Alby",2002-12-31,04:53,70,76,18,0,78,0,0,-10,D minor,4,2025-05-01,2OTxhOuz8c1s7um0tgumox,"Global",7A,EGA020501757
895,"Away Ana A'ref","Amr Diab",40,120,"egyptian pop, khaleeji","Pop","Kammel Kalamak",2005-12-07,03:51,87,49,70,0,69,0,20,-10,F#/G♭ minor,4,2025-05-01,4jbReQ34QLkLgaL6dVrwMv,"RotanaAudioVisualL.L.C",11A,LBA081103603
896,"Kan Tayeb","Amr Diab",0,128,"egyptian pop, khaleeji","Pop","Aktar Wahed Beihebak",2001-01-01,05:21,71,84,19,0,96,0,0,-8,B minor,4,2025-05-01,0wp1CXcc6zoTGt09exCO9t,"Global",10A,EGA020501655
897,"Aktar Wahed","Amr Diab",0,108,"egyptian pop, khaleeji","Pop","Aktar Wahed Beihebak",2001-01-01,04:30,69,95,7,0,53,0,0,-8,A#/B♭ minor,4,2025-05-01,5d0PC29PLRZqem6ZvjXkg2,"Global",3A,EGA020501654
898,"Bayen Habeit","Marshmello,Amr Diab",55,112,"edm, egyptian pop, khaleeji","Electronic, Pop","Bayen Habeit",2018-09-28,02:19,79,76,23,0,80,0,30,-6,F minor,4,2025-05-01,29KS7kBSU77PrYGB6RVR5O,"Joytime Collective",4A,TCADW1854603
899,"Habit Ya Alby","Amr Diab",44,91,"egyptian pop, khaleeji","Pop","El Leila",2013-09-27,03:39,58,78,16,0,49,0,20,-6,A#/B♭ minor,4,2025-05-01,3DfGqtatnReVjO0hxKE4Ac,"RotanaAudioVisualL.L.C",3A,LBA081121187
900,"Wahy Zekrayat","Amr Diab",58,154,"egyptian pop, khaleeji","Pop","El Leila",2013-09-27,03:18,54,49,60,0,24,0,10,-10,E minor,4,2025-05-01,62Efijz7a0bJI0IoVJhFpf,"RotanaAudioVisualL.L.C",9A,LBA081121182
901,"Khalina Lewahdina","Amr Diab",40,129,"egyptian pop, khaleeji","Pop","El Leila",2013-09-27,05:19,64,90,1,0,94,0,0,-6,G#/A♭ minor,4,2025-05-01,01C29EREFUSNtnwK5rlvnf,"RotanaAudioVisualL.L.C",1A,LBA081121183
902,"Garaly Eeh","Amr Diab",37,133,"egyptian pop, khaleeji","Pop","El Leila",2013-09-27,03:42,57,94,5,0,62,0,30,-5,B minor,4,2025-05-01,5k4lqXHUPP36MAaFkvBck9,"RotanaAudioVisualL.L.C",10A,LBA081121179
903,"Sebt Faragh Kebeer","Amr Diab",55,131,"egyptian pop, khaleeji","Pop","El Leila",2013-09-27,03:28,56,68,17,0,40,0,20,-7,C minor,4,2025-05-01,6odPxsPp9Pu2RHtooSQrnL,"RotanaAudioVisualL.L.C",5A,LBA081121185
904,"Aks Baad","Amr Diab",0,144,"egyptian pop, khaleeji","Pop","Ahla W Ahla",2016-05-02,04:27,56,58,34,0,28,0,0,-7,A#/B♭,4,2025-05-01,4yq1bJmhSCLCcWlZqVxTc9,"Nay",6B,EGA261600202
905,"Smalltown Boy","Bronski Beat",81,135,"synthpop, hi-nrg","Electronic, Pop","The Age of Consent",1984-10-15,05:02,69,58,29,1,94,0,10,-11,F minor,4,2025-05-01,5vmRQ3zELMLUQPo2FLQ76x,"London Records (Because Ltd)",4A,GBAAP0200005
906,"Lw","Samar Tarik,El Waili",1,164,"egyptian pop, egyptian hip hop, arabic rap, mahraganat","Hip Hop, Pop, Electronic","Lw",2023-03-30,03:21,58,26,87,0,24,10,0,-12,G minor,4,2025-05-01,21pRBYqcpAHzzyrSrX2HCb,"Modissa - Samar Tarik",6A,QZ4UU2300373
907,"Rihet El Habayib","Amr Diab",44,86,"egyptian pop, khaleeji","Pop","Lealy Nahary",2004-07-01,03:14,69,43,70,0,63,0,10,-10,C minor,4,2025-05-01,5pXQzZmVf990DpwAGbpfyw,"RotanaAudioVisualL.L.C",5A,LBA081102954
908,"عودوني","Amr Diab",47,172,"egyptian pop, khaleeji","Pop","عودوني",1988-02-24,05:20,59,53,16,0,72,10,0,-15,C minor,4,2025-05-01,3PrmY8JuHtBYSTmu72c2NL,"Delta Sound",5A,FR96X2303795
909,"Lealy Nahary","Amr Diab",48,103,"egyptian pop, khaleeji","Pop","Lealy Nahary",2004-07-01,04:06,74,70,21,1,58,0,10,-10,A minor,4,2025-05-01,3n7FYgcdHnVWQHaRxOhUNM,"RotanaAudioVisualL.L.C",8A,LBA081102945
910,"Le temps des fleurs","Dalida",52,175,"chanson, variété française","Folk, Traditional Music, Pop","Les Annees Barclay",1991-01-01,03:59,32,42,57,0,49,0,30,-5,E minor,4,2025-05-01,0m6Tb3SwFzaEV5PcE2avp4,"Universal Music Division Barclay",9A,FRZ016800470
911,"Maak Alby","Amr Diab",0,129,"egyptian pop, khaleeji","Pop","Ahla W Ahla",2016-05-02,03:18,41,37,72,0,32,0,10,-11,A,4,2025-05-01,4aFXqrd5qmJsli38ldN04N,"Nay",11B,EGA261600207
912,"Rohy Mertahalak","Amr Diab",36,100,"egyptian pop, khaleeji","Pop","El Lilady (Tonight)",2007-07-16,03:42,75,69,47,0,96,0,0,-9,C,4,2025-05-01,1MkPgBJL4TWeOB33Kp06GP,"RotanaAudioVisualL.L.C",8B,LBA081104543
913,"Aamel Eih","Amr Diab",39,148,"egyptian pop, khaleeji","Pop","Tamally Maak",1999-12-31,04:31,70,84,47,0,75,0,0,-10,D minor,4,2025-05-01,69mTJOksbGpHsylQ5Vburn,"Global",7A,EGA020501618
914,"El Alem Allah","Amr Diab",56,108,"egyptian pop, khaleeji","Pop","Tamally Maak",1999-12-31,04:04,72,80,13,0,77,0,30,-8,D#/E♭ minor,4,2025-05-01,0iHyLzEeCcu19aEC2M3o5M,"Global",2A,EGA020501613
915,"Habibi Ya","Mohamed Fouad",47,120,"egyptian pop","Pop","Habibi Ya",2005-12-31,03:36,87,43,2,0,70,0,20,-9,G#/A♭,4,2025-05-01,1CrOGTXKx72OUJTr0eCrIR,"RotanaAudioVisualL.L.C",4B,LBA081103235
916,"Kamel El Awsaf","Abdel Halim Hafez",38,113,"egyptian pop, khaleeji","Pop","Ahdan El Habayeb",1968-12-31,13:14,33,36,79,0,46,0,70,-14,C minor,4,2025-05-01,7Dx80gZXT1HC2cf5qVs0lb,"Abdel Halim Hafez",5A,EGA020500973
917,"Betwhashny","Amr Diab",35,131,"egyptian pop, khaleeji","Pop","Amarain",1998-12-31,03:48,81,65,23,0,93,0,0,-9,C,4,2025-05-01,6x6Ym1jvM9SGlJCg26Hn6E,"Global",8B,EGA020501587
918,"Beyond the Sea","Bobby Darin",71,136,"big band, adult standards, swing music, doo-wop","Easy Listening, Jazz, Pop, R&B","That's All",1959-00-00,02:52,52,52,72,0,57,0,20,-7,D minor,4,2025-05-01,3KzgdYUlqV6TOG7JCmx2Wg,"Rhino Atlantic",7A,USEW10000026
919,"Agheeb","Amr Diab",51,116,"egyptian pop, khaleeji","Pop","Kammel Kalamak",2005-12-07,03:31,75,59,29,0,46,0,30,-10,C minor,4,2025-05-01,5IBfozB1RVzXIy7cT6YQDH,"RotanaAudioVisualL.L.C",5A,LBA081103605
920,"Ana","Amr Diab",35,88,"egyptian pop, khaleeji","Pop","Amarain",1998-12-31,04:54,85,55,1,0,67,10,0,-13,B minor,4,2025-05-01,2MWpt3VxROkj2rnw6YKbyK,"Global",10A,EGA020501584
921,"Amarain","Amr Diab",62,100,"egyptian pop, khaleeji","Pop","Amarain",1998-12-31,04:25,72,71,60,0,93,0,0,-10,E minor,4,2025-05-01,0WcFWvjYOAEFJn1LuvqX7F,"Global",9A,EGA020501583
922,"Alby Ekhtarak","Amr Diab",39,115,"egyptian pop, khaleeji","Pop","Tamally Maak",1999-12-31,04:10,75,64,44,0,74,0,0,-8,B minor,4,2025-05-01,7pqmDQxsJBouUVjkZT1u3m,"Global",10A,EGA020501621
923,"Senien","Amr Diab",46,102,"egyptian pop, khaleeji","Pop","Tamally Maak",1999-12-31,04:29,69,77,6,0,41,0,20,-9,C♯/D♭,4,2025-05-01,1u6ePI05DWTGlVTu0SIFIk,"Global",3B,EGA020501617
924,"Law Kan Yerdik","Amr Diab",50,90,"egyptian pop, khaleeji","Pop","Tamally Maak",1999-12-31,04:24,68,66,47,0,75,0,20,-9,G#/A♭,4,2025-05-01,0W1hHxJIZqtPDajzDBDInO,"Global",4B,EGA020501619
925,"Saaban Alaya","Amr Diab",45,100,"egyptian pop, khaleeji","Pop","Tamally Maak",1999-12-31,03:41,77,64,45,0,89,10,0,-9,G#/A♭,4,2025-05-01,3X6Nog2CmG9ZgNIJpxzVOM,"Global",4B,EGA020501622
926,"Baateref","Amr Diab",41,132,"egyptian pop, khaleeji","Pop","Tamally Maak",1999-12-31,04:11,56,47,65,0,7,0,10,-10,D minor,4,2025-05-01,3Qh2xcleGnc1ESFYUhCNK0,"Global",7A,EGA020501620
927,"Habiby Ya Omry","Amr Diab",45,90,"egyptian pop, khaleeji","Pop","Allem Alby",2002-12-31,05:02,44,43,5,0,27,0,20,-10,G,4,2025-05-01,2cAkNObsWtAjiEs8HlNIqH,"Global",9B,EGA020501760
928,"Ya Kenzy","Amr Diab",37,92,"egyptian pop, khaleeji","Pop","Allem Alby",2002-12-31,03:33,75,65,5,0,70,0,10,-8,E minor,4,2025-05-01,0UQDcztRBh8uso9A7AlnXF,"Global",9A,EGA020501756
929,"Allem Alby","Amr Diab",52,92,"egyptian pop, khaleeji","Pop","Allem Alby",2002-12-31,03:32,72,69,4,0,68,0,10,-8,E minor,4,2025-05-01,64YdFIZAL6wkIc054TiXp5,"Global",9A,EGA020501753
930,"Ana Ayesh","Amr Diab",62,83,"egyptian pop, khaleeji","Pop","Allem Alby",2002-12-31,03:46,68,67,61,0,83,10,0,-6,F#/G♭,4,2025-05-01,0dCDNlZIJENBbRCVXVny7d,"Global",2B,EGA020501754
931,"First Love/Late Spring","Mitski",79,100,"","","Bury Me At Makeout Creek",2014-11-11,04:38,45,54,0,1,10,0,20,-8,C,4,2025-05-01,3sslYZcFKtUvIEWN9lADgr,"Dead Oceans",8B,USA2B1511604
932,"Ally El Wadaa","Amr Diab",55,85,"egyptian pop, khaleeji","Pop","Allem Alby",2002-12-31,03:13,68,56,7,2,67,0,30,-8,D minor,4,2025-05-01,0dVuTFF29LqTatzfwoIwp6,"Global",7A,EGA020501755
933,"Sunsetz","Cigarettes After Sex",63,75,"dream pop","Pop, Rock","Cigarettes After Sex",2017-06-09,03:35,41,48,6,81,13,0,10,-9,A minor,4,2025-05-01,0SpkyS1Q4MD8GaVcP5YjT4,"Partisan Records",8A,USBQU1700033
934,"Sweet","Cigarettes After Sex",61,96,"dream pop","Pop, Rock","Cigarettes After Sex",2017-06-09,04:52,45,51,35,76,12,0,10,-9,F#/G♭,4,2025-05-01,6ilc4vQcwMPlvAHFfsTGng,"Partisan Records",2B,USBQU1700036
935,"K.","Cigarettes After Sex",63,94,"dream pop","Pop, Rock","Cigarettes After Sex",2017-06-09,05:20,45,40,14,84,32,0,10,-10,D#/E♭,4,2025-05-01,1FWsomP9StpCcXNWmJk8Cl,"Partisan Records",5B,USBQU1600214
936,"Love On The Brain","Rihanna",87,172,"","","ANTI (Deluxe)",2016-01-28,03:44,51,64,7,0,38,0,0,-5,E minor,3,2025-05-01,5oO3drDxtziYU2H1X23ZIp,"Roc Nation / Rihanna",9A,QM5FT1600120
937,"Nasini El Donya","Ragheb Alama",62,93,"egyptian pop, khaleeji","Pop","El Hob El Kebir",2003-12-31,04:30,72,64,24,0,48,0,10,-6,A minor,4,2025-05-01,1qQqHzG5JAYD2bV1DGf5v7,"Global",8A,EGA020501929
938,"Kan Leya Youm Habib","Moustafa Amar",38,92,"egyptian pop","Pop","LMN Yhmo El Amr",1994-00-00,03:40,71,62,40,1,73,0,0,-11,D minor,4,2025-05-01,1vUrHWL7MUlHKWGhBHI2a4,"Sonar",7A,FR59R1632797
939,"Monaya","Moustafa Amar",49,108,"egyptian pop","Pop","Monaya",2001-12-31,03:33,73,61,6,0,93,0,0,-11,B minor,4,2025-05-01,3vL0Y0ixJVfLR9NWCtdzV4,"Global",10A,EGA020501716
940,"Ayyam We Ben'eshha","Amr Diab",46,148,"egyptian pop, khaleeji","Pop","Kammel Kalamak",2005-12-07,03:15,62,85,6,0,93,0,0,-9,F minor,4,2025-05-01,2ly0dHQEzkYgDLUzr6oYyJ,"RotanaAudioVisualL.L.C",4A,LBA081103599
941,"We Maloh","Amr Diab",57,145,"egyptian pop, khaleeji","Pop","Kammel Kalamak",2005-12-07,04:48,65,64,38,0,50,0,0,-8,E minor,4,2025-05-01,7z8IfnuGQ3KSZmAO4hHW6B,"RotanaAudioVisualL.L.C",9A,LBA081103597
942,"Nour El Ein","Amr Diab",66,100,"egyptian pop, khaleeji","Pop","Nour El Ein",1995-12-31,05:07,75,66,27,0,77,0,0,-12,G#/A♭,4,2025-05-01,3ZTuYuaV1fhdNnuIBuzTYy,"Global",4B,EGA020501535
943,"Khalek Fakerny","Amr Diab",54,145,"egyptian pop, khaleeji","Pop","Amarain",1998-12-31,03:26,51,36,31,0,28,0,30,-11,C minor,4,2025-05-01,7DYa99MDxGMIFouOh8bHdi,"Global",5A,EGA020501589
944,"We Lesa Bethebo","Amr Diab",51,91,"egyptian pop, khaleeji","Pop","Amarain",1998-12-31,04:39,73,62,42,0,72,0,10,-13,G minor,4,2025-05-01,7LRCNmATjS81c87NCNFyqy,"Global",6A,EGA020501588
945,"Ya Salam - Remix","El Waili",49,174,"egyptian hip hop, arabic rap, mahraganat, egyptian pop","Hip Hop, Pop, Electronic","Ya Salam (Remix)",2022-02-20,04:13,54,41,73,0,57,20,10,-10,G#/A♭,4,2025-05-01,7kFcz3xHq7hsOrfQWkipvP,"Modissa - EL Waili",4B,QZ4UU2200419
946,"AMTAR","Mousv",52,91,"egyptian hip hop, arabic rap","Hip Hop","El Sahaba Bonus",2021-08-26,02:48,49,51,80,0,39,30,20,-10,F#/G♭ minor,4,2025-05-01,5AGeNYpstVBpFn8IW2KqS7,"The Basement Records",11A,EGA072100846
947,"We Heya Amla Eh","Amr Diab",56,150,"egyptian pop, khaleeji","Pop","Tamally Maak",1999-12-31,04:41,70,73,63,0,79,0,20,-8,D minor,4,2025-05-01,4hAfq4rgNhCBBLbHIQXGfX,"Global",7A,EGA020501616
948,"El Lilady","Amr Diab",51,118,"egyptian pop, khaleeji","Pop","El Lilady (Tonight)",2007-07-16,02:56,80,58,34,0,71,0,10,-8,F minor,4,2025-05-01,1x2s0mkq2DsoOlvpiAcFoY,"RotanaAudioVisualL.L.C",4A,LBA081104539
949,"Ne'oul Aih","Amr Diab",48,129,"egyptian pop, khaleeji","Pop","El Lilady (Tonight)",2007-07-16,04:02,73,74,1,0,91,0,0,-9,A,4,2025-05-01,331fuuKcxQjxrUEpxWGkHd,"RotanaAudioVisualL.L.C",11B,LBA081104538
950,"Khalik Ma'aya","Amr Diab",61,78,"egyptian pop, khaleeji","Pop","El Lilady (Tonight)",2007-07-16,03:52,59,66,19,0,54,0,10,-9,D minor,4,2025-05-01,6YYjo0Q9iYlG3KrUOPr1kt,"RotanaAudioVisualL.L.C",7A,LBA081104547
951,"Erga3ly","Tamer Hosny",56,134,"egyptian pop, khaleeji, mahraganat","Pop, Electronic, Hip Hop","Ya Bent El Eih",2007-01-01,03:50,66,37,59,0,37,0,20,-10,F,4,2025-05-01,7fhtTFiFHbssNu77aD1ttG,"Free Music - Nasr Mahrous",7B,EGA090700107
952,"Nasseeny Leih","Tamer Hosny",0,75,"egyptian pop, khaleeji, mahraganat","Pop, Electronic, Hip Hop","Eish Besho'ak",2018-08-03,04:07,40,84,1,0,64,0,10,-6,F#/G♭ minor,4,2025-05-01,6EyveOpETSJBcdQgVCMSL5,"Victory Link",11A,QZ4UU1801341
953,"Jaded","Miley Cyrus",4,91,"","","Endless Summer Vacation",2023-03-10,03:05,50,59,5,0,18,0,0,-5,E,4,2025-05-01,3AAY8YicetRPlDAkibHLiS,"Columbia",12B,USSM12209778
954,"Wahashtiny","Amr Diab",57,76,"egyptian pop, khaleeji","Pop","Lealy Nahary",2004-07-01,03:57,64,64,18,0,56,0,0,-10,F,4,2025-05-01,0VvgXZ8N5JZziGhvzdRZDo,"RotanaAudioVisualL.L.C",7B,LBA081102946
955,"نعشق القمر","Amr Diab",17,153,"egyptian pop, khaleeji","Pop","ميال",1988-10-12,05:42,66,53,77,0,59,0,10,-13,F#/G♭,4,2025-05-01,52hy7mPA8HmzhaWeXS7mXJ,"Delta Sound",2B,FR96X2301886
956,"ميال","Amr Diab",43,156,"egyptian pop, khaleeji","Pop","ميال",1988-10-12,04:40,74,52,70,0,82,10,0,-14,B minor,4,2025-05-01,3UVAKvCTEOi3BaH5pKnYFJ,"Delta Sound",10A,FR96X2301880
957,"Tamally Maak","Amr Diab",69,168,"egyptian pop, khaleeji","Pop","Tamally Maak",1999-12-31,04:29,62,78,12,0,35,0,10,-10,G#/A♭,4,2025-05-01,6TYFcqqQVQPb3YsgfRhvqs,"Global",4B,EGA020501614
958,"رصيف نمرة حمسة","Amr Diab",35,116,"egyptian pop, khaleeji","Pop","أيس كريم في جليم",1992-02-12,03:55,75,63,53,0,78,0,0,-12,C,4,2025-05-01,4jWwu68lChwgoyuzNXDDvw,"Delta Sound",8B,FR59R2367520
959,"Qusad Einy","Amr Diab",60,78,"egyptian pop, khaleeji","Pop","Lealy Nahary",2004-07-01,04:24,66,49,43,0,45,0,30,-10,C minor,4,2025-05-01,4k9cMYGwCfSNa0wFCN0uDo,"RotanaAudioVisualL.L.C",5A,LBA081102952
960,"WTF Do I Know","Miley Cyrus",58,158,"","","Plastic Hearts",2020-11-27,02:51,56,85,0,0,63,20,20,-3,E minor,4,2025-05-01,37PJvlIfYWqEX6fgjHlnTf,"RCA Records Label",9A,USRC12003706
961,"Heart Of Glass (Live from the iHeart Festival)","Miley Cyrus",68,115,"","","Plastic Hearts",2020-11-27,03:33,58,91,0,0,43,0,0,-5,E,4,2025-05-01,5GK1GYXH16RdfmltogHhAk,"RCA Records Label",12B,USRC12003345
962,"Love Yourself","Justin Bieber",73,100,"","","Purpose (Deluxe)",2015-11-13,03:53,61,38,84,0,52,40,20,-10,E,4,2025-05-01,1f8zcJPvJKvxAOjEqM0pyc,"RBMG/Def Jam",12B,USUM71516761
963,"Nothing Else Matters","Miley Cyrus,WATT,Elton John,Yo-Yo Ma,Robert Trujillo,Chad Smith",28,143,"classical, chamber music, rap metal, rap rock","Classical, Hip Hop, Metal, Rock","The Lockdown Sessions",2021-10-22,06:35,45,67,1,0,14,0,10,-5,E minor,3,2025-05-01,7JpCqGNUsHo4UPbkakwOjS,"EMI",9A,QMKHM2100037
964,"Plastic Hearts","Miley Cyrus",66,176,"","","Plastic Hearts",2020-11-27,03:25,55,76,5,0,62,0,0,-5,D,4,2025-05-01,6qCsKKS7Ol63SJW3LOIX5R,"RCA Records Label",10B,USRC12003717
965,"3la Bali","Sherine",68,150,"egyptian pop, sholawat, khaleeji","Pop, Christian","Lazem A3eesh",2005-01-01,04:39,54,52,12,0,43,0,0,-12,E minor,4,2025-05-01,05nDuLXu5ejNOM05LNbS8a,"Free Music - Nasr Mahrous",9A,EGA090500304
966,"جوا الكاس","Xiety",5,155,"egyptian hip hop, arabic rap, mahraganat, egyptian pop","Hip Hop, Pop, Electronic","جوا الكاس",2022-02-25,02:48,80,58,12,0,47,10,10,-8,D#/E♭ minor,4,2025-05-01,3bkIloRpTpTGosUWvHswWe,"Warner Music Middle East",2A,LBA0Y2200002
967,"تكة","Xiety",4,180,"egyptian hip hop, arabic rap, mahraganat, egyptian pop","Hip Hop, Pop, Electronic","تكة",2023-03-03,03:04,65,46,5,0,23,40,10,-10,A,4,2025-05-01,17yQG5otL6DNcGMeaIXoNX,"Warner Music Middle East",11B,LBA0Y2300013
968,"مردغانة","Xiety",17,170,"egyptian hip hop, arabic rap, mahraganat, egyptian pop","Hip Hop, Pop, Electronic","مردغانة",2021-11-25,04:08,56,63,21,0,28,0,10,-7,A,4,2025-05-01,3hOKeZhuXLf620mV19NSCC,"Warner Music Middle East",11B,LBA0Y2100031
969,"Blshaqloob - El Waili Remix","Xiety,El Waili",22,112,"egyptian hip hop, arabic rap, mahraganat, egyptian pop","Hip Hop, Pop, Electronic","Blshaqloob (El Waili Remix)",2020-08-31,03:48,73,72,30,0,23,0,10,-7,B minor,4,2025-05-01,5Dtna7A5Q4gE1lcTxASeSv,"Modissa - Xiety",10A,QZ4UU2001291
970,"اسلام المرج","Xiety",25,112,"egyptian hip hop, arabic rap, mahraganat, egyptian pop","Hip Hop, Pop, Electronic","اسلام المرج",2020-05-31,02:11,70,68,7,0,26,10,10,-6,G#/A♭,4,2025-05-01,6rSf1O4h6ScIRJQvmpLHvY,"Modissa - Xiety",4B,QZHN52025638
971,"Wash Us In The Blood","Kanye West,Travis Scott",56,137,"rap","Hip Hop","Wash Us In The Blood",2020-06-30,03:09,67,85,18,0,38,40,30,-5,A#/B♭,4,2025-05-01,7mEUjhl6aTztdHCrxoTgBG,"Getting Out Our Dreams II / Def Jam Recordings",6B,USUM72013565
972,"Zombie (Live from the NIVA Save Our Stages Festival)","Miley Cyrus",60,164,"","","Plastic Hearts",2020-11-27,04:50,41,87,0,5,32,0,10,-5,G,4,2025-05-01,0olaaJrCBTMJJvqPdvNpsx,"RCA Records Label",9B,USRC12003766
973,"High","Miley Cyrus",55,73,"","","Plastic Hearts",2020-11-27,03:16,47,54,0,0,24,0,30,-7,F,4,2025-05-01,2LseyBkPJv7r7wCt2yMEgX,"RCA Records Label",7B,USRC12003757
974,"Prisoner (feat. Dua Lipa)","Miley Cyrus,Dua Lipa",74,128,"pop","Pop","Plastic Hearts",2020-11-27,02:49,78,67,1,0,60,0,0,-4,D#/E♭ minor,4,2025-05-01,2Oycxb8QbPkpHTo8ZrmG0B,"RCA Records Label",2A,USRC12003364
975,"Gimme What I Want","Miley Cyrus",58,90,"","","Plastic Hearts",2020-11-27,02:31,66,77,4,0,41,0,0,-5,C minor,4,2025-05-01,4v8jmsVox8VwU5js3JHOJZ,"RCA Records Label",5A,USRC12003755
976,"Night Crawling (feat. Billy Idol)","Miley Cyrus,Billy Idol",58,134,"","","Plastic Hearts",2020-11-27,03:09,64,92,4,1,67,0,0,-4,B,4,2025-05-01,4U34WsyOvppOMnRfq7DuOy,"RCA Records Label",1B,USRC12003756
977,"Until I Found You (with Em Beihold) - Em Beihold Version","Stephen Sanchez,Em Beihold",82,101,"","","Until I Found You (Em Beihold Version)",2022-04-22,02:56,55,55,78,0,34,0,20,-5,A#/B♭,3,2025-05-01,1Y3LN4zO1Edc2EluIoSPJN,"Republic Records",6B,USUG12202266
978,"Lookin' for Love","Johnny Lee",46,125,"country","Country","Greatest Hits",2010-11-29,03:35,73,44,63,0,78,0,10,-13,D,4,2025-05-01,1GZPwcq6wQ5XimwWxQy6sy,"Rhino/Warner Records",10B,USWB19903242
979,"City Of Stars - From  La La Land  Soundtrack","Ryan Gosling,Emma Stone",67,112,"musicals","Classical, Easy Listening, Pop","La La Land (Original Motion Picture Soundtrack)",2016-12-09,02:29,49,12,90,0,43,0,0,-15,D minor,4,2025-05-01,6XQHlsNu6so4PdglFkJQRJ,"UMGRI Interscope",7A,USUG11600656
980,"Midnight Sky","Miley Cyrus",73,110,"","","Plastic Hearts",2020-11-27,03:43,70,81,0,0,23,0,20,-6,E minor,4,2025-05-01,4i2qxFEVVUi8yOYoxB8TCX,"RCA Records Label",9A,USRC12002653
981,"Angels Like You","Miley Cyrus",82,122,"","","Plastic Hearts",2020-11-27,03:16,67,64,10,0,49,0,10,-4,F,4,2025-05-01,1daDRI9ahBonbWD8YcxOIB,"RCA Records Label",7B,USRC12003754
982,"Flowers","Miley Cyrus",21,118,"","","Flowers",2023-01-13,03:20,71,68,6,0,65,0,0,-4,C,4,2025-05-01,0yLdNVWF3Srea0uzk55zFn,"Columbia",8B,USSM12209777
983,"Hero","Family of the Year",65,175,"","","Loma Vista",2012-07-10,03:10,34,52,25,0,23,0,10,-6,F,4,2025-05-01,1B10XgaxSXRLAFq967oMpF,"Nettwerk Music Group",7B,CAN111200237
984,"Bloody Mary","Lady Gaga",79,100,"art pop, pop","Pop","Born This Way (International Special Edition Version)",2011-05-23,04:04,59,63,1,0,44,0,10,-6,A minor,4,2025-05-01,53jnnqFSRGMDB9ADrNriCA,"Interscope",8A,USUM71106449
985,"Poker Face","Lady Gaga",87,119,"art pop, pop","Pop","The Fame",2008-01-01,03:57,85,81,12,0,77,0,10,-5,E,4,2025-05-01,1QV6tiMFM6fSOKOGLMHYYg,"Streamline/Interscope",12B,USUM70824409
986,"Bad Romance","Lady Gaga",88,119,"art pop, pop","Pop","The Fame Monster (Deluxe Edition)",2009-11-05,04:54,70,92,0,0,71,0,0,-4,C,4,2025-05-01,0SiywuOBRcynK0uKGWdCnn,"Interscope",8B,USUM70918596
987,"Just Another Day","Lady Gaga",48,167,"art pop, pop","Pop","Joanne (Deluxe)",2016-10-21,02:58,62,44,13,0,69,0,10,-9,A,4,2025-05-01,52vpwwKa8qFP1WDIsky1xT,"Interscope",11B,USUM71609741
988,"Angel Down","Lady Gaga",50,107,"art pop, pop","Pop","Joanne (Deluxe)",2016-10-21,03:49,29,32,80,0,7,0,10,-11,A,1,2025-05-01,5O31BTWa4XNFtE3zVgeCoh,"Interscope",11B,USUM71609739
989,"Come To Mama","Lady Gaga",49,180,"art pop, pop","Pop","Joanne (Deluxe)",2016-10-21,04:14,40,87,2,0,56,10,10,-6,C,3,2025-05-01,5YWHg9507fUXvtdSW3x6cF,"Interscope",8B,USUM71609735
990,"Sinner’s Prayer","Lady Gaga",51,92,"art pop, pop","Pop","Joanne (Deluxe)",2016-10-21,03:43,60,71,24,0,72,0,10,-7,G,4,2025-05-01,6oT5s4bAHOMM5cvt1v9Kzv,"Interscope",9B,USUM71609728
991,"What You Won't Do for Love","Bobby Caldwell",75,84,"","","What You Won't Do for Love",1978-00-00,04:46,64,40,46,0,80,0,10,-17,F#/G♭,4,2025-05-01,6Dk5fHTvH897XrVzCO64Mx,"Big Deal Records",2B,USA370532331
992,"Kill Bill","SZA",81,89,"r&b","R&B","SOS",2022-12-09,02:33,64,73,5,17,43,0,10,-6,G#/A♭,4,2025-05-01,3OHfY25tqY28d16oZczHc8,"Top Dawg Entertainment/RCA Records",4B,USRC12204584
993,"One Dance","Drake,Wizkid,Kyla",88,104,"rap, hip hop, afrobeats, afrobeat, afropop, azonto, afroswing, afropiano, ","R&B, Traditional Music, Electronic, Pop, Hip Hop","Views",2016-05-06,02:53,79,63,1,0,37,0,30,-6,C♯/D♭,4,2025-05-01,1zi7xx7UVEFkmKfv06H8x0,"Cash Money Records/Young Money Ent./Universal Rec.",3B,USCM51600028
994,"Alaiki Mini Salam","Chemsou Freeklane",10,107,"raï, gnawa, moroccan pop, algerian chaabi","Folk, Traditional Music, Pop","Alaiki Mini Salam",2019-09-15,04:03,44,18,78,0,24,0,10,-14,F#/G♭ minor,4,2025-05-01,4M4A6HDEvEUI3C0CCMUprK,"Chemsou Freeklane",11A,ushm91927159
995,"Salma Ya Salama - Arabic Version","Dalida",39,79,"chanson, variété française","Folk, Traditional Music, Pop","Escales Autour Du Monde",1998-01-01,03:10,58,64,51,0,89,0,0,-8,G,4,2025-05-01,12f9ZHOaiC464Rskwrscoj,"Universal Music Division Barclay",9B,FRZ017701490
996,"Fouq annakhl","Sabah Fakhri",44,109,"","","Rawae'a Sabah Fakhri",2013-05-21,06:14,35,80,73,0,64,0,30,-6,A#/B♭ minor,4,2025-05-01,5TLnM9z7xmVMf8ZTrZmz6n,"Royal Music",3A,FR6V81747752
997,"Jingle Bell Rock","Bobby Helms",64,120,"christmas","Pop","Jingle Bell Rock/Captain Santa Claus (And His Reindeer Space Patrol)",1957-12-02,02:10,75,42,64,0,81,0,0,-8,D,4,2025-05-01,7vQbuQcyTflfCIOu3Uzzya,"Geffen",10B,USMC15746480
998,"Elouda Lminsiyeh","Fairuz",51,82,"","","Fairuz Sings Elias Rahbani",2017-01-21,03:07,55,20,99,3,68,0,10,-16,D minor,4,2025-05-01,0tlu1CXKLNtrEWCv5TTy5d,"Elias Rahbani",7A,FR10S1742152
999,"House Of Balloons / Glass Table Girls","The Weeknd",79,89,"","","House Of Balloons (Original)",2011-03-21,06:47,66,51,0,0,23,0,20,-8,C,4,2025-05-01,2r7BPog74oaTG5shNYiUnV,"Universal Republic Records",8B,USUM72104130
1000,"Wicked Games","The Weeknd",73,114,"","","House Of Balloons (Original)",2011-03-21,05:25,61,57,2,0,26,0,30,-7,A,4,2025-05-01,00aqkszH1FdUiJJWvX6iEl,"Universal Republic Records",11B,USUM72104140
1001,"After Laughter (Comes Tears)","Wendy Rene",55,187,"northern soul","R&B","After Laughter (Comes Tears)",2005-02-08,02:59,42,17,17,0,36,0,10,-14,C♯/D♭ minor,4,2025-05-01,1IXa70EPedlpafPL7Ood2z,"Rhino/Elektra",12A,USAT20003822
1002,"Up To Something (feat. Travis Scott & Young Thug)","Metro Boomin,Travis Scott,Young Thug",57,114,"rap, melodic rap, trap","Hip Hop","NOT ALL HEROES WEAR CAPES (Deluxe)",2018-11-06,03:04,80,62,32,0,67,10,10,-9,C♯/D♭,4,2025-05-01,4RGacGFT2ztXhGgzeaYzIR,"Republic Records",3B,USUG11802538
1003,"No More (feat. Travis Scott, Kodak Black & 21 Savage)","Metro Boomin,Travis Scott,Kodak Black,21 Savage",61,82,"rap, ","Hip Hop","NOT ALL HEROES WEAR CAPES (Deluxe)",2018-11-06,04:25,64,50,41,0,20,30,30,-7,B minor,4,2025-05-01,42k9e2hgl98IdgkXLg4pxs,"Republic Records",10A,USUG11802488
1004,"Only 1 (Interlude) (with Travis Scott)","Metro Boomin,Travis Scott",60,78,"rap","Hip Hop","NOT ALL HEROES WEAR CAPES (Deluxe)",2018-11-06,01:20,32,24,74,0,39,0,10,-12,C♯/D♭ minor,3,2025-05-01,4cEqoGTqPRZy76Yl3ymj3V,"Republic Records",12A,USUG11802485
1005,"Ghostride","Crumb",73,87,"psychedelic pop, bedroom pop","Pop, Rock","Jinx",2019-06-14,02:06,67,35,52,82,45,0,10,-9,D,4,2025-05-01,0R3TWpoxAhT3HDXM7tpRzS,"Crumb Records",10B,QMB621900203
1006,"On Time (with John Legend)","Metro Boomin,John Legend",65,83,"soft pop, neo soul","R&B, Pop","HEROES & VILLAINS",2022-12-02,02:48,36,60,75,0,50,0,30,-7,F minor,3,2025-05-01,0YFqKxV9uNu6LUeYkLOKRS,"Republic Records",4A,USUG12208782
1007,"Lock On Me (with Travis Scott & Future)","Metro Boomin,Travis Scott,Future",64,94,"rap","Hip Hop","HEROES & VILLAINS",2022-12-02,02:54,74,50,53,0,19,20,10,-8,A#/B♭,4,2025-05-01,0OoNzMdPSgbkM5MkcuEZfm,"Republic Records",6B,USUG12208794
1008,"El Bent El Shalabeye","Fairuz",36,171,"","","Eh Fe Amal",2010-01-01,03:04,56,41,88,0,87,0,20,-11,F minor,4,2025-05-01,5m3T109z9Xr7WeUQlOw9kT,"MuzicUp",4A,EGA1K1805331
1009,"Yemken","Fairuz",27,80,"","","Bebalee",2017-09-22,03:08,60,22,88,0,33,0,10,-15,D,4,2025-05-01,6FdoJvnwNPxALTHS2BP0cT,"Universal Music Division Decca Records France",10B,LBA071700102
1010,"I Can't Save You (Interlude) [with Future & feat. Don Toliver]","Metro Boomin,Future,Don Toliver",73,143,"rap, ","Hip Hop","HEROES & VILLAINS",2022-12-02,01:30,67,73,3,0,33,20,10,-5,D#/E♭ minor,4,2025-05-01,2N9LEu6Pf8nDcp3GjWJT1Z,"Republic Records",2A,USUG12208790
1011,"Metro Spider (with Young Thug)","Metro Boomin,Young Thug",68,143,"rap, melodic rap, trap","Hip Hop","HEROES & VILLAINS",2022-12-02,02:54,73,72,5,0,29,10,30,-5,C♯/D♭,4,2025-05-01,2VtgzixdB967bHDNu5A1nh,"Republic Records",3B,USUG12208789
1012,"Around Me (feat. Don Toliver)","Metro Boomin,Don Toliver",80,120,"","","HEROES & VILLAINS",2022-12-02,03:11,70,67,9,1,6,0,50,-3,D minor,4,2025-05-01,221qmpQeBNV87sUjQeUTVH,"Republic Records",7A,USUG12208788
1013,"Trance (with Travis Scott & Young Thug)","Metro Boomin,Travis Scott,Young Thug",84,119,"rap, melodic rap, trap","Hip Hop","HEROES & VILLAINS",2022-12-02,03:14,77,55,18,0,49,30,10,-8,C♯/D♭ minor,4,2025-05-01,5wG3HvLhF6Y5KTGlK0IW3J,"Republic Records",12A,USUG12208787
1014,"Umbrella (with 21 Savage & Young Nudy)","Metro Boomin,21 Savage,Young Nudy",69,111,"","","HEROES & VILLAINS",2022-12-02,03:42,82,79,7,0,39,10,30,-4,B minor,4,2025-05-01,2Yt4SXIgmoaPZHGdRafp4P,"Republic Records",10A,USUG12208786
1015,"Raindrops (Insane) [with Travis Scott]","Metro Boomin,Travis Scott",73,112,"rap","Hip Hop","HEROES & VILLAINS",2022-12-02,03:08,80,54,10,0,12,0,30,-6,G minor,4,2025-05-01,1pacwLXyRO47ka0v6LTIiY,"Republic Records",6A,USUG12208785
1016,"Walk Em Down (Don't Kill Civilians) [with 21 Savage & feat. Mustafa]","Metro Boomin,21 Savage,Mustafa",66,162,"","","HEROES & VILLAINS",2022-12-02,05:10,52,52,13,0,16,20,10,-9,F minor,4,2025-05-01,1UsQe17Ef7tV1ahFqHEFR3,"Republic Records",4A,USUG12208793
1017,"Too Many Nights (feat. Don Toliver & with Future)","Metro Boomin,Future,Don Toliver",85,88,"rap, ","Hip Hop","HEROES & VILLAINS",2022-12-02,03:19,57,67,19,0,14,0,10,-4,G minor,4,2025-05-01,2Hh3ETdQKrmSI3QS0hme7g,"Republic Records",6A,USUG12208784
1018,"SICKO MODE","Travis Scott",85,155,"rap","Hip Hop","ASTROWORLD",2018-08-03,05:12,83,73,1,0,45,20,10,-4,G#/A♭,4,2025-05-01,2xLMifQCjDGFmkHkpNLD9h,"Cactus Jack / Epic",4B,USSM11806660
1019,"'Cause I'm A Man","Tame Impala",65,145,"indie, psychedelic pop","Pop, Rock","Currents",2015-07-17,04:01,55,70,11,0,64,0,10,-5,A,4,2025-05-01,2O99aywAVBhaPrsiJ6zbSS,"Universal Music Australia Pty. Ltd.",11B,AUUM71500298
1020,"Yes I'm Changing","Tame Impala",74,180,"indie, psychedelic pop","Pop, Rock","Currents",2015-07-17,04:30,37,61,11,0,35,0,0,-7,C,4,2025-05-01,0xtIp0lgccN85GfGOekS5L,"Universal Music Australia Pty. Ltd.",8B,AUUM71500295
1021,"Breathe Deeper","Tame Impala",69,105,"indie, psychedelic pop","Pop, Rock","The Slow Rush",2020-02-14,06:12,66,85,2,0,50,0,10,-5,B minor,4,2025-05-01,3LbZIhU0smEU5SUnxod4j4,"Universal Music Australia Pty. Ltd.",10A,AUUM71900929
1022,"Borderline","Tame Impala",85,98,"indie, psychedelic pop","Pop, Rock","The Slow Rush",2020-02-14,03:57,62,87,4,0,87,0,0,-3,F minor,4,2025-05-01,5hM5arv9KDbCHS0k9uqwjr,"Universal Music Australia Pty. Ltd.",4A,AUUM71900956
1023,"Creepin' (with The Weeknd & 21 Savage)","Metro Boomin,The Weeknd,21 Savage",84,98,"","","HEROES & VILLAINS",2022-12-02,03:41,72,61,39,0,16,0,0,-6,C♯/D♭ minor,4,2025-05-01,2dHHgzDwk4BJdRwy9uXhTO,"Republic Records",12A,USUG12208791
1024,"Superhero (Heroes & Villains) [with Future & Chris Brown]","Metro Boomin,Future,Chris Brown",82,117,"rap, r&b","R&B, Hip Hop","HEROES & VILLAINS",2022-12-02,03:02,71,58,14,0,53,20,20,-5,F minor,4,2025-05-01,0vjeOZ3Ft5jvAi9SBFJm1j,"Republic Records",4A,USUG12208783
1025,"Elephant","Tame Impala",74,123,"indie, psychedelic pop","Pop, Rock","Lonerism",2012-01-01,03:31,60,55,56,16,53,0,20,-7,A minor,4,2025-05-01,6qZjm61s6u8Ead9sWxCDro,"Modular",8A,AUUM71200495
1026,"One More Hour","Tame Impala",76,102,"indie, psychedelic pop","Pop, Rock","The Slow Rush",2020-02-14,07:12,65,40,11,11,32,0,10,-9,E,4,2025-05-01,0mO6oS60RST2sWmN2FKknP,"Universal Music Australia Pty. Ltd.",12B,AUUM71900935
1027,"New Person, Same Old Mistakes","Tame Impala",81,152,"indie, psychedelic pop","Pop, Rock","Currents",2015-07-17,06:03,47,81,27,1,49,0,0,-7,G#/A♭,4,2025-05-01,52ojopYMUzeNcudsoz7O9D,"Universal Music Australia Pty. Ltd.",4B,AUUM71500302
1028,"Beiny We Beinak - Live","Hoda Haddad,Fairuz",46,102,"","","The Olympia Paris Concert 1979 (Live)",1979-01-01,03:03,49,18,14,0,67,0,60,-19,F,4,2025-05-01,3XyvgKHmrWHV9wxQwbwGSJ,"Modissa - Randa Phone",7B,QZ4UU1702052
1029,"Saaltak Habiby","Fairuz",55,93,"","","Maïs El Rim (From  Maïs El Rim )",1975-01-01,05:26,37,41,74,0,26,0,90,-8,C♯/D♭ minor,4,2025-05-01,0VEckWCkjfEPFEhsly59hK,"Modissa - Randa Phone",12A,QZ4UU1731016
1030,"نطرونا كتير","Fairuz",23,121,"","","نطرونا كتير",2017-11-05,03:43,60,9,72,0,41,0,10,-22,F minor,4,2025-05-01,7hVVKv7BAqXRqdrzBWSFHj,"Takwene",4A,EGA251709994
1031,"زروني كل سنة مرة","Fayrouz",0,98,"","","زروني كل سنة مرة",1985-08-11,02:59,40,36,95,0,54,0,30,-14,A,4,2025-05-01,1xgMo00Et9SlXlWl5fLbjR,"El Wady Music",11B,EGA181423914
1032,"Al Bostah","Fairuz",37,114,"","","Fairuz - Modern Favorites",2000-00-00,08:57,63,66,58,0,86,0,20,-8,B minor,4,2025-05-01,46R7cZ3s7Mhj85PgFW19j0,"EMI MUSIC ARABIA",10A,AEAB29500033
1033,"Fayek Ya Hawa","Fairuz",36,146,"","","Fairouz World, Pt. 2",2018-09-30,03:36,36,30,95,0,48,0,30,-10,A minor,4,2025-05-01,3dfRUizerzwaf558op6cuH,"Modissa - Randa Phone",8A,QZ4UU1800304
1034,"Konna Netlaka","Fairuz",61,92,"","","Konna Netlaka",1975-01-01,03:22,34,40,76,0,30,0,70,-9,D minor,4,2025-05-01,1Xf9s0vxxGyiMHQDtxK9Cu,"Modissa - Randa Phone",7A,QZ4UU1701164
1035,"Katabna We Ma Katabna","Fairuz",46,83,"","","Konna Netlaka",1975-01-01,05:07,67,24,98,0,32,0,80,-10,D,4,2025-05-01,7KaIodtnVLC0JyrFF2KLSl,"Modissa - Randa Phone",10B,QZ4UU1800304
1036,"Baadak Ala Baly","Fairuz",37,105,"","","Konna Netlaka",1975-01-01,04:04,39,14,90,0,42,0,10,-14,A,4,2025-05-01,67ubQBuUltyh88TdtJswhJ,"Modissa - Randa Phone",11B,FR8Z49609804
1037,"Oudak Rannan","Fairuz",24,131,"","","Maarifti Feek",1995-00-00,05:11,70,82,60,3,87,0,10,-10,F,4,2025-05-01,6ERp6cUIKcC0AgQF58kBqO,"EMI MUSIC ARABIA",7B,AEAB29500028
1038,"Akher Ayam El Saifeye","Fairuz",50,121,"","","Maïs El Rim (From  Maïs El Rim )",1975-01-01,02:58,54,65,30,0,75,0,90,-8,B minor,4,2025-05-01,0sAUacVQZzAc5oK3i7BLP5,"Modissa - Randa Phone",10A,QZ4UU1701693
1039,"Akher Ayam El Saifeye","Fairuz",30,120,"","","Fairouz World, Pt. 2",2018-09-30,02:54,59,54,36,0,84,0,10,-11,B,4,2025-05-01,4iUUrOykKZeL5pp6KTpNlq,"Modissa - Randa Phone",1B,QZ4UU1701693
1040,"Ya Ana Ya Ana","Fairuz",38,95,"","","Fairouz World, Pt. 2",2018-09-30,02:32,49,45,82,0,55,0,90,-12,G minor,4,2025-05-01,5IgAa2n2XySZup24cPMaOd,"Modissa - Randa Phone",6A,QZ4UU1700991
1041,"Kan Inna Tahoun","Fairuz",50,144,"","","Fairuz Sings Elias Rahbani",2017-01-21,02:45,51,51,92,0,49,10,10,-10,F minor,4,2025-05-01,1nbqpwGdw0TkLFYlAIjOyH,"Elias Rahbani",4A,FR10S1742151
1042,"Habbo Baadon","Fairuz",34,79,"","","Maïs El Rim (From  Maïs El Rim )",1975-01-01,04:04,27,29,97,0,24,0,70,-11,A minor,4,2025-05-01,4C6mvUkZklzrHgWBSMVrFs,"Modissa - Randa Phone",8A,QZ4UU1701456
1043,"Bektoub Ismak Ya Habibi","Fairuz",33,85,"","","Fairouz World, Pt. 2",2018-09-30,04:38,62,17,97,0,57,0,0,-12,C minor,4,2025-05-01,0OgrwAadibZsIz2g1OS7Ig,"Modissa - Randa Phone",5A,QZ4UU1801263
1044,"مهرجان الخمس صحاب","حمو التركي",36,116,"mahraganat","Electronic, Hip Hop","أغاني حمو التركي",2017-02-22,07:18,88,91,17,0,96,0,10,-1,F minor,4,2025-05-01,4e1KF473CkPB9EFjIx2V87,"Takwene",4A,EGA191992670
1045,"Ghi T9al (Et2al)","Don Bigg,Marwan Moussa",0,110,"moroccan rap, arabic rap, moroccan pop, egyptian hip hop, raï, gnawa, egyptian pop, mahraganat","Hip Hop, Pop, Traditional Music, Electronic","٤in (Act 1)",2022-10-21,03:38,92,60,2,0,55,0,0,-6,C minor,4,2025-05-01,3L19EYCeRURGzbIVMjCkLx,"DBF",5A,USUYG1447799
1046,"Skin and Bones","Cage The Elephant",60,160,"modern rock","Rock","Social Cues",2019-04-19,03:16,54,79,1,0,36,0,20,-3,A minor,4,2025-05-01,6ubPFMzlIg73d1jzzWcC8B,"RCA Records Label",8A,USRC11803827
1047,"Night Running","Cage The Elephant,Beck",58,142,"modern rock, ","Rock","Social Cues",2019-04-19,03:28,60,95,7,0,58,0,30,-2,E minor,4,2025-05-01,0wSmZykDgah7GfaUNZUZCb,"RCA Records Label",9A,USRC11803826
1048,"Inni Mneeh","Mashrou' Leila",45,87,"","","The Beirut School",2019-03-01,03:22,51,39,61,1,7,0,10,-9,C♯/D♭ minor,4,2025-05-01,2gHM7Lplt3UfTn3RhyIhrA,"Shoop! Shoop!",12A,USHM21168003
1049,"You Don't Own Me","Tamino",44,118,"","","Sahar",2022-09-23,04:20,35,9,92,1,6,0,10,-14,C♯/D♭ minor,4,2025-05-01,2QJ3hynXHWe5h8qRfiEaGx,"Communion Music",12A,GB6TW2200031
1050,"اديش كان في ناس","Fairuz",49,168,"","","اديش كان في ناس",2013-05-30,03:43,24,22,96,0,63,0,0,-15,G,4,2025-05-01,7BDco92BzFxjd3BG0mWYhj,"Takwene",9B,EGA251709982
1051,"Rageen Ya Hawa","Fairuz",48,89,"","","Loulou (From the Play)",1974-01-01,05:23,28,41,91,0,33,0,50,-13,F,4,2025-05-01,2Z4AsULvdEmBnspBt8Nwp6,"Modissa - Randa Phone",7B,QZ4UU1733148
1052,"أمس انتهينا","Fairuz",23,111,"","","أمس انتهينا",2013-01-05,05:09,50,28,93,0,31,0,10,-8,G#/A♭,4,2025-05-01,4gXPtB7jysSvn1q97N8e50,"Takwene",4B,EGA251709981
1053,"طعم البعاد","Hamza Namira",18,102,"egyptian pop, gnawa, sholawat, khaleeji","Pop, Traditional Music, Christian","نمرة لاونج",2022-12-10,03:11,68,69,78,1,78,0,10,-7,G,4,2025-05-01,7h9rjUW1j6z7UXW3dZb0qQ,"NAMIRA PRODUCTIONS",9B,DGA072255593
1054,"استعيذوا","Hamza Namira",11,178,"egyptian pop, gnawa, sholawat, khaleeji","Pop, Traditional Music, Christian","نمرة لاونج",2022-12-10,03:52,54,67,77,4,72,0,0,-6,G,4,2025-05-01,3lb5x0V6UFiz1JVjLKac60,"NAMIRA PRODUCTIONS",9B,DGA072255591
1055,"داري يا قلبي","Hamza Namira",22,160,"egyptian pop, gnawa, sholawat, khaleeji","Pop, Traditional Music, Christian","نمرة لاونج",2022-12-10,04:54,54,53,86,1,43,0,10,-8,A#/B♭,4,2025-05-01,65vhIvTrRSN26oas09rNtJ,"NAMIRA PRODUCTIONS",6B,DGA072255590
1056,"معلش","Hamza Namira",15,100,"egyptian pop, gnawa, sholawat, khaleeji","Pop, Traditional Music, Christian","نمرة لاونج",2022-12-10,02:57,56,57,83,0,55,0,10,-6,G minor,4,2025-05-01,6L0EZbsnd55KGVhjiYJSpX,"NAMIRA PRODUCTIONS",6A,DGA072255588
1057,"فاضي شوية","Hamza Namira",27,174,"egyptian pop, gnawa, sholawat, khaleeji","Pop, Traditional Music, Christian","نمرة لاونج",2022-12-10,04:09,55,60,79,12,51,0,10,-7,G minor,4,2025-05-01,1fHh30pe4YAacqOI3vKQWW,"NAMIRA PRODUCTIONS",6A,DGA072255587
1058,"Pt. 2","Kanye West",65,145,"rap","Hip Hop","The Life Of Pablo",2016-06-10,02:10,67,75,55,0,24,30,70,-4,B,4,2025-05-01,1Wsbr1d2BouNGk2q92mIj7,"Rock The World/IDJ/Kanye LP7",1B,USUM71603069
1059,"Real Friends","Kanye West",65,81,"rap","Hip Hop","The Life Of Pablo",2016-06-10,04:11,44,74,26,0,12,40,10,-6,F#/G♭ minor,4,2025-05-01,66Q3fAmSX5eHamgbKa9alP,"Rock The World/IDJ/Kanye LP7",11A,USUM71603081
1060,"Saint Pablo","Kanye West",72,167,"rap","Hip Hop","The Life Of Pablo",2016-06-10,06:12,46,77,28,0,41,30,10,-4,D minor,4,2025-05-01,1o0kWPueYo94LIjPYOE5Nf,"Rock The World/IDJ/Kanye LP7",7A,USUM71604709
1061,"Facts (Charlie Heat Version)","Kanye West",58,142,"rap","Hip Hop","The Life Of Pablo",2016-06-10,03:20,78,66,5,0,40,10,10,-4,C♯/D♭ minor,4,2025-05-01,3MnbXlC1N7GdS9M8HzA6no,"Rock The World/IDJ/Kanye LP7",12A,USUM71603086
1062,"No More Parties In LA","Kanye West",74,93,"rap","Hip Hop","The Life Of Pablo",2016-06-10,06:14,51,92,25,0,68,30,20,-2,F,4,2025-05-01,0zLClc0emc6qUeV1p5nc99,"Rock The World/IDJ/Kanye LP7",7B,USUM71603085
1063,"FML","Kanye West",64,125,"rap","Hip Hop","The Life Of Pablo",2016-06-10,03:56,53,42,33,0,12,10,20,-7,F,4,2025-05-01,30Zcjs7pgEkmJA1lEbGSWT,"Rock The World/IDJ/Kanye LP7",7B,USUM71603080
1064,"Waves","Kanye West",71,96,"rap","Hip Hop","The Life Of Pablo",2016-06-10,03:01,56,59,5,0,7,0,30,-5,A#/B♭,4,2025-05-01,3nAq2hCr1oWsIU54tS98pL,"Rock The World/IDJ/Kanye LP7",6B,USUM71603079
1065,"Don't Cry (Original)","Guns N' Roses",80,125,"rock, glam metal, hard rock, classic rock","Rock, Metal","Use Your Illusion I",1991-09-17,04:43,46,59,0,0,25,0,10,-9,B,4,2025-05-01,2N2yrmodOnVF10mKvItC9P,"Guns N Roses P&D",1B,USGF19141504
1066,"Kharban","Sadat,Wegz",0,130,"mahraganat, egyptian hip hop, arabic rap, egyptian shaabi, egyptian pop","Hip Hop, Pop, Traditional Music, Electronic","Kharban",2018-08-08,03:30,87,57,3,0,17,0,10,-10,B,4,2025-05-01,7GoBKpsQyTK5md6S4lFD1b,"Sadat-el3almy",1B,LBA0H1901910
1067,"Sogara","Afroto",51,99,"egyptian hip hop, arabic rap, mahraganat, egyptian pop","Hip Hop, Pop, Electronic","Sogara",2020-06-15,04:15,71,49,57,0,52,0,10,-8,G minor,4,2025-05-01,3C6zfNQAGVjYFXaYg7xLTY,"The Basement Records",6A,EGA072000218
1068,"Brazil","Afroto,Marwan Moussa",55,120,"egyptian hip hop, arabic rap, mahraganat, egyptian pop","Hip Hop, Pop, Electronic","SAN STEFANO",2022-06-09,03:32,95,73,15,0,67,30,10,-6,A,4,2025-05-01,6cpTq72SH9QSocMTnGEKg5,"The Basement Records",11B,EGA072200792
1069,"شيراتون","Marwan Moussa",46,105,"egyptian hip hop, arabic rap, egyptian pop, mahraganat","Hip Hop, Pop, Electronic","شيراتون",2020-05-24,03:34,89,44,19,0,23,0,10,-9,F#/G♭ minor,4,2025-05-01,3S2aU4rUZXbVOxyVzgzXQ5,"Blue Check Entertainment",11A,QZHN42010800
1070,"Tesla","Marwan Moussa",52,105,"egyptian hip hop, arabic rap, egyptian pop, mahraganat","Hip Hop, Pop, Electronic","Florida",2021-01-01,03:06,70,36,42,0,83,10,0,-11,A minor,4,2025-05-01,0htvkHTlXpui40I957NFUt,"The Basement Records",8A,EGA072100007
1071,"البوصلة ضاعت","Marwan Moussa",60,107,"egyptian hip hop, arabic rap, egyptian pop, mahraganat","Hip Hop, Pop, Electronic","البوصلة ضاعت",2019-08-23,03:29,75,50,67,0,30,10,10,-10,G minor,4,2025-05-01,3OFejsaM3NDkclJg3rjWI2,"Blue Check Entertainment",6A,QZFZ71985842
1072,"بطل عالم","Marwan Moussa",52,111,"egyptian hip hop, arabic rap, egyptian pop, mahraganat","Hip Hop, Pop, Electronic","عقد احتراف",2022-06-17,03:03,88,51,19,0,71,0,0,-7,A#/B♭,4,2025-05-01,2E2ZmCeuHrHOECN01QhN0A,"The Basement Records",6B,EGA072200637
1073,"حدوته المانى","Marwan Moussa",52,107,"egyptian hip hop, arabic rap, egyptian pop, mahraganat","Hip Hop, Pop, Electronic","عقد احتراف",2022-06-17,02:37,72,60,41,0,70,10,10,-10,C,4,2025-05-01,1hpjMinSryyJGslYdF0cyy,"The Basement Records",8B,EGA072200639
1074,"November Rain","Guns N' Roses",83,80,"rock, glam metal, hard rock, classic rock","Rock, Metal","Use Your Illusion I",1991-09-17,08:56,29,64,2,22,23,0,10,-9,B,4,2025-05-01,3YRCqOhFifThpSRFJ1VWFM,"Guns N Roses P&D",1B,USGF19141510
1075,"Panda","Desiigner",68,145,"","","Panda",2016-02-26,04:07,69,73,3,0,27,40,30,-6,A#/B♭ minor,4,2025-05-01,275a9yzwGB6ncAW4SxY7q3,"Getting Out Our Dreams Inc. (G.O.O.D.) Music / IDJ",3A,USUM71601094
1076,"Violet","Connor Price,Killa",60,120,"","","Violet",2022-10-07,02:02,92,72,2,0,48,0,10,-7,G#/A♭ minor,4,2025-05-01,3zb9k8UUuKz5tYmKJvNqQA,"4 of Clubs LLC",1A,QZPLS2235276
1077,"I'm Aware","Inner Wave",0,102,"","","Underwater Pipe Dreams",2017-08-25,02:15,81,50,57,31,94,0,10,-6,F#/G♭,4,2025-05-01,3UVSzTS5OQKeDlHcwapmV9,"Inner Wave",2B,TCADF1791066
1078,"Famous","Kanye West",73,174,"rap","Hip Hop","The Life Of Pablo",2016-06-10,03:16,47,74,7,0,41,10,10,-4,F#/G♭,4,2025-05-01,19a3JfW8BQwqHWUMbcqSx8,"Rock The World/IDJ/Kanye LP7",2B,USUM71603020
1079,"Father Stretch My Hands Pt. 1","Kanye West",83,113,"rap","Hip Hop","The Life Of Pablo",2016-06-10,02:15,72,57,12,0,44,0,50,-4,G,4,2025-05-01,4KW1lqgSr8TKrvBII0Brf8,"Rock The World/IDJ/Kanye LP7",9B,USUM71603067
1080,"Taa We La Teegy","Fairuz",44,97,"","","Bayaa El Khawatem (From  Bayaa El Khawatem )",1994-01-01,03:04,43,13,96,0,38,0,30,-14,G#/A♭,4,2025-05-01,2Jr6n8fuI6NfNjVaTFlY4i,"Modissa - Randa Phone",4B,QZ4UU1800236
1081,"Pure Souls","Kanye West",61,97,"rap","Hip Hop","Donda",2021-08-29,05:58,38,53,10,0,26,0,20,-7,F,4,2025-05-01,5aqUqSq0SqGBAqEn27PEzc,"Rock The World/IDJ/Kanye LP7",7B,USUM72116299
1082,"Hurricane","Kanye West",68,80,"rap","Hip Hop","Donda",2021-08-29,04:03,59,56,5,0,35,10,10,-7,C,4,2025-05-01,6Hfu9sc7jvv6coyy2LlzBF,"Rock The World/IDJ/Kanye LP7",8B,USUM72116311
1083,"Praise God","Kanye West",74,118,"rap","Hip Hop","Donda",2021-08-29,03:46,80,55,1,0,21,10,20,-6,C♯/D♭,4,2025-05-01,0WSEq9Ko4kFPt8yo3ICd6T,"Rock The World/IDJ/Kanye LP7",3B,USUM72116287
1084,"I Will Survive","Gloria Gaynor",75,117,"disco","Pop","Love Tracks",1978-11-27,04:56,77,78,2,0,80,0,30,-10,A minor,4,2025-05-01,7rIovIsXE6kMn629b7kDig,"Polydor",8A,USUR10200634
1085,"دايما مع بعض","D1M1K",0,110,"","","ADS COL3",2022-01-27,04:03,75,88,48,0,69,0,20,-8,D minor,4,2025-05-01,7pzlF7yrH1vzQVBKNrI1Io,"2204020 Records DK",7A,QZFZ42292611
1086,"RAJA","VALORANT,ARB4,Tienas,Mangal Suvarnan",0,172,"desi hip hop, hindi hip hop, ","Hip Hop","RAJA",2022-10-14,03:52,55,86,15,0,44,20,10,-3,D,4,2025-05-01,2MpRCWHaa8KzG4uXFbYl4v,"Riot Games",10B,QZH6S1900639
1087,"Teenagers","My Chemical Romance",82,112,"emo, pop punk, emo pop","Rock, Pop","The Black Parade",2006-10-20,02:41,46,86,5,0,86,0,10,-3,E,4,2025-05-01,7j31rVgGX9Q2blT92VBEA0,"Reprise",12B,USRE10602912
1088,"Cancer","My Chemical Romance",75,75,"emo, pop punk, emo pop","Rock, Pop","The Black Parade",2006-10-20,02:22,46,52,36,0,22,0,20,-4,E,4,2025-05-01,0GgN4MhR5GKn5IcKN0e0rG,"Reprise",12B,USRE10602909
1089,"Salka","Hassan Shakosh,Wegz",48,120,"mahraganat, egyptian pop, egyptian shaabi, khaleeji, egyptian hip hop, arabic rap","Hip Hop, Pop, Traditional Music, Electronic","Salka",2020-10-24,03:09,85,79,22,0,58,0,10,-6,B minor,4,2025-05-01,31YxrDJGTuKmso1z7mPWJ8,"Global",10A,EGA010549324
1090,"Banat Keteer","El Masreyeen",3,139,"egyptian pop","Pop","Banat Keteer",1980-01-01,05:14,76,58,99,83,79,20,10,-8,E,4,2025-05-01,0FCMo4pLOKdt3EE3xSFwnS,"Modissa - Sout El Hob",12B,EGA010507510
1091,"Sah","El Masreyeen",4,112,"egyptian pop","Pop","Banat Keteer",1980-01-01,03:56,59,44,96,94,94,20,10,-13,E minor,4,2025-05-01,2ODWUJ5XayolCGV2iCPxLM,"Modissa - Sout El Hob",9A,EGA010507516
1092,"Lounga 79","Hany Shenouda",9,153,"","","Horreya",1978-01-01,03:34,63,68,70,81,93,0,0,-12,E minor,4,2025-05-01,1Bbmre4isy9IeWn62C0mrU,"Modissa - Sout El Hob",9A,EGA010507496
1093,"Taht Ashgar El Nakheel","El Masreyeen",19,119,"egyptian pop","Pop","Horreya",1978-01-01,04:28,58,44,61,0,32,0,10,-12,F minor,4,2025-05-01,6lnW5CnTjb08EGdqJv0KUB,"Modissa - Sout El Hob",4A,EGA010507491
1094,"Matehseboush Ya Banat","El Masreyeen",24,143,"egyptian pop","Pop","Bahebek La",1977-01-01,02:52,74,76,65,13,88,0,10,-10,D,4,2025-05-01,3w8DkdliHUDmBcLYWRCgxO,"Modissa - Sout El Hob",10B,EGA010507499
1095,"El sohbageya","Hany Shnoda Ferqet Masr",15,103,"egyptian pop","Pop","Abdaa Men Gedeid",1981-12-31,03:39,78,56,54,0,97,0,40,-15,F,4,2025-05-01,2Q2GI6N8Ld23B5C7L4GPvi,"Global",7B,EGA020502189
1096,"Abdaa Men Gedeed","Hany Shnoda Ferqet Masr",27,91,"egyptian pop","Pop","Abdaa Men Gedeid",1981-12-31,03:44,70,46,55,0,82,0,10,-15,D minor,4,2025-05-01,3SkrxT30Nf1OXGRx2rUNJq,"Global",7A,EGA020502188
1097,"En Kont Ghaly","Aida el Ayoubi",51,103,"egyptian pop","Pop","Ala Baly",1990-12-31,05:01,53,24,88,0,37,0,10,-11,A#/B♭ minor,4,2025-05-01,2sWpMT1ssHFpLG8JMlSGSX,"Global",3A,EGA020500041
1098,"The Dreams that Stuff is Made Of","Jóhann Jóhannsson",53,58,"neoclassical","Classical","The Theory of Everything (Original Motion Picture Soundtrack)",2014-11-04,01:51,36,9,99,74,8,0,10,-20,C minor,4,2025-05-01,4GNAkByimF0pxX2vgG35Z3,"Back Lot Music",5A,USQ4E1401102
1099,"Ala Baly","Aida el Ayoubi",48,118,"egyptian pop","Pop","Ala Baly",1990-12-31,05:14,55,54,74,0,53,0,30,-10,A#/B♭,4,2025-05-01,4ITlOYD10CGbp5bf79OA0E,"Global",6B,EGA020500039
1100,"Devil In A New Dress","Kanye West,Rick Ross",81,80,"rap, southern hip hop","Hip Hop","My Beautiful Dark Twisted Fantasy",2010-11-22,05:51,44,76,2,0,21,0,10,-5,G#/A♭ minor,4,2025-05-01,1UGD3lW3tDmgZfAVDh6w7r,"Roc-A-Fella",1A,USUM71027277
1101,"Monster","Kanye West,JAY-Z,Rick Ross,Nicki Minaj,Bon Iver",74,125,"rap, hip hop, east coast hip hop, southern hip hop, indie folk","Hip Hop, Folk, Rock","My Beautiful Dark Twisted Fantasy",2010-11-22,06:18,63,69,0,1,10,20,60,-6,D,5,2025-05-01,1ZHYJ2Wwgxes4m8Ba88PeK,"Roc-A-Fella",10B,USUM71026158
1102,"All You Need Is Love - Remastered 2015","The Beatles",55,105,"classic rock, psychedelic rock","Rock","1 (Remastered)",2000-11-13,03:47,40,63,44,0,68,0,20,-6,G,4,2025-05-01,6KqiVlOLfDzJViJVAPym1p,"UMC (Universal Music Catalogue)",9B,GBUM71505889
1103,"All Of The Lights (Interlude)","Kanye West",61,111,"rap","Hip Hop","My Beautiful Dark Twisted Fantasy",2010-11-22,01:02,30,8,90,59,50,0,10,-17,A#/B♭ minor,3,2025-05-01,4D6TpthzUVNTjWQqfBW5Kb,"Roc-A-Fella",3A,USUM71027297
1104,"All Of The Lights","Kanye West",80,142,"rap","Hip Hop","My Beautiful Dark Twisted Fantasy",2010-11-22,04:59,53,80,8,0,22,0,10,-3,C♯/D♭,4,2025-05-01,22L7bfCiAkJo5xGSQgmiIO,"Roc-A-Fella",3B,USUM71027273
1105,"POWER","Kanye West",80,154,"rap","Hip Hop","My Beautiful Dark Twisted Fantasy",2010-11-22,04:52,54,91,2,0,58,10,70,-5,C minor,4,2025-05-01,2gZUPNdnz5Y45eiGxpHGSc,"Roc-A-Fella",5A,USUM71018220
1106,"Gorgeous","Kanye West,Kid Cudi,Raekwon",72,92,"rap, east coast hip hop, hardcore hip hop, hip hop, boom bap","Hip Hop","My Beautiful Dark Twisted Fantasy",2010-11-22,05:57,60,71,2,0,12,0,40,-4,F#/G♭ minor,4,2025-05-01,23SZWX2IaDnxmhFsSLvkG2,"Roc-A-Fella",11A,USUM71027265
1107,"Basalem Aleik","Moustafa Amar",36,146,"egyptian pop","Pop","Mazzika Hot Vol.2",2006-02-26,05:51,56,53,7,0,35,0,10,-9,A minor,4,2025-05-01,5pQkfDwOOr1Wj8IwnXTOeB,"Global",8A,EGA019000510
1108,"باظت","Wegz",42,143,"egyptian hip hop, arabic rap, mahraganat, egyptian pop","Hip Hop, Pop, Electronic","باظت",2019-06-03,02:41,84,45,10,0,23,0,0,-10,C♯/D♭,4,2025-05-01,5GZGxXFZK2y33B1gpBL2Sl,"Takwene",3B,QZFYX1915605
1109,"إحنا النهارده","ريفو شو",0,104,"egyptian pop, arabic rap, egyptian hip hop","Hip Hop, Pop","مسلسل ريڤو",2022-07-13,02:16,80,64,24,0,83,0,0,-9,C♯/D♭,4,2025-05-01,3ezPkU87vxrcsmpDX9yf9S,"4108693 Records DK",3B,QZK6F2295960
1110,"حكمة الايام","ريفو شو",0,120,"egyptian pop, arabic rap, egyptian hip hop","Hip Hop, Pop","مسلسل ريڤو",2022-07-13,03:02,65,33,30,0,41,0,10,-12,C♯/D♭ minor,4,2025-05-01,4IwVR6QqAfw7NZTY2Q5Wes,"4108693 Records DK",12A,QZK6F2295967
1111,"علي باب السيما","ريفو شو",0,108,"egyptian pop, arabic rap, egyptian hip hop","Hip Hop, Pop","مسلسل ريڤو",2022-07-13,02:31,77,26,50,11,53,0,0,-17,C minor,4,2025-05-01,1ILuHIun2pGia5kXEQraT9,"4108693 Records DK",5A,QZK6F2295965
1112,"انا نجم","ريفو شو",0,92,"egyptian pop, arabic rap, egyptian hip hop","Hip Hop, Pop","مسلسل ريڤو",2022-07-13,04:05,52,41,67,0,29,0,10,-13,F#/G♭ minor,4,2025-05-01,7Ki9SDxWpUU8aXIX2gq2C2,"4108693 Records DK",11A,QZK6F2295968
1113,"اغنية اقوى ميكس من وي","Telecom Egypt,Ahmed Mekky,Wegz",39,140,"egyptian hip hop, arabic rap, mahraganat, egyptian pop","Hip Hop, Pop, Electronic","اغنية اقوى ميكس من وي",2022-02-03,03:10,78,81,8,0,52,20,0,-4,C♯/D♭,4,2025-05-01,53NXe3kkRKLOHetbquwSxt,"Telecom Egypt",3B,QZFZ72217615
1114,"أسياد الصوت","Wegz,LZHYMR",48,135,"egyptian hip hop, arabic rap, mahraganat, egyptian pop","Hip Hop, Pop, Electronic","Asyad El Soot",2021-04-09,03:08,82,58,44,0,28,0,10,-8,C minor,4,2025-05-01,2xID4PetWGYUl2JtQWBlcq,"Takwene",5A,EGA252101570
1115,"دايرة ع المصلحة","Wegz",43,104,"egyptian hip hop, arabic rap, mahraganat, egyptian pop","Hip Hop, Pop, Electronic","دايرة ع المصلحة",2018-07-02,04:09,68,30,42,0,14,0,10,-13,G#/A♭,4,2025-05-01,2EhJ1oOZ0VsQsZfbrHqlho,"Takwene",4B,QZES81970112
1116,"الغسالة","Wegz",51,104,"egyptian hip hop, arabic rap, mahraganat, egyptian pop","Hip Hop, Pop, Electronic","الغسالة",2020-07-28,02:51,83,65,30,0,51,0,10,-8,F minor,4,2025-05-01,4GcEzW65Yr0bFVqozWcgPH,"Takwene",4A,EGA252008877
1117,"اي تي ام","Wegz",47,85,"egyptian hip hop, arabic rap, mahraganat, egyptian pop","Hip Hop, Pop, Electronic","اي تي ام",2019-09-29,03:08,76,47,55,0,43,0,10,-9,F#/G♭ minor,4,2025-05-01,6hWpweOTHzNoRpPp4UYiT2,"Takwene",11A,QZHNA1998428
1118,"Bel Salama - Lorry Pt. 2 Remix","Molotof,Wegz",0,140,"egyptian hip hop, arabic rap, mahraganat, egyptian pop","Hip Hop, Pop, Electronic","Bel Salama (Lorry Pt. 2 Remix)",2020-01-08,03:13,72,63,75,0,45,20,20,-8,A#/B♭,4,2025-05-01,1OFqfSFPRN5hqTXz0WnUZB,"Kord",6B,QZFYX2046221
1119,"مهرجان القمة","El Mahrgan",0,128,"","","مهرجان القمة",2014-05-19,06:45,83,96,17,0,84,10,10,0,A minor,4,2025-05-01,5uaP54DuRTvfKtRwr3Z6Ce,"Az3rina Band",8A,EGA261904727
1120,"بيبي دولز","Moscow,DJ Totti",33,180,"egyptian hip hop, arabic rap, egyptian pop, mahraganat, egyptian shaabi","Hip Hop, Pop, Traditional Music, Electronic","Baby Dolls",2020-11-14,03:41,71,77,51,0,73,20,30,-6,F#/G♭ minor,4,2025-05-01,5CIi62rCfPRnK2HFxdhH4g,"Takwene",11A,EGA252012890
1121,"كان نفسي","Wegz",56,144,"egyptian hip hop, arabic rap, mahraganat, egyptian pop","Hip Hop, Pop, Electronic","جزيرة البطل",2019-10-23,04:13,73,29,86,0,49,10,0,-15,C♯/D♭,4,2025-05-01,7e2Fzu33SbX4ECAB1Y1QDI,"Takwene",3B,QZHNB1906886
1122,"هاسلا","Wegz",52,155,"egyptian hip hop, arabic rap, mahraganat, egyptian pop","Hip Hop, Pop, Electronic","هاصلا",2020-11-25,03:08,79,73,7,0,53,20,10,-5,G#/A♭,4,2025-05-01,0gyUJDeIRdKfxfhHKSEa5U,"Takwene",4B,EGA252013049
1123,"كدا كدا","Wegz",0,145,"egyptian hip hop, arabic rap, mahraganat, egyptian pop","Hip Hop, Pop, Electronic","كدا كدا",2019-07-12,04:15,61,78,14,0,46,0,10,-6,F#/G♭ minor,4,2025-05-01,61hVyNqkRxzDnvNc4OI53I,"Takwene",11A,QZFZ21979281
1124,"ورديان","Wegz",30,99,"egyptian hip hop, arabic rap, mahraganat, egyptian pop","Hip Hop, Pop, Electronic","ورديان",2019-04-18,02:22,48,79,11,0,16,0,30,-4,D,4,2025-05-01,3XUCzlDG5Lug88tgwumkXy,"Takwene",10B,QZES71910144
1125,"عفاريت الأسفلت","Wegz",60,143,"egyptian hip hop, arabic rap, mahraganat, egyptian pop","Hip Hop, Pop, Electronic","عفاريت الأسفلت",2021-07-17,03:24,85,53,51,0,80,20,20,-9,A#/B♭ minor,4,2025-05-01,02G9n2WgsNd2j7CqTmcDR2,"Takwene",3A,EGA252103567
1126,"Off The Grid","Kanye West",70,138,"rap","Hip Hop","Donda",2021-08-29,05:39,55,64,4,0,63,30,10,-6,G#/A♭,4,2025-05-01,6LNoArVBBVZzUTUiAX2aKO,"Rock The World/IDJ/Kanye LP7",4B,USUM72116304
1127,"El3elba El Dahbya","Oka Wi Ortega,Ortega",31,120,"mahraganat, egyptian pop, egyptian shaabi, arabic rap","Hip Hop, Pop, Traditional Music, Electronic","Oka Wi Ortega II",2015-09-29,03:29,79,92,11,0,73,0,10,-3,C♯/D♭ minor,4,2025-05-01,7Krg4PMW9xKs5rSIfkKzjO,"MEMO Entertainment",12A,EGA0A1500107
1128,"Coffee Cold","Galt MacDermot",65,80,"","","Shapes of Rhythm/Woman Is Sweeter",2000-01-01,03:25,69,47,79,28,48,0,20,-10,A minor,4,2025-05-01,6MN6yRVriszuyAVlyF8ndB,"Kilmarnock Records",8A,ushm20403133
1129,"Glimpse of Us","Joji",30,170,"","","Glimpse of Us",2022-06-10,03:53,44,32,89,0,27,0,10,-9,G#/A♭,3,2025-05-01,6xGruZOHLs39ZbVccQTuPZ,"88rising Music/Warner Records",4B,USWB12201789
1130,"Master Of Puppets","Metallica",80,105,"metal, thrash metal, rock, heavy metal, hard rock","Rock, Metal","Master Of Puppets (Remastered)",1986-03-03,08:35,54,84,0,43,56,0,10,-9,E minor,4,2025-05-01,2MuWTIM3b0YEAskbeeFE1i,"Blackened Recordings / Universal Music",9A,QMKHM1600219
1131,"The Death Of You And Me","Noel Gallagher's High Flying Birds",0,106,"britpop, madchester","Pop, Rock","Noel Gallagher's High Flying Birds",2011-01-01,03:29,54,80,22,0,31,0,20,-4,G#/A♭ minor,4,2025-05-01,0BBJmUCWrZKKnm8paS7xBH,"Mercury Records",1A,GBDZH1100005
1132,"If I Had A Gun...","Noel Gallagher's High Flying Birds",0,152,"britpop, madchester","Pop, Rock","Noel Gallagher's High Flying Birds",2011-01-01,04:09,30,75,5,5,18,0,10,-3,F#/G♭ minor,4,2025-05-01,1Mphw5Ptb245RmXYG3VnhD,"Mercury Records",11A,GBDZH1100004
1133,"(Stranded On) The Wrong Beach","Noel Gallagher's High Flying Birds",0,123,"britpop, madchester","Pop, Rock","Noel Gallagher's High Flying Birds",2011-01-01,04:02,48,92,2,13,28,0,70,-4,G minor,4,2025-05-01,2CukkTus6jeo3PHrcfQ2eT,"Mercury Records",6A,GBDZH1100010
1134,"Rivo","Sary Hany",31,125,"egyptian hip hop, mahraganat, egyptian pop, arabic rap","Hip Hop, Pop, Electronic","ريڤو",2022-06-04,02:31,73,31,21,97,37,0,10,-11,D minor,4,2025-05-01,5zTRh4Ehd70waWZCIp4IvQ,"Sary Hany",7A,TCAGG2208455
1135,"Keef Akoun Sadeeq","Akher Zapheer",32,184,"","","Converse Culture",2018-02-06,05:37,44,79,0,1,20,0,10,-7,C,4,2025-05-01,1wluJOpHweY3iRxXnXvwjn,"789503 Records DK",8B,QZARB1832343
1136,"حتكبر وحتنسى","Alaa Wardi",39,72,"","","الموسيقى التصويرية لفيلم شمس المعارف",2020-09-03,03:34,45,28,83,2,20,0,10,-13,D#/E♭,4,2025-05-01,1VUtcw0aGzPDPiqyGPW2cE,"Various Artists",5B,usl4q2029021
1137,"Thona2i","Alaa Wardi",17,143,"","","Fi Ba7ri",2015-06-16,02:36,62,37,93,6,60,0,0,-9,D minor,3,2025-05-01,1GG6khN5HCPa56qbI3bx5O,"Alaa Wardi",7A,USE830979034
1138,"Jumanji","Akher Zapheer",22,104,"","","Tho3ban",2022-06-18,02:56,61,61,1,93,45,0,20,-6,A,4,2025-05-01,3pxVJYINDKjKJUGzoLgCOe,"789503 Records DK",11B,QZK6P2293380
1139,"Yumain O Leila","Jadal",49,124,"arabic rap","Hip Hop","Malyoun",2016-07-10,07:53,41,65,0,0,19,0,10,-7,D#/E♭ minor,4,2025-05-01,08NqxhwtQzKtRdPtRSBuTR,"Jadal",2A,AEA141602950
1140,"Ahwak","Abdel Halim Hafez",57,90,"egyptian pop, khaleeji","Pop","Rawaeaa Abd El Halim 5",1975-12-31,04:58,30,26,87,0,43,0,0,-12,F,4,2025-05-01,1chsFxuRdocgGwhhCYfZ9m,"Abdel Halim Hafez",7B,EGA020501289
1141,"Orange Marmalade","OTE",22,169,"","","Wasteland Rock",2022-04-08,02:38,24,69,0,86,41,0,10,-5,C,4,2025-05-01,1PrwKEgano5H34IkzRBE84,"Epidemic Sound",8B,SE5Q52200412
1142,"Her Name Is Edith","OTE,Easton",30,170,"","","Love Love Love",2020-09-04,03:20,57,65,0,0,63,0,10,-6,C,4,2025-05-01,4223xYd89WGcEJKJitpVaY,"Epidemic Sound",8B,SE5Q52002176
1143,"Sea Lion","OTE",33,80,"","","Gone for Days",2021-11-19,03:31,66,66,0,76,96,0,30,-7,C minor,4,2025-05-01,2MQxyDDSHOOj38c10hO3La,"Epidemic Sound",5A,SE5Q52103836
1144,"7UP","Boy In Space",0,135,"","","7UP",2019-05-30,03:23,62,47,2,0,23,0,10,-7,C,4,2025-05-01,4cB00WOFuQFLoDpnydcx8c,"Firefly Entertainment AB",8B,SE4RG1914401
1145,"Travelin' Man - Remastered","Ricky Nelson",60,123,"rockabilly, doo-wop","Pop, R&B, Rock","Rick Is 21",1961-01-01,02:23,72,44,67,0,84,0,10,-11,D,4,2025-05-01,1sM0yZDxUhPQhkDh2CLd6l,"CAPITOL CATALOG MKT (C92)",10B,USEM30100544
1146,"RACORE","Marwan Pablo",0,115,"egyptian hip hop, arabic rap, egyptian pop, mahraganat","Hip Hop, Pop, Electronic","RACORE",2022-05-08,02:56,81,62,4,0,39,0,10,-7,A minor,4,2025-05-01,3JFB9ZJ8vZrKL8AJiRspLZ,"The Basement Records",8A,EGA072200452
1147,"California Dreamin' - Single Version","The Mamas & The Papas",80,112,"folk rock","Folk, Rock","If You Can Believe Your Eyes & Ears",1966-03,02:42,55,61,35,0,64,0,0,-10,C♯/D♭ minor,4,2025-05-01,4s6LhHAV5SEsOV0lC2tjvJ,"Geffen*",12A,USMC16532697
1148,"Running Up That Hill (A Deal With God)","Kate Bush",11,108,"art pop, baroque pop, art rock","Pop, Rock, Classical","Hounds Of Love",1985-00-00,04:58,63,55,72,0,20,0,0,-13,A#/B♭ minor,4,2025-05-01,75FEaRjZTKLhTrFGsfMUXR,"Parlophone UK",3A,GBCNR8500002
1149,"Lounga 79","El Masreyeen",18,153,"egyptian pop","Pop","The Best of El Masreyeen",1980-01-01,03:30,63,67,69,82,92,0,80,-12,E minor,4,2025-05-01,0xDwM2lepGPk0qrlSESj9U,"Modissa - Sout El Hob",9A,EGA019001741
1150,"Mafatsh Leih","El Masreyeen",28,127,"egyptian pop","Pop","Bahebek La",1977-01-01,02:46,46,57,1,0,52,0,30,-11,C♯/D♭ minor,4,2025-05-01,3gNjalVI3pWEWaTlzc1iSk,"Modissa - Sout El Hob",12A,EGA010507502
1151,"Can't Feel My Face","The Weeknd",51,108,"","","The Highlights",2021-02-05,03:33,71,78,12,0,60,0,0,-6,A minor,4,2025-05-01,463Zbb2V5mG4mFflg2RS41,"Universal Republic Records",8A,USUG11500741
1152,"سكرتي","Wegz",56,140,"egyptian hip hop, arabic rap, mahraganat, egyptian pop","Hip Hop, Pop, Electronic","سكرتي",2019-06-28,03:30,77,50,65,0,37,30,10,-10,D minor,4,2025-05-01,2FntmtxOqyNgZkxaZchEn0,"Takwene",7A,QZFYZ1953695
1153,"واحد وعشرين","Wegz",55,90,"egyptian hip hop, arabic rap, mahraganat, egyptian pop","Hip Hop, Pop, Electronic","واحد وعشرين",2020-02-23,03:51,62,69,33,0,9,0,0,-6,G,4,2025-05-01,57a5ISfPIQodpJBCJyjiEz,"Takwene",9B,QZFZ42078252
1154,"بكره الشمس تطلع Bokra Al Shams Tetlaa","Cairokee",0,128,"egyptian pop, egyptian hip hop, arabic rap, mahraganat","Hip Hop, Pop, Electronic","وأنا مع نفسى قاعد Wana Maa Nafsy Aad",2014-01-09,04:16,60,59,1,0,50,0,10,-9,A minor,4,2025-05-01,0EyNjjnyO6ydoisp5xiS22,"DJ Recording",8A,uscgh1419780
1155,"Pray For Me (with Kendrick Lamar)","The Weeknd,Kendrick Lamar",71,101,"hip hop, west coast hip hop","Hip Hop","Black Panther The Album Music From And Inspired By",2018-02-09,03:31,74,68,8,0,19,0,10,-5,D,4,2025-05-01,77UjLW8j5UAGAGVGhR5oUK,"Black Panther (TDE/DMG) PS",10B,USUM71800001
1156,"Kedeish Kan Fe Nas","Fairuz",43,84,"","","Fairouz World, Pt. 1",2018-09-28,03:46,32,33,91,0,52,0,10,-9,G,4,2025-05-01,4ph3TGED6e9ycyTq4LYBn4,"Modissa - Randa Phone",9B,QZ4UU1703131
1157,"Helwa Ya Baladi","Jadal",31,125,"arabic rap","Hip Hop","Helwa Ya Baladi",2021-01-26,04:10,34,55,43,0,28,0,0,-6,G#/A♭ minor,4,2025-05-01,16XFirWEReR8H21pJfIL49,"Jadal",1A,uscgj2138606
1158,"Helwa Ya Baladi","Dalida",46,135,"chanson, variété française","Folk, Traditional Music, Pop","L'Intégrale Des Enregistrements Orlando",1999-01-01,03:34,59,58,56,0,86,0,10,-7,C minor,4,2025-05-01,6AfnfhQ1eGCnnpOCFFuNgj,"Universal Music Division Barclay",5A,FRZ017901400
1159,"Dumb","Nirvana",76,114,"grunge, rock","Rock","In Utero",1993-09-21,02:31,70,40,43,65,88,0,10,-14,F#/G♭,4,2025-05-01,5gRcv46AMTrosmTOqrOV3Q,"Geffen",2B,USGF19960706
1160,"The Nights","Avicii",87,126,"edm","Electronic","The Days / Nights",2014-01-01,02:56,53,84,2,0,65,0,20,-5,F#/G♭,4,2025-05-01,0ct6r3EGTcMLPtrXHDvVjc,"Universal Music AB",2B,CH3131340464
1161,"Radio Ga Ga - Remastered 2011","Queen",77,112,"classic rock, rock, glam rock","Rock","The Works (2011 Remaster)",1984-02-27,05:48,74,50,18,0,66,0,10,-8,F,4,2025-05-01,1nQRg9q9uwALGzouOX5OyQ,"EMI",7B,GBUM71029623
1162,"اللقطة","Wegz",53,100,"egyptian hip hop, arabic rap, mahraganat, egyptian pop","Hip Hop, Pop, Electronic","اللقطة",2019-08-25,04:21,78,77,58,0,47,10,10,-5,G,4,2025-05-01,4Ht0DV8ksHsEwyPEKLjcMV,"Takwene",9B,QZHN31903238
1163,"Show","Dafencii",2,120,"arabic rap, egyptian hip hop","Hip Hop","Show",2021-04-01,03:01,89,39,36,0,28,0,10,-10,D#/E♭ minor,4,2025-05-01,1fIy7rTlqtMas9OMCcMiur,"2dynamikk pro",2A,TCAFM2144927
1164,"كنق الحلبة","Dafencii,Khayyat",0,123,"arabic rap, egyptian hip hop","Hip Hop","كنق الحلبة",2022-01-15,02:44,96,35,5,0,42,10,10,-11,C♯/D♭,4,2025-05-01,0QemMisHFcPe19odGtKlnW,"IMSSICKK",3B,QZFZ22237855
1165,"Dawly","El Waili,Moscow",49,100,"egyptian hip hop, arabic rap, mahraganat, egyptian pop","Hip Hop, Pop, Electronic","Dawly",2022-04-27,03:16,85,37,42,0,35,30,0,-14,D#/E♭ minor,4,2025-05-01,74utdoJDUGLIMlrSS6jHlU,"Modissa - EL Waili",2A,QZ4UU2200829
1166,"Lights Up","Harry Styles",71,102,"","","Fine Line",2019-12-13,02:52,57,62,4,0,27,0,10,-8,A#/B♭ minor,4,2025-05-01,4jAIqgrPjKLTY9Gbez25Qb,"Columbia",3A,USSM11910404
1167,"The Hills","The Weeknd",88,113,"","","Beauty Behind The Madness",2015-08-28,04:02,59,56,7,0,14,0,10,-7,C minor,4,2025-05-01,7fBv7CLKzipRk6EC6TWHOB,"Universal Republic Records",5A,USUG11500737
1168,"I Know It's Over - 2011 Remaster","The Smiths",74,113,"new wave, madchester, jangle pop","Pop, Rock","The Queen Is Dead",1986-06-16,05:49,41,42,8,0,40,0,20,-11,C,3,2025-05-01,3M2bD9SMYnJIPdrTKUnBd3,"WM UK",8B,GBCRL1100048
1169,"As It Was","Harry Styles",19,174,"","","As It Was",2022-03-31,02:47,52,73,34,0,66,0,30,-5,F#/G♭ minor,4,2025-05-01,4LRPiXqCikLlN15c3yImP7,"Columbia",11A,USSM12200612
1170,"Qadeyet Am Ahmed","Omar Khairat",41,134,"","","Am Ahmed",1985-12-31,05:36,67,60,63,14,58,0,20,-9,A#/B♭ minor,4,2025-05-01,7ebwV0cwsc6pf19UJE1zGH,"Global",3A,EGA020500193
1171,"Company","Strawberry Guy",43,140,"bedroom pop","Pop","Sun Outside My Window",2021-10-29,03:26,49,34,56,27,28,0,10,-10,D minor,4,2025-05-01,3IQGX9DcKuSK0ZURyvrbGt,"Melodic",7A,GBJGV2100405
1172,"F Song","Strawberry Guy",70,81,"bedroom pop","Pop","F Song",2018-08-09,03:44,24,51,41,28,23,0,30,-11,C minor,4,2025-05-01,4z9KVNX4hmk672SJfhtQNz,"Strawberry Guy",5A,TCADT1853143
1173,"Apocalypse","Cigarettes After Sex",67,94,"dream pop","Pop, Rock","Cigarettes After Sex",2017-06-09,04:50,37,47,2,57,18,0,10,-9,F,4,2025-05-01,0yc6Gst2xkRu0eMLeRMGCX,"Partisan Records",7B,USBQU1700034
1174,"Moon Knight - From  Moon Knight ","Hesham Nazih",0,94,"","","Moon Knight (From  Moon Knight )",2022-03-30,02:08,18,52,18,3,9,0,30,-11,C,3,2025-05-01,3IvbyVYgQEKqvwQhquFKNn,"Hollywood Records",8B,USHR12243138
1175,"El Melouk","Ahmed Saad,3enba,Double Zuksh",50,100,"mahraganat, egyptian pop, egyptian shaabi, khaleeji, arabic rap, egyptian hip hop","Hip Hop, Pop, Traditional Music, Electronic","El Melouk",2021-06-23,03:15,71,92,6,0,82,10,20,-1,G#/A♭,4,2025-05-01,04vHPXVGnb51q13NBoW22W,"Global",4B,EGA010550183
1176,"Scoo Scoo","Abo El Anwar",33,93,"egyptian hip hop, arabic rap, mahraganat, egyptian pop","Hip Hop, Pop, Electronic","Scoo Scoo",2019-11-28,02:32,92,59,28,0,44,20,0,-8,D,4,2025-05-01,2c6A8Fh4z2hPumkD8RdkLH,"Global",10B,QZK6N1927969
1177,"DJ Got Us Fallin' In Love (feat. Pitbull)","USHER,Pitbull",87,120,"r&b, ","R&B","Raymond v Raymond (Expanded Edition)",2010-03-30,03:40,66,86,3,0,65,10,0,-3,G minor,4,2025-05-01,4356Typ82hUiFAynbLYbPn,"LaFace Records",6A,USLF21000041
1178,"Perfect Sense, Pt. 1 & 2 - Live","Roger Waters",35,102,"progressive rock, symphonic rock, art rock","Rock","In the Flesh - Live",2000-12-05,07:26,34,37,30,0,21,0,90,-11,F,3,2025-05-01,4neh0CPXCpC2Oyav0Ihjwb,"Columbia",7B,USSM10016615
1179,"His One Light Pervades and Permeates All, in a Broken World","Shaan Sagoo",0,99,"","","His One Light Pervades and Permeates All, in a Broken World",2021-05-17,06:21,38,19,99,92,4,0,20,-15,D#/E♭,4,2025-05-01,7JYXjthTz0c0r0eOnlKyyQ,"1013697 Records DK",5B,QZHN72151398
1180,"The Great Gig in the Sky","Pink Floyd",77,116,"progressive rock, psychedelic rock, classic rock, symphonic rock, art rock, rock","Rock","The Dark Side of the Moon",1973-03-01,04:43,27,22,77,90,18,0,0,-14,F,4,2025-05-01,2TjdnqlpwOjhijHCwHCP2d,"Pink Floyd Records",7B,GBN9Y1100080
1181,"Money","Pink Floyd",78,126,"progressive rock, psychedelic rock, classic rock, symphonic rock, art rock, rock","Rock","The Dark Side of the Moon",1973-03-01,06:22,47,54,2,0,79,10,20,-10,B minor,1,2025-05-01,0vFOzaXqZHahrZp6enQwQb,"Pink Floyd Records",10A,GBN9Y1100081
1182,"مهرجان الخمس صحاب","حمو التركي",0,116,"mahraganat","Electronic, Hip Hop","Single",2017-02-22,07:18,88,91,17,0,96,0,10,-1,F minor,4,2025-05-01,0olfYTD6tqU6undgVIs5Jb,"Shaabyat",4A,EGA191992670
1183,"Cayman Islands","Kings of Convenience",0,175,"","","Riot On An Empty Street",2004-01-01,03:02,41,34,81,34,45,0,10,-11,C♯/D♭,4,2025-05-01,3JQQnhFsJCYAouBbuxVCvJ,"Source UK",3B,GBDCG0400009
1184,"El Baba El Gadiad","El Dakhlowya",34,110,"mahraganat, egyptian shaabi, egyptian pop","Pop, Traditional Music, Electronic, Hip Hop","El Baba El Gadiad",2019-01-01,06:22,89,98,5,0,80,0,20,-1,C,4,2025-05-01,5IyYlxXtJ8NvMUeQRHhP7n,"MuzicUp",8B,EGA1K1840194
1185,"Romeo and Juliet, Op. 64: No. 13 Dance of the Knights","Sergei Prokofiev,Orchestra of the Royal Opera House, Covent Garden,Mark Ermler",49,185,"classical, neoclassical, orchestra, opera","Classical","I don't like classical music, but I really like this!",2014-06-13,05:42,17,16,82,13,15,0,30,-16,C,3,2025-05-01,4gaWbVsdmvsNHktWWg9qcq,"Sony Classical",8B,GBARU9400102
1186,"Time","Pink Floyd",78,120,"progressive rock, psychedelic rock, classic rock, symphonic rock, art rock, rock","Rock","The Dark Side of the Moon",1973-03-01,06:53,36,48,52,0,36,0,10,-12,A,4,2025-05-01,3TO7bbrUKrOSPGRTB5MeCz,"Pink Floyd Records",11B,GBN9Y1100079
1187,"Little Dark Age","MGMT",80,98,"indie","Pop, Rock","Little Dark Age",2018-02-09,04:59,71,71,1,0,62,0,10,-6,F#/G♭,4,2025-05-01,2Y0iGXY6m6immVb2ktbseM,"Columbia",2B,USSM11707035
1188,"Supersonic","J.J. Fad",54,132,"miami bass, funk melody","Pop, R&B, Electronic, Hip Hop","Supersonic The Album",1988-00-00,03:52,83,39,0,0,40,20,0,-16,G,4,2025-05-01,3G3lahQSMk4BHnap1i853u,"Rhino/Elektra",9B,USEW18800001
1189,"Chase Never Ends","Hesham Nazih",12,95,"","","Ibrahim Labyad (Original Motion Picture Soundtrack)",2009-11-20,05:02,33,67,0,90,12,0,10,-16,E minor,4,2025-05-01,4CB59WAZJ220xzKfeeb6p4,"Hisham Nazih",9A,FRX872167194
1190,"Waltz Of Death","Hesham Nazih",12,74,"","","Ibrahim Labyad (Original Motion Picture Soundtrack)",2009-11-20,03:20,17,6,91,87,4,0,10,-25,A minor,4,2025-05-01,2WLiWwGXjxtnteWJcjfWZI,"Hisham Nazih",8A,FRX872167202
1191,"End","Hesham Nazih",21,87,"","","Ibrahim Labyad (Original Motion Picture Soundtrack)",2009-11-20,08:01,12,15,89,84,4,0,10,-20,D minor,4,2025-05-01,4LswLBgoYoxu8CsBUvGYjI,"Hisham Nazih",7A,FRX872167195
1192,"While My Guitar Gently Weeps - Live","Paul McCartney,Eric Clapton",54,118,"blues, blues rock, classic rock","Blues, Rock","Concert For George (Live)",2018-02-23,05:57,32,90,54,0,22,0,90,-4,G,4,2025-05-01,6ZHCQehGCpGWTi6wEzs8vf,"Craft Recordings",9B,GBGMD1700022
1193,"For the Damaged Coda","Blonde Redhead",58,141,"shoegaze, dream pop","Pop, Rock","Melody of Certain Damaged Lemons",2000-06-06,02:37,50,47,80,88,8,0,0,-10,C minor,4,2025-05-01,6lvJDlBrtabJWiBlMTGxKs,"Touch and Go Records",5A,USTG30021611
1194,"Dede (Freestyle)","Ilmond",0,110,"egyptian hip hop, arabic rap, egyptian pop, mahraganat","Hip Hop, Pop, Electronic","Dede (Freestyle)",2021-11-23,03:25,93,52,22,0,74,0,0,-12,F minor,4,2025-05-01,1yAvAOitPEt5tc4nmB2fBZ,"Takwene",4A,EGA252107237
1195,"Black Polished Chrome","Jim Morrison,Music By The Doors",45,138,"spoken word, psychedelic rock, acid rock","Rock, Easy Listening","An American Prayer",1978-00-00,01:07,56,50,14,0,71,0,20,-12,D,4,2025-05-01,2txVWU6tG6NdEyTnm1P1WQ,"Rhino/Elektra",10B,USEE10100404
1196,"Ghost Song","Jim Morrison,The Doors",61,110,"spoken word, psychedelic rock, acid rock, classic rock","Rock, Easy Listening","An American Prayer",1978-00-00,02:50,76,48,42,32,71,0,10,-14,C,4,2025-05-01,5XTdMVT5i5qcfyTXWxhxVZ,"Rhino/Elektra",8B,USEE11200219
1197,"Here I Go","Syd Barrett",34,128,"psychedelic rock, acid rock, psychedelic pop","Rock, Pop","The Madcap Laughs",2016-05-13,03:09,47,33,52,0,68,0,30,-17,A,4,2025-05-01,2lGujFVgZ3OfWYxdTltdye,"Columbia/Legacy",11B,USQX91600819
1198,"A Feast of Friends","Jim Morrison",52,72,"spoken word, psychedelic rock, acid rock","Rock, Easy Listening","An American Prayer",1978-00-00,02:10,28,22,65,12,37,0,10,-17,C minor,4,2025-05-01,4JMRpe5sUhYjOlf0JE4BT8,"Rhino/Elektra",5A,USEE10100418
1199,"Don't Let Me Down - Remastered 2009","The Beatles",72,76,"classic rock, psychedelic rock","Rock","The Beatles 1967 - 1970 (Remastered)",1973-04-02,03:35,59,29,57,0,73,0,0,-11,E,4,2025-05-01,3evG0BIqEFMMP7lVJh1cSf,"EMI Catalogue",12B,GBAYE0900599
1200,"Umm El Dunia","Qusai,Sadat,Fifty",17,148,"arabic rap, khaleeji, mahraganat, egyptian hip hop, egyptian shaabi, egyptian pop, ","Hip Hop, Pop, Traditional Music, Electronic","Umm El Dunia (feat. Sadat & Fifty) - Single",2015-03-03,04:45,77,82,2,0,41,20,80,-7,D,4,2025-05-01,5LPvEEfYelOfzIQ4OxykhF,"Magnum Opus Music",10B,USUYG1062096
1201,"موسكو","Moscow",0,126,"egyptian hip hop, arabic rap, egyptian pop, mahraganat","Hip Hop, Pop, Electronic","موسكو",2020-05-31,03:48,84,62,66,0,38,30,10,-10,A#/B♭ minor,4,2025-05-01,6HUfEeiDsZvzp39uCF7I7n,"AK STUDIO",3A,QZHN52022750
1202,"قداس","Moscow",0,101,"egyptian hip hop, arabic rap, egyptian pop, mahraganat","Hip Hop, Pop, Electronic","قداس",2020-05-28,02:46,78,64,16,0,40,30,30,-9,A,4,2025-05-01,6exalzzmjD8GySxsu1E7zs,"AK STUDIO",11B,QZHN42066201
1203,"بيبي دولز","DJ Totti,Moscow",0,180,"egyptian hip hop, arabic rap, mahraganat, egyptian pop, egyptian shaabi","Hip Hop, Pop, Traditional Music, Electronic","بيبي دولز",2020-11-14,03:41,71,77,51,0,73,20,30,-6,F#/G♭ minor,4,2025-05-01,73SrFstiBuZgGillNLXh7e,"Takwene",11A,EGA252012890
1204,"Camaro","Moscow",0,99,"egyptian hip hop, arabic rap, egyptian pop, mahraganat","Hip Hop, Pop, Electronic","Camaro",2020-05-30,02:51,56,62,44,0,54,30,30,-10,F#/G♭ minor,4,2025-05-01,3aaKlP2gubdCMIdFbOqkD2,"AK STUDIO",11A,QZHN52004928
1205,"Ya Walady","Sheikh Imam",16,119,"","","Ya Walady",1981-01-01,05:35,55,64,97,0,69,0,40,-1,C♯/D♭,4,2025-05-01,2LUgWu62LKjkQBzWznmiU2,"Modissa - Moon Sound",3B,QZ4UU1800098
1206,"Bones","Inner Wave",0,93,"","","Apoptosis",2021-09-30,03:17,48,56,3,61,27,0,10,-7,D minor,3,2025-05-01,2JqtHc6vrwkiXVOc7iWG8R,"Inner Wave",7A,GBKPL2154573
1207,"دورك جي","Wegz",0,105,"egyptian hip hop, arabic rap, mahraganat, egyptian pop","Hip Hop, Pop, Electronic","دورك جي",2019-09-29,04:17,85,73,33,0,32,20,0,-6,D,4,2025-05-01,56nsR8Td7CWVCQIGjznu4L,"Takwene",10B,QZFZ62074670
1208,"Goin' Down","The Monkees",38,119,"","","The Best of The Monkees",2008-07-01,04:21,62,84,38,0,86,10,30,-8,A,4,2025-05-01,4U8w9neP9XyOmJlrU0Di1g,"Rhino",11B,USRH10125803
1209,"New Light","John Mayer",77,124,"singer-songwriter","Folk","Sob Rock",2021-07-16,03:37,83,69,32,3,85,0,0,-8,G,4,2025-05-01,4T6FWA703h6H7zk1FoSARw,"Columbia",9B,USSM11806100
1210,"Yawman Ma","Julia Boutros",47,168,"","","Yawman Ma",2013-09-11,03:22,55,59,78,0,70,10,20,-8,A minor,4,2025-05-01,3gucBOpDuQQkemmVE2NtEQ,"Artline",8A,LBA132000346
1211,"Mesh Mohem - Live","Do3souqa",26,113,"","","A3det Mazika (Live)",2021-01-14,03:09,56,50,35,0,55,10,10,-8,A minor,4,2025-05-01,6LbPfxRoxBAwJeLmwUi82j,"Do3souqa",8A,FR10S2128840
1212,"Ass Like That","Eminem",70,83,"rap, hip hop","Hip Hop","Encore (Deluxe Version)",2004-11-12,04:25,65,80,41,0,68,30,10,-6,D,4,2025-05-01,4gXdMZkBN1neE9nX6yRALa,"Aftermath",10B,USIR10400804
1213,"Khodny Ben Edek","Hamid Al Shaeri,Nelly Zidane",34,130,"egyptian pop, ","Pop","Ghazaly",1999-12-31,03:52,79,20,57,1,29,0,10,-18,D minor,4,2025-05-01,2h290ZQxrxiPAtbIEUREKj,"Global",7A,EGA020502734
1214,"Einy","Hamid Al Shaeri,Hisham Abbas",41,110,"egyptian pop","Pop","Einy",1996-12-31,04:58,80,76,18,0,73,0,10,-13,G,4,2025-05-01,5xxEGZMslp53oE2unBxJ5L,"Global",9B,EGA020502683
1215,"Ana Aslan Gamed","Oka Wi Ortega,Ortega",48,118,"mahraganat, egyptian pop, egyptian shaabi, arabic rap","Hip Hop, Pop, Traditional Music, Electronic","Ana Aslan Gamed",2014-01-01,04:49,80,94,3,0,79,0,20,-1,E minor,4,2025-05-01,0bk67o85oVryZsS5AjL5rw,"MEMO Productions",9A,EGA0A1500035
1216,"Ayonha","Hamid Al Shaeri",0,123,"egyptian pop","Pop","Tape 19.11 / Ayonha",2017-10-25,03:41,72,73,54,1,73,0,10,-7,A,4,2025-05-01,01NKQM0t8lyzOo4YZOZLYw,"HABIBI Funk Records",11B,DESY21400661
1217,"Ouda","Hamid Al Shaeri",57,106,"egyptian pop","Pop","Kawahel",1987-12-31,04:38,66,42,77,0,66,0,10,-10,F#/G♭ minor,4,2025-05-01,3x9BHDNsyg50xSEzmLMyUd,"Global",11A,EGA019000145
1218,"Eskandarany","Moustafa Amar",41,106,"egyptian pop","Pop","Layalyki",1987-00-00,03:48,85,66,28,0,97,0,0,-12,C♯/D♭,4,2025-05-01,7ASLjRJBMltLFRyDKmOdbo,"Sonar",3B,FR59R1631512
1219,"El 3bd W El Waili","El Waili",45,196,"egyptian hip hop, arabic rap, mahraganat, egyptian pop","Hip Hop, Pop, Electronic","El 3bd W El Waili",2020-06-25,03:53,44,42,72,4,15,10,10,-9,D,4,2025-05-01,6CFDWaN8XmEHGUgXG2MxaO,"Modissa - EL Waili",10B,QZ4UU2001393
1220,"Imagine","Jack Johnson",61,142,"surf rock","Rock","Instant Karma: The Amnesty International Campaign To Save Darfur (Standard Version)",2007-06-11,03:39,55,18,94,2,37,0,10,-18,F#/G♭,4,2025-05-01,3piY5aMfwEEmXMV6I9kpoi,"Warner Records",2B,GBLLZ0600009
1221,"Sunsets For Somebody Else","Jack Johnson",66,113,"surf rock","Rock","All The Light Above It Too",2017-09-08,03:30,70,23,83,0,60,0,10,-8,G,4,2025-05-01,41Az1BCotlAUt7Ud8k6H2Y,"JJ/All the Light Above It Too",9B,USUG11700823
1222,"Good People","Jack Johnson",67,176,"surf rock","Rock","In Between Dreams",2005-01-01,03:28,72,59,20,0,92,0,0,-6,B,4,2025-05-01,1A4WjuUXeFEVXjwgc7eVZ6,"Jack Johnson",1B,USMC60400030
1223,"Scared to Be Lonely","Martin Garrix,Dua Lipa",79,138,"edm, electronica, progressive house, pop","Electronic, Pop","Scared to Be Lonely",2017-01-27,03:40,58,54,9,0,20,0,20,-8,C♯/D♭ minor,4,2025-05-01,3ebXMykcMXOcLeJ9xZ17XH,"Epic Amsterdam",12A,NLM5S1600025
1224,"7 rings","Ariana Grande",85,140,"pop","Pop","thank u, next",2019-02-08,02:58,78,32,59,0,33,30,0,-11,C♯/D♭ minor,4,2025-05-01,6ocbgoVGwYJhOv1GgI9NsF,"Republic Records",12A,USUM71900110
1225,"Wonderwall","Oasis",76,175,"britpop, madchester, rock","Pop, Rock","(What's The Story) Morning Glory?",1995-10-02,04:18,41,85,0,0,46,0,10,-6,D,4,2025-05-01,1qPbGZqppFwLwcBC1JQ6Vr,"Big Brother Recordings Ltd",10B,GBAAW9500189
1226,"الملك El Malek","Cairokee",0,120,"egyptian pop, egyptian hip hop, arabic rap, mahraganat","Hip Hop, Pop, Electronic","وأنا مع نفسى قاعد Wana Maa Nafsy Aad",2014-01-09,03:27,58,34,66,0,49,0,10,-12,D#/E♭,4,2025-05-01,6dyeSffYXLs6nutj30q5MD,"DJ Recording",5B,uscgh1419778
1227,"Balash Etab","Abdel Halim Hafez",29,120,"egyptian pop, khaleeji","Pop","Abd El Halim Hafez Pt.1",1971-12-31,11:41,44,13,84,0,30,0,10,-13,A#/B♭,4,2025-05-01,0GoE1C2LL0ayNbxpWdrlUs,"Abdel Halim Hafez",6B,EGA020500709
1228,"Feha Haga Helwa","Riham Abd EL Hakim",33,110,"egyptian pop","Pop","Feha Haga Helwa",2011-01-01,03:40,61,56,70,0,37,0,10,-6,A minor,4,2025-05-01,43o7rw7EePxcX5XAjF8pSF,"Masr Online",8A,FRX281906169
1229,"San Andreas Theme Song","Young Maylay",0,97,"","","San Andreas Original Mixtape",2005-01-01,01:26,52,84,2,0,49,20,10,-7,F minor,4,2025-05-01,5f7F8ovtEmFzOdyN5fTOKl,"MAYLAYNIUM MUZIQ",4A,uscgh0567565
1230,"The Next Episode","Dr. Dre,Snoop Dogg",82,95,"g-funk, gangster rap, west coast hip hop, hip hop, rap","Hip Hop, R&B","2001",1999-11-16,02:41,92,91,3,0,31,20,0,-2,A#/B♭ minor,4,2025-05-01,4LwU4Vp6od3Sb08CsP99GC,"Aftermath",3A,USIR19915078
1231,"Still D.R.E.","Dr. Dre,Snoop Dogg",85,93,"g-funk, gangster rap, west coast hip hop, hip hop, rap","Hip Hop, R&B","2001",1999-11-16,04:30,82,78,16,0,53,20,0,-3,B,4,2025-05-01,503OTo2dSqe7qk76rgsbep,"Aftermath",1B,USIR19905031
1232,"Bitch Please II","Eminem,Dr. Dre,Snoop Dogg,Xzibit,Nate Dogg",74,96,"rap, hip hop, g-funk, gangster rap, west coast hip hop, hardcore hip hop","Hip Hop, R&B","The Marshall Mathers LP",2000-05-23,04:48,92,59,8,0,78,10,10,-3,C♯/D♭,4,2025-05-01,7lgvU7WnwcNZ8dbGUz8yhP,"Interscope",3B,USIR10000591
1233,"She's So Nice","Pink Guy",63,86,"meme rap","Hip Hop","Pink Season",2017-01-04,02:43,83,58,60,0,59,10,0,-8,F#/G♭ minor,4,2025-05-01,0Dfctnkk9xIikDKJ06uwzo,"Pink Records",11A,QZ4JJ1704549
1234,"Gangsta's Paradise","Coolio,L.V.",88,80,"west coast hip hop, g-funk, new jack swing","Hip Hop, R&B","Gangsta's Paradise",1995-11-07,04:00,65,51,7,0,39,0,40,-10,G#/A♭,4,2025-05-01,1DIXPcTDzTj8ZMHt3PDt8p,"Tommy Boy Music, LLC",4B,USTB10400128
1235,"Not Afraid","Eminem",81,115,"rap, hip hop","Hip Hop","Recovery",2010-06-18,04:08,86,95,53,0,67,20,20,-1,C minor,5,2025-05-01,7Ie9W94M7OjPoZVV216Xus,"Aftermath",5A,USUM71011769
1236,"Love The Way You Lie","Eminem,Rihanna",86,87,"rap, hip hop, ","Hip Hop","Recovery",2010-06-18,04:23,75,93,24,0,64,20,50,-5,A#/B♭,4,2025-05-01,15JINEqzVMv3SvJTAXAKED,"Aftermath",6B,USUM71015397
1237,"Mockingbird","Eminem",88,84,"rap, hip hop","Hip Hop","Encore (Deluxe Version)",2004-11-12,04:10,64,68,21,0,25,20,10,-4,C,4,2025-05-01,561jH07mF1jHuk7KlaeF0s,"Aftermath",8B,USIR10400813
1238,"Sing For The Moment","Eminem",78,164,"rap, hip hop","Hip Hop","The Eminem Show",2002-05-26,05:39,67,82,0,0,19,10,0,-4,F minor,4,2025-05-01,3CpoeW0cZSDzIRv5z34F87,"Aftermath",4A,USIR10211061
1239,"Won't Back Down","Eminem,P!nk",60,180,"rap, hip hop, ","Hip Hop","Recovery",2010-06-18,04:25,48,95,1,0,34,10,0,-2,D,3,2025-05-01,7kNlRLC9PEH8nXMVawssMx,"Aftermath",10B,USUM71015392
1240,"I'm Back","Eminem",62,90,"rap, hip hop","Hip Hop","The Marshall Mathers LP",2000-05-23,05:09,88,60,1,0,85,20,30,-4,B minor,4,2025-05-01,3xVtc7PB4V3AqAfq4Iahli,"Interscope",10A,USIR10000584
1241,"Pays natal","Souad Massi",30,94,"gnawa","Traditional Music","Oumniya",2019-10-11,03:17,56,24,91,0,41,0,0,-12,G minor,4,2025-05-01,6bsgFsfq2rev3ElRcAkb9V,"naïve",6A,FRZ131904070
1242,"يا من حوى","Bedouin Burger",0,110,"gnawa","Traditional Music","يا من حوى",2020-06-20,02:51,70,38,58,0,12,10,10,-11,D,4,2025-05-01,30PziwdtsfY9URdd0paPjv,"Bedouin Burger",10B,TCAEY2043275
1243,"Al Bint El Chalabeya","Dorsaf Hamdani",46,173,"","","Dorsaf Hamdani chante Barbara & Fairouz",2014-11-16,03:06,43,24,95,0,35,0,0,-11,C minor,4,2025-05-01,2OxygAH92guaY9kliJboul,"Accords Croisés",5A,FRV961400042
1244,"Fasateen","Mashrou' Leila",45,118,"","","Mashrou' Leila",2009-12-01,03:02,61,35,48,0,54,0,10,-12,E minor,4,2025-05-01,26AyVOxMWv3pImg873gX86,"Shoop! Shoop!",9A,USHM91081438
1245,"Cleanin' Out My Closet","Eminem",75,148,"rap, hip hop","Hip Hop","The Eminem Show",2002-05-26,04:57,91,76,7,0,87,10,0,-5,A minor,4,2025-05-01,7BMO7O7ImjV8HNTH74Tshv,"Aftermath",8A,USIR10211054
1246,"The Monster","Eminem,Rihanna",81,110,"rap, hip hop, ","Hip Hop","The Marshall Mathers LP2",2013-11-05,04:10,78,85,5,0,63,0,10,-4,C♯/D♭ minor,4,2025-05-01,48RrDBpOSSl1aLVCalGl5C,"Aftermath",12A,USUM71314082
1247,"Solar","Inner Wave",0,118,"","","III",2013-10-07,04:20,55,87,33,1,35,0,30,-4,A,4,2025-05-01,1QUfUFXZJOgHJ8cFtm02Gx,"Inner Wave",11B,GBSMU1460353
1248,"Venom - Music From The Motion Picture","Eminem",74,136,"rap, hip hop","Hip Hop","Kamikaze",2018-08-31,04:29,75,79,2,0,46,0,50,-5,C,4,2025-05-01,2SL6oP2YAEQbqsrkOzRGO4,"Aftermath",8B,USUM71813345
1249,"Stan","Eminem,Dido",83,80,"rap, hip hop, ","Hip Hop","The Marshall Mathers LP",2000-05-23,06:44,78,77,4,0,51,20,50,-4,F#/G♭ minor,4,2025-05-01,3UmaczJpikHgJFyBTAJVoz,"Interscope",11A,USIR10001280
1250,"FACK","Eminem",62,124,"rap, hip hop","Hip Hop","Curtain Call: The Hits (Deluxe Edition)",2005-12-06,03:25,84,60,1,11,37,0,10,-7,C♯/D♭,4,2025-05-01,0fMWtRhzOoWoCo7dRHVEEa,"Aftermath",3B,USUM70506387
1251,"Never Snitch","$kinny",45,113,"arabic rap","Hip Hop","Thank You For Nothing",2019-09-13,02:12,70,61,78,0,12,0,10,-9,E minor,4,2025-05-01,7pFTpiYeSCfkmLeERh21M7,"Parachutes Entertainment",9A,USUYG1263734
1252,"O","Inner Wave",0,113,"","","Apoptosis",2021-09-30,02:16,62,83,8,88,68,0,10,-6,A#/B♭,4,2025-05-01,044yVDQ9PFAkzcsUgbIFom,"Inner Wave",6B,GBKPL2154576
1253,"I Cry","Flo Rida",75,126,"","","Wild Ones",2012-06-22,03:43,69,82,1,0,76,0,30,-5,E minor,4,2025-05-01,4bZd0nRuX8HyjeXAUBczvm,"Poe Boy/Atlantic",9A,USAT21202584
1254,"My House","Flo Rida",80,94,"","","My House",2015-04-07,03:12,69,70,2,0,74,0,10,-5,G minor,4,2025-05-01,6Knv6wdA0luoMUuuoYi2i1,"Poe Boy/Atlantic",6A,USAT21500384
1255,"Good Feeling","Flo Rida",82,128,"","","Wild Ones",2012-06-22,04:08,71,89,6,0,68,0,30,-4,C♯/D♭ minor,4,2025-05-01,2LEF1A8DOZ9wRYikWgVlZ8,"Poe Boy/Atlantic",12A,USAT21101961
1256,"Wild Ones (feat. Sia)","Flo Rida,Sia",82,127,"","","Wild Ones",2012-06-22,03:52,61,86,10,0,44,0,20,-5,F minor,4,2025-05-01,1NpW5kyvO4XrNJ3rnfcNy3,"Poe Boy/Atlantic",4A,USAT21104103
1257,"Whistle","Flo Rida",81,104,"","","Wild Ones",2012-06-22,03:44,75,94,2,0,74,0,20,-6,C,4,2025-05-01,3bC1ahPIYt1btJzSSEyyrF,"Poe Boy/Atlantic",8B,USAT21201745
1258,"Low (feat. T-Pain)","Flo Rida,T-Pain",85,128,"","","Mail on Sunday",2008-03-17,03:51,92,61,9,0,30,0,10,-6,A#/B♭ minor,4,2025-05-01,0CAfXk7DXMnon4gLudAp7J,"Poe Boy/Atlantic",3A,USAT20705841
1259,"Kaddab","Mohamed Fouad",37,127,"egyptian pop","Pop","El Hob El Ha2e2y",1998-01-01,05:29,83,84,29,0,95,0,20,-9,E minor,4,2025-05-01,0E3iLXVqTOhvbc9cQnxCh8,"Free Music - Nasr Mahrous",9A,EGA099800501
1260,"The Look","Metronomy",76,85,"new rave, alternative dance","Electronic, Pop, Rock","The English Riviera",2011-04-11,04:37,64,54,62,4,50,0,0,-8,A minor,4,2025-05-01,6zfczP87XO2SxWlQtnjFNa,"Because Music Ltd.",8A,GBMVH1100040
1261,"مهرجان الدنيا شمال","Mahmoud El Omda,محمود السويسى",0,90,"mahraganat, egyptian shaabi, egyptian hip hop, ","Hip Hop, Traditional Music, Electronic","مهرجان كلو هيحاسب",2017-08-09,03:42,63,78,19,0,62,0,20,-3,C♯/D♭,4,2025-05-01,0b8V13cJKxMR6dKYjl99Jd,"Shaabyat",3B,EGA251705967
1262,"King's Cup","Inner Wave",0,110,"","","III",2013-10-07,04:27,53,50,76,0,60,0,10,-6,D minor,4,2025-05-01,2v4zDIhm7sQiEFe9KfJ1qN,"Inner Wave",7A,GBSMU1460349
1263,"Feel Better","Inner Wave",0,113,"","","III",2013-10-07,04:12,46,82,52,2,38,0,30,-5,B,4,2025-05-01,7C2bISA3CR5Bxm8Y09jO4o,"Inner Wave",1B,GBSMU1460347
1264,"Happy 21","Inner Wave",0,144,"","","III",2013-10-07,05:21,41,75,17,0,38,0,10,-5,D,4,2025-05-01,2qRLxXax6eFkjEr2e5CycL,"Inner Wave",10B,GBSMU1460344
1265,"American Spirits","Inner Wave",0,158,"","","III",2013-10-07,02:50,50,82,5,0,88,0,10,-5,C♯/D♭ minor,4,2025-05-01,01w1oN1WO5aOThHnLBN8eS,"Inner Wave",12A,GBSMU1460342
1266,"Change Your Mind","Inner Wave",0,88,"","","III",2013-10-07,02:10,11,53,61,59,8,0,20,-11,A minor,4,2025-05-01,4p4uFCrgBqkG7tJqLzWIas,"Inner Wave",8A,GBSMU1460340
1267,"Another Love","Tom Odell",89,123,"","","Long Way Down (Deluxe)",2013-06-24,04:04,45,54,70,0,13,0,0,-9,E minor,4,2025-05-01,3JvKfv6T31zO0ini8iNItO,"ITNO/Columbia",9A,GBARL1300107
1268,"Habibi Ya","Mohamed Fouad",0,120,"egyptian pop","Pop","Habibi Ya",2006-06-20,03:34,87,43,2,0,64,0,20,-9,G#/A♭,4,2025-05-01,4ZoBLz62wBEcWz6TdDgcIf,"Rotana",4B,USA370645052
1269,"Hansak","Mohamed Fouad",35,102,"egyptian pop","Pop","Hayran",1998-01-01,07:12,77,70,32,0,84,0,0,-11,A#/B♭,4,2025-05-01,1LkaAmjuHMgJtIeoMX30QG,"Free Music - Nasr Mahrous",6B,EGA099800402
1270,"Yalla Beena Yalla","Mohamed Fouad",20,92,"egyptian pop","Pop","Fe El Sekka",1985-01-01,03:57,70,87,58,1,86,0,20,-10,G,4,2025-05-01,7GofpPejS6CwqRwsYm4ASu,"Modissa - Sout El Hob",9B,EGA019001615
1271,"Berzerk","Eminem",69,95,"rap, hip hop","Hip Hop","The Marshall Mathers LP2 (Deluxe)",2013-11-05,03:58,74,87,2,0,67,30,20,-4,D,4,2025-05-01,6Xk7PnitV9jCRorWt2LiVZ,"Aftermath",10B,USUM71311375
1272,"Inspiration","Gipsy Kings",53,94,"flamenco","Folk, Traditional Music","Gipsy Kings",1987-08-24,03:40,55,54,67,85,27,0,10,-13,F#/G♭ minor,4,2025-05-01,1xEzF35lwCRRFEXWG08j8x,"Sony Music Entertainment",11A,GBARL0700402
1273,"Rap God","Eminem",78,148,"rap, hip hop","Hip Hop","The Marshall Mathers LP2 (Deluxe)",2013-11-05,06:03,71,84,40,0,63,30,80,-3,G,4,2025-05-01,6or1bKJiZ06IlK0vFvY75k,"Aftermath",9B,USUM71314079
1274,"Ana Hawet - Live Concert","Massar Egbari",37,152,"egyptian pop, arabic rap","Hip Hop, Pop","Massar Egbari (Live Concert)",2020-06-15,06:57,25,40,70,1,10,0,10,-8,D minor,4,2025-05-01,2oiL2gNbANX5ruKcwdywMq,"CNL Music",7A,FRX282013705
1275,"Freaks","Surf Curse",86,180,"indie","Pop, Rock","Freaks",2021-05-15,02:27,35,94,0,63,41,0,0,-10,A,4,2025-05-01,7EkWXAI1wn8Ii883ecd9xr,"Surf Curse",11B,USAT22102269
1276,"If You Were There, Beware","Arctic Monkeys",59,136,"indie, garage rock","Rock, Pop","Favourite Worst Nightmare",2007-04-22,04:36,33,81,0,5,26,0,10,-7,E minor,4,2025-05-01,0idZZsnM7nuSYanlpKTuwV,"Domino Recording Co",9A,GBCEL0700071
1277,"Do Me a Favour","Arctic Monkeys",67,180,"indie, garage rock","Rock, Pop","Favourite Worst Nightmare",2007-04-22,03:29,47,74,0,6,62,0,0,-7,B minor,4,2025-05-01,2BqfIlpahcebJPeu1IUTEo,"Domino Recording Co",10A,GBCEL0700069
1278,"Only Ones Who Know","Arctic Monkeys",67,128,"indie, garage rock","Rock, Pop","Favourite Worst Nightmare",2007-04-22,03:04,29,40,90,0,10,0,10,-11,G minor,5,2025-05-01,71ytDkCnYc11VRiRCrhDHX,"Domino Recording Co",6A,GBCEL0700068
1279,"Teddy Picker","Arctic Monkeys",70,150,"indie, garage rock","Rock, Pop","Favourite Worst Nightmare",2007-04-22,02:45,64,96,0,0,82,0,0,-5,A,4,2025-05-01,5kxVyCgEUND7E2QKG7JmoF,"Domino Recording Co",11B,GBCEL0700064
1280,"Brianstorm","Arctic Monkeys",70,165,"indie, garage rock","Rock, Pop","Favourite Worst Nightmare",2007-04-22,02:52,42,97,0,0,46,10,0,-5,C♯/D♭,4,2025-05-01,7f9I5WdyXm5q1XqnSYgQZb,"Domino Recording Co",3B,GBCEL0700061
1281,"Mad Sounds","Arctic Monkeys",66,80,"indie, garage rock","Rock, Pop","AM",2013-09-09,03:35,53,46,28,20,49,0,10,-11,A#/B♭,4,2025-05-01,75n7mraeMycQOl2sDGYaTe,"Domino Recording Co",6B,GBCEL1300368
1282,"No. 1 Party Anthem","Arctic Monkeys",90,115,"indie, garage rock","Rock, Pop","AM",2013-09-09,04:03,51,70,33,9,60,0,10,-6,C,4,2025-05-01,5TTGoX70AFrTvuEtqHK37S,"Domino Recording Co",8B,GBCEL1300367
1283,"I Wanna Be Yours","Arctic Monkeys",93,68,"indie, garage rock","Rock, Pop","AM",2013-09-09,03:03,46,42,14,2,48,0,10,-9,C minor,4,2025-05-01,5XeFesFbtLpXzIVDNQP22n,"Domino Recording Co",5A,GBCEL1300373
1284,"Till I Collapse","Eminem,Nate Dogg",86,171,"rap, hip hop, g-funk, west coast hip hop","Hip Hop, R&B","The Eminem Show",2002-05-26,04:57,55,85,6,0,10,10,0,-3,C♯/D♭,4,2025-05-01,4xkOaSrkexMciUUogZKVTS,"Aftermath",3B,USIR10211066
1285,"The Real Slim Shady","Eminem",87,105,"rap, hip hop","Hip Hop","The Marshall Mathers LP",2000-05-23,04:44,95,66,3,0,76,0,0,-4,F minor,4,2025-05-01,3yfqSUWxFvZELEM4PmlwIR,"Interscope",4A,USIR10000448
1286,"Never Ending Story","Limahl",67,122,"synthpop","Electronic, Pop","Don't Suppose",2009-09-25,03:32,60,62,36,0,85,0,10,-14,C,4,2025-05-01,1F43XlPBiwAUUIhrUGzylO,"Parlophone UK",8B,GBAYE8400104
1287,"Without Me","Eminem",89,112,"rap, hip hop","Hip Hop","The Eminem Show",2002-05-26,04:50,91,67,0,0,66,0,20,-3,G,4,2025-05-01,7lQ8MOhq6IN2w8EYcFNSUk,"Aftermath",9B,USIR10211038
1288,"One For The Road","Arctic Monkeys",70,180,"indie, garage rock","Rock, Pop","AM",2013-09-09,03:26,42,67,21,6,84,0,20,-7,C,4,2025-05-01,6wNUBZNWFxdUGof6vkaykE,"Domino Recording Co",8B,GBCEL1300364
1289,"Arabella","Arctic Monkeys",78,180,"indie, garage rock","Rock, Pop","AM",2013-09-09,03:27,58,56,2,0,51,0,20,-7,D,4,2025-05-01,7nzsY8vlnKdvGOEE0rjAXZ,"Domino Recording Co",10B,GBCEL1300365
1290,"Why'd You Only Call Me When You're High?","Arctic Monkeys",87,92,"indie, garage rock","Rock, Pop","AM",2013-09-09,02:41,69,63,5,0,80,0,10,-6,D,4,2025-05-01,086myS9r57YsLbJpU0TgK9,"Domino Recording Co",10B,GBCEL1300370
1291,"Beggin'","Måneskin",86,134,"","","Chosen",2017-12-08,03:31,71,80,13,0,59,0,30,-5,B minor,4,2025-05-01,3Wrjm47oTz2sjIgck11l5e,"RCA Records Label",10A,ITB001700846
1292,"You Give Love A Bad Name","Bon Jovi",80,123,"glam metal, rock","Metal, Rock","Slippery When Wet",1986-08-16,03:42,54,96,7,0,81,0,30,-3,C minor,4,2025-05-01,0rmGAIH9LNJewFw7nKzZnc,"Island Records",5A,USPR39402224
1293,"Piledriver waltz","Alex Turner",62,106,"","","Submarine - Original Songs From The Film By Alex Turner",2011-03-14,03:24,53,75,12,61,34,0,30,-8,C♯/D♭,3,2025-05-01,3s5ogvexUgA6XjNj37zpnP,"Domino Recording Co",3B,GBCEL1100046
1294,"しあわせ芝居","Junko Sakurada",29,143,"kayokyoku, city pop, enka, j-pop","Pop, Traditional Music","＜COLEZO! TWIN＞桜田淳子",2005-12-16,03:57,66,51,78,0,63,0,10,-11,B minor,4,2025-05-01,73kaJGjBlQbFl8tf5wXiuQ,"Victor",10A,JPVI07700030
1295,"سالمونيلا","Tameem Youness",0,105,"mahraganat, arabic rap, egyptian pop, egyptian hip hop","Hip Hop, Pop, Electronic","سالمونيلا",2020-01-01,03:26,88,66,26,0,72,10,30,-4,C minor,4,2025-05-01,3jCglevpDuE4j0XNGaflFI,"Tameem Youness",5A,TCAEP2027058
1296,"Mayonaka no Door / Stay With Me","Miki Matsubara",78,108,"city pop, j-pop","Pop","Miki Matsubara Best Collection",2008-00-00,05:12,66,75,18,0,79,0,0,-7,F,4,2025-05-01,2BHj31ufdEqVK5CkYDp9mA,"PONY CANYON INC.",7B,JPPC07950030
1297,"Light of the Seven","Ramin Djawadi",0,120,"soundtrack","Classical, Easy Listening","Game of Thrones: Season 6 (Music from the HBO® Series)",2016-06-24,09:49,27,10,90,72,6,0,20,-17,C minor,4,2025-05-01,7DbbEaULNuEe95sxVJFwXQ,"WaterTower Music",5A,USNLR1600338
1298,"Go Fuck Yourself","Two Feet",74,75,"","","First Steps",2016-07-29,02:09,77,33,57,5,29,20,0,-8,F#/G♭,4,2025-05-01,4NZrZgrRoR4GwR7flWOXRI,"Majestic Casual Records",2B,DEVF11600016
1299,"Felt Like Playing Guitar And Not Singing","Two Feet",45,78,"","","A 20 Something Fuck",2018-10-05,03:08,26,74,92,95,28,0,10,-6,G,4,2025-05-01,68jISmZBEKis7eg5Ijr17k,"Republic Records",9B,USUM71815769
1300,"Sign of the Times","Harry Styles",87,120,"","","Harry Styles",2017-05-12,05:40,52,60,3,0,22,0,10,-5,F,4,2025-05-01,5Ohxk2dO5COHF1krpoPigN,"Columbia",7B,USSM11703595
1301,"Watermelon Sugar","Harry Styles",86,95,"","","Fine Line",2019-12-13,02:54,55,82,12,0,56,0,30,-4,C,4,2025-05-01,6UelLqGlWMcVH1E5c4H7lY,"Columbia",8B,USSM11912587
1302,"Requiem, K. 626: Lacrimosa","Wolfgang Amadeus Mozart,Michael Finnissy,Academy of Ancient Music,Stephen Cleobury,Choir of King's College, Cambridge",62,132,"classical, requiem, opera, classical piano, chamber music, avant-garde, choral, christmas","Classical, Jazz, Pop","Mozart: Requiem Realisations",2013-04-08,02:49,16,9,94,92,4,0,10,-23,D minor,3,2025-05-01,3oHSL6pt9LpNrQZuQGu9wL,"Kings College Cambridge",7A,GBMY51300208
1303,"Ala Hesb Wedad Live","Abdel Halim Hafez",49,127,"egyptian pop, khaleeji","Pop","Ala Hesb Wedad",1972-12-31,10:26,40,34,95,11,57,0,70,-15,G,4,2025-05-01,5t9MIcVEPw3Kz3OWMRiYOW,"Abdel Halim Hafez",9B,EGA020500545
1304,"Bain el Waraq - Live","Akher Zapheer",19,113,"","","Akher Zapheer (Live)",2020-10-30,05:51,37,35,11,0,11,0,10,-13,A minor,4,2025-05-01,0T5D11MF6j4biZgC4pJShF,"789503 Records DK",8A,QZNWQ2025467
1305,"Let It Happen","Tame Impala",83,125,"indie, psychedelic pop","Pop, Rock","Currents",2015-07-17,07:47,60,88,0,3,58,0,10,-6,C♯/D♭ minor,4,2025-05-01,2X485T9Z5Ly0xyaghN73ed,"Universal Music Australia Pty. Ltd.",12A,AUUM71500292
1306,"Metfaje'","Akher Zapheer",19,113,"","","Metfaje'",2020-01-03,04:29,65,80,0,5,48,0,20,-8,E minor,4,2025-05-01,2c8vgT88hJbQiZWu9KuFFf,"789503 Records DK",9A,QZFYW2022418
1307,"Feekee","Akher Zapheer",30,160,"","","Converse Culture",2018-02-06,03:53,66,73,10,0,91,0,0,-8,D#/E♭,4,2025-05-01,6kT3dyhnUy21Cya3jIKTu0,"789503 Records DK",5B,QZARB1832344
1308,"The Less I Know The Better","Tame Impala",88,117,"indie, psychedelic pop","Pop, Rock","Currents",2015-07-17,03:36,64,74,1,1,79,0,10,-4,E,4,2025-05-01,6K4t31amVTZDgR3sKmwUJJ,"Universal Music Australia Pty. Ltd.",12B,AUUM71500303
1309,"Fluorescent Adolescent","Arctic Monkeys",80,112,"indie, garage rock","Rock, Pop","Favourite Worst Nightmare",2007-04-22,03:03,65,83,0,0,79,0,10,-5,C♯/D♭ minor,4,2025-05-01,2x8evxqUlF0eRabbW2JBJd,"Domino Recording Co",12A,GBCEL0700067
1310,"505","Arctic Monkeys",88,140,"indie, garage rock","Rock, Pop","Favourite Worst Nightmare",2007-04-22,04:13,53,87,0,0,25,0,0,-6,C,4,2025-05-01,0BxE4FqsDD1Ot4YuBXwAPp,"Domino Recording Co",8B,GBCEL0700074
1311,"Upside Down","Jack Johnson",79,102,"surf rock","Rock","Upside Down",2006-02-24,03:29,79,65,26,0,69,0,10,-8,E,4,2025-05-01,0aJrYfARfCKzv6gXjhs4SZ,"Brushfire Records/Universal",12B,USUG10500591
1312,"El Shawarea Hawadeet","El Masreyeen",40,199,"egyptian pop","Pop","Bahebek La",1977-01-01,05:38,22,47,7,14,44,0,10,-14,F,4,2025-05-01,0OBMf6bZ6kS3v9gJzDCRwF,"Modissa - Sout El Hob",7B,EGA010507508
1313,"Cacharel","Akher Zapheer",43,125,"","","Converse Culture",2018-02-06,03:51,38,70,0,0,36,0,0,-7,A minor,4,2025-05-01,4teT6bmFPxFQnPNThSbDMk,"789503 Records DK",8A,QZARB1832350
1314,"Ballet","Akher Zapheer",37,105,"","","Ballet",2020-04-01,04:08,64,61,25,0,50,0,10,-10,G#/A♭,4,2025-05-01,4c1JwtH7HEfIqlf0keNFGR,"789503 Records DK",4B,QZDA52078515
1315,"Visions of Gideon","Sufjan Stevens",68,75,"chamber pop, baroque pop","Classical, Pop","Call Me By Your Name (Original Motion Picture Soundtrack)",2017-11-03,04:07,25,31,94,68,20,0,0,-18,F minor,4,2025-05-01,0SUDiaR0qm30fXVGPjPvRp,"Masterworks",4A,US64G1737303
1316,"Tab Wana Maly","Warda",46,177,"raï","Pop","Aghany Film Sout El Hob",1981-12-31,06:34,37,48,82,0,41,0,30,-8,G,4,2025-05-01,0eH6w5pp0CCogVhq0t7cOL,"Global",9B,EGA020502488
1317,"Banat Keteer","El Masreyeen",2,144,"egyptian pop","Pop","The Best of El Masreyeen",1980-01-01,05:07,82,46,74,1,85,10,30,-13,F,4,2025-05-01,7GH708ybGvuhS4XBrKGHVQ,"Modissa - Sout El Hob",7B,EGA019001737
1318,"Take Me To Church","Hozier",86,129,"","","Hozier",2014-09-19,04:01,57,66,64,0,44,0,10,-5,E minor,4,2025-05-01,3dYD57lRAUcMHufyqn9GcI,"Universal-Island Records Ltd.",9A,IEACJ1300031
1319,"Dayman Mawjood","Akher Zapheer",33,130,"","","Converse Culture",2018-02-06,04:42,64,82,2,0,54,0,0,-6,C♯/D♭ minor,4,2025-05-01,7JosuG0a5N1rbCC7l07d3Z,"789503 Records DK",12A,QZARB1832341
1320,"Longa 79","Al Massrieen",0,153,"","","Modern Music (Habibi Funk 006)",2017-04-28,03:31,57,90,36,57,83,0,30,-5,E minor,4,2025-05-01,0toK7sDp952XXK5iqmZENF,"HABIBI Funk Records",9A,DESY21400557
1321,"Mafatshi Leh","Al Massrieen",0,127,"","","Modern Music (Habibi Funk 006)",2017-04-28,02:50,43,62,0,0,38,0,20,-9,G#/A♭ minor,4,2025-05-01,520RV8A1weQ6gQLsOyO7zw,"HABIBI Funk Records",1A,DESY21400561
1322,"Sah","Al Massrieen",0,119,"","","Modern Music (Habibi Funk 006)",2017-04-28,03:44,68,52,63,43,96,20,0,-10,G#/A♭,4,2025-05-01,3ZNJp2eOQh9nhHzvg21soI,"HABIBI Funk Records",4B,DESY21400556
1323,"Die For You","The Weeknd",82,134,"","","Starboy",2016-11-25,04:20,59,53,11,0,51,0,10,-7,C♯/D♭ minor,4,2025-05-01,2Ch7LmS7r2Gy2kc64wv3Bz,"Universal Republic Records",12A,USUG11601011
1324,"Lama Kan El Bahr Azraa","Hany Shnoda Ferqet Masr",33,102,"egyptian pop","Pop","Abdaa Men Gedeid",1981-12-31,05:53,58,30,60,0,53,0,60,-17,B minor,4,2025-05-01,72kuxuPGiUQx1thUcmPhJc,"Global",10A,EGA020502191
1325,"Mashya El Sanyoora","Hany Shnoda Ferqet Masr",30,162,"egyptian pop","Pop","Mashya El Sanyora",1983-12-31,05:43,67,41,82,0,96,0,10,-17,D,4,2025-05-01,5HI84av57MYcplmejjSJXc,"Global",10B,EGA020502241
1326,"Help Me Make It Through the Night","Kris Kristofferson",50,81,"country","Country","The Essential Kris Kristofferson",2004-02-15,02:22,60,35,31,0,76,0,0,-13,C,4,2025-05-01,5aUEwE5Ta7RpsUcbhUKM9a,"Columbia/Legacy",8B,USSM10303242
1327,"فرتكة فرتكة","El Mahrgan",0,140,"","","فرتكة فرتكة",2014-07-27,06:08,94,91,7,0,97,0,30,-1,F minor,4,2025-05-01,0s9khdVlADXi1lwfolOvXq,"El Mahrgan",4A,EGA261904698
1328,"Rush B","Sheet Music Boss",43,161,"","","Rush Collection",2020-12-23,02:25,42,77,63,94,96,0,0,-7,E minor,4,2025-05-01,1CuvRjK8EHI8fFWiT0ClhT,"Sheet Music Boss",9A,QZPLR2056955
1329,"La Campanella","Rousseau",49,95,"classical piano, classical","Classical","La Campanella",2018-08-01,04:46,33,43,91,79,52,0,10,-13,G#/A♭ minor,4,2025-05-01,0nM7u9bBzoP3dnKYbOANix,"Rousseau",1A,QZDA71858419
1330,"Wash Away (reprise)","Joe Purdy",0,86,"singer-songwriter","Folk","Julie Blue",2004-01-01,03:00,51,27,74,0,69,0,20,-16,F,4,2025-05-01,6cmN289nKe8MTwuBCamoOt,"Joe Purdy",7B,ushm20573788
1331,"Helween Min Yomna","Sayed Mekawy",15,154,"egyptian pop","Pop","Helween Min Yomna",1984-01-01,09:27,29,57,100,88,59,0,60,-7,F#/G♭,4,2025-05-01,1bYC1umtfyqWJcJOLkCqlK,"Al Wady",2B,aea148401385
1332,"Tayer Ya Hawa","Mohamed Roshdy",31,82,"egyptian pop","Pop","Mohamed Roshdy",1964-12-31,04:13,28,45,71,0,64,0,0,-8,F#/G♭,3,2025-05-01,1x4yzWPLBHEL5B9pDJswku,"Global",2B,EGA020500755
1333,"Moonlight Sonata (1st Movement)","Rousseau",53,125,"classical piano, classical","Classical","Moonlight Sonata (1st Movement)",2018-08-01,06:59,41,1,100,95,33,0,10,-32,C♯/D♭ minor,3,2025-05-01,5gJvJ18ZCVdiLXfczZaKgL,"Rousseau",12A,QZDA71874511
1334,"Fade To Black - Remastered","Metallica",72,114,"metal, thrash metal, rock, heavy metal, hard rock","Rock, Metal","Ride The Lightning (Deluxe / Remastered)",1984-07-26,06:57,26,92,0,23,28,10,10,-7,G,4,2025-05-01,5nekfiTN45vlxG0eNJQQye,"Blackened Recordings / Universal Music",9B,QMKHM1600097
1335,"Tehremny Leh","Mohamed Fouad",27,172,"egyptian pop","Pop","El Hob El Ha2e2y",1998-01-01,04:40,45,37,73,0,60,0,0,-14,C minor,4,2025-05-01,3ISih7BDbujaWRwtnYfuMY,"Free Music - Nasr Mahrous",5A,EGA099800507
1336,"Ana Law Olt","Mohamed Fouad",27,95,"egyptian pop","Pop","El Hob El Ha2e2y",1998-01-01,04:39,76,49,4,0,63,0,0,-15,C,4,2025-05-01,1RRuPP1JEVaVhjD01Xxais,"Free Music - Nasr Mahrous",8B,EGA099800504
1337,"Esma3ny","Mohamed Fouad",29,178,"egyptian pop","Pop","El Hob El Ha2e2y",1998-01-01,05:53,65,57,40,0,75,0,10,-12,E minor,4,2025-05-01,5FlnjVXz2GyJIr0vrp8RHY,"Free Music - Nasr Mahrous",9A,EGA099800503
1338,"Rage3 Tany","Mohamed Fouad",22,90,"egyptian pop","Pop","El Hob El Ha2e2y",1998-01-01,05:14,80,43,65,0,68,0,0,-14,D minor,4,2025-05-01,25PvAHM1Hvc71SHSl4CXOT,"Free Music - Nasr Mahrous",7A,EGA099800506
1339,"Shahdein Aleh","Mohamed Fouad",28,95,"egyptian pop","Pop","El Hob El Ha2e2y",1998-01-01,04:37,80,61,37,0,86,0,0,-10,D#/E♭ minor,4,2025-05-01,1k6IsY60Cw6sH8zryjYHN1,"Free Music - Nasr Mahrous",2A,EGA099800505
1340,"El Hob El Ha2e2y","Mohamed Fouad",49,187,"egyptian pop","Pop","El Hob El Ha2e2y",1998-01-01,05:44,66,64,54,0,77,0,0,-11,A,4,2025-05-01,3hQT53VbsScHcmOgZZs9I7,"Free Music - Nasr Mahrous",11B,EGA099800508
1341,"Aheb Eh","Mohamed Fouad",23,122,"egyptian pop","Pop","El Hob El Ha2e2y",1998-01-01,04:34,82,68,32,0,95,0,0,-10,A#/B♭ minor,4,2025-05-01,5BG2mp80D5wDIDjYVhZZGr,"Free Music - Nasr Mahrous",3A,EGA099800502
1342,"Sabahek","Massar Egbari",26,105,"egyptian pop, arabic rap","Hip Hop, Pop","Tokaa We Tkoom",2015-03-12,03:38,69,50,75,0,37,0,10,-9,F#/G♭ minor,4,2025-05-01,4cnTGRpVDnBXgD2MQYQOfS,"Dj Recording",11A,USCGJ1500453
1343,"سورة الرحمن","Mishari Rashid Alafasy",0,131,"sholawat","Christian","(المصحف المرتل (ختمة كاليفورنيا",2008-09-27,11:36,39,18,84,0,30,0,40,-12,F,4,2025-05-01,40aE0TRtQrS1O9NWBAH1wx,"Alfan Music",7B,CAQ8S1618077
1344,"Hopelessly Devoted To You - From “Grease”","Olivia Newton-John",75,111,"","","Grease (The Original Motion Picture Soundtrack)",1978-04-04,03:05,59,34,29,1,32,0,10,-13,B minor,3,2025-05-01,5BUq9bdtsm3LWw5laJeJ4R,"UMC (Universal Music Catalogue)",10A,NLF057890003
1345,"4e livre de pièces de viole, Suite d'un goût étranger: Le badinage / La Talumi","Ghalia Benali,Marin Marais,Romina Lischka,Vincent Noiret",18,87,"","","Call to Prayer",2020-08-14,05:54,33,5,91,1,22,0,10,-16,C♯/D♭,4,2025-05-01,4HdDzDBcZqUYFVGNVYlSgW,"Fuga Libera",3B,BER182076309
1346,"Ya M'safer","Ghalia Benali",42,140,"","","Romeo & Leila",2007-06-25,05:22,55,24,89,0,36,0,10,-13,F minor,4,2025-05-01,2sOg0fznPO0YWKWksIQEmA,"[PIAS] Digital Benelux",4A,BEE850600004
1347,"Nocturne in C-Sharp Minor","Frédéric Chopin,Vladimir Feltsman",54,75,"classical piano, classical","Classical","Chopin: Complete Nocturnes, Barcarolle, Berceuse",2011-02-01,03:51,33,1,99,84,16,0,0,-34,C♯/D♭ minor,4,2025-05-01,0KhT24AgBxl4GjUB4Yz5fZ,"Nimbus Alliance",12A,GBAJU1002820
1348,"موعد غرامي","Arabian Alien",31,77,"","","موعد غرامي",2020-09-16,04:27,68,41,89,65,21,10,10,-12,G#/A♭ minor,4,2025-05-01,4ur2rLrZ5LrDs1uwZquELg,"2403236 Records DK",1A,QZK6G2012931
1349,"Sweet Child O' Mine","Guns N' Roses",19,125,"rock, glam metal, hard rock, classic rock","Rock, Metal","Appetite For Destruction",1987-07-21,05:54,45,91,9,10,63,0,10,-8,F#/G♭,4,2025-05-01,7o2CTH4ctstm8TNelqjb51,"Guns N Roses P&D",2B,USGF18714809
1350,"Gloria","Laura Branigan",72,131,"","","Branigan",1982-03-10,04:49,78,74,11,29,84,0,10,-7,A,4,2025-05-01,1mskmld5ZKEhRaNvYVPoqZ,"Atlantic Records",11B,USAT28400033
1351,"Self Control","Laura Branigan",80,107,"","","Self Control",1984-00-00,04:06,81,69,22,0,78,0,10,-12,F#/G♭ minor,4,2025-05-01,6JNJERZGJwDVgkmbohBw7u,"Rhino Atlantic",11A,USAT20903047
1352,"Mafi Mennik","Aziz Maraka",53,111,"egyptian pop","Pop","Mafi Mennik",2019-06-06,04:03,60,23,49,0,78,0,40,-15,A minor,4,2025-05-01,7KpMGvnrttA4zqqRm7cx4a,"Global",8A,EGA010546549
1353,"غريبه","Hanan",29,87,"oyun havasi, egyptian pop","Pop, Traditional Music","حلوة",1987-01-01,03:31,62,43,97,28,45,10,10,-12,A#/B♭ minor,4,2025-05-01,1JudL1YQDJddUYmCzOKZBO,"Sonar Salam",3A,aea148701346
1354,"Forever Young","Bob Dylan",43,135,"folk rock, folk, singer-songwriter, roots rock, country rock","Country, Rock, Folk","Greatest Hits Volume 3",1994-11-15,04:56,49,46,24,0,34,0,10,-10,D,4,2025-05-01,1qli6fjEVdmMgssWy55eiZ,"Columbia",10B,USSM10014668
1355,"Bel Mazboot","Youssra El Hawary",5,79,"","","Speed Sisters (Music from the Feature Documentary Film)",2016-06-01,03:47,45,19,97,0,48,0,10,-12,C,4,2025-05-01,0cG3eFezRmOGyioFaShWjc,"SocDoc Studios LLC",8B,usdy41640391
1356,"فرنصا","Do3souqa",31,110,"","","فرنصا",2021-01-01,03:14,38,47,73,0,33,0,30,-8,A minor,4,2025-05-01,3LHy4bN1UE3xYcHRq7MDf4,"Do3souqa",8A,FR10S2152989
1357,"Ya Bakhtak - Live","Do3souqa",35,108,"","","A3det Mazika (Live)",2021-01-14,03:26,61,36,70,0,44,0,10,-10,A,4,2025-05-01,2GzaVlbSVRuAkkthSo6Ogc,"Do3souqa",11B,FR10S2128845
1358,"El Aalba El Dahbya","Oka Wi Ortega,Ortega",39,120,"mahraganat, egyptian pop, egyptian shaabi, arabic rap","Hip Hop, Pop, Traditional Music, Electronic","Oka Wi Ortega",2015-03-11,03:29,79,92,11,0,73,0,10,-3,C♯/D♭ minor,4,2025-05-01,5L0mHMSmUiO9VVqanlzird,"MEMO Productions",12A,EGA0A1500053
1359,"Esmy","Adham Seliman",0,138,"egyptian pop, mahraganat","Pop, Electronic, Hip Hop","Esmy",2017-01-22,06:57,40,57,53,0,29,0,0,-10,E minor,4,2025-05-01,1eQhGhTPJq2MHhDy6jagtP,"Victory Link",9A,QZ4UU1801389
1360,"drivers license","Olivia Rodrigo",87,144,"","","SOUR",2021-05-21,04:02,56,43,77,0,14,0,10,-9,A#/B♭,4,2025-05-01,5wANPM4fQCJwkGd4rN57mH,"Olivia Rodrigo PS",6B,USUG12004749
1361,"brutal","Olivia Rodrigo",79,124,"","","SOUR",2021-05-21,02:23,67,53,3,0,28,0,20,-6,E,4,2025-05-01,6SRsiMl7w1USE4mFqrOhHC,"Olivia Rodrigo PS",12B,USUG12101242
1362,"enough for you","Olivia Rodrigo",79,88,"","","SOUR",2021-05-21,03:22,64,26,75,0,27,0,20,-11,G,4,2025-05-01,2TOzTqQXNmR2zDJXihjZ2e,"Olivia Rodrigo PS",9B,USUG12101246
1363,"good 4 u","Olivia Rodrigo",85,167,"","","SOUR",2021-05-21,02:58,56,66,34,0,69,10,0,-5,A,4,2025-05-01,4ZtFanR9U6ndgddUvNcjcG,"Olivia Rodrigo PS",11B,USUG12101245
1364,"Mrs Magic","Strawberry Guy",0,133,"bedroom pop","Pop","Mrs Magic",2019-07-22,03:28,48,63,16,44,36,0,30,-7,F minor,4,2025-05-01,45BBlVHECwB0uNt7BsJ97r,"Melodic",4A,GBJGV1900102
1365,"Somewhere Tonight","Beach House",50,174,"dream pop","Pop, Rock","Thank Your Lucky Stars",2015-10-16,04:13,14,31,45,94,8,0,10,-12,G,3,2025-05-01,7yZBfnw0qwSkZWPX1bJNYD,"Apple Orchard Music",9B,USSUB1514209
1366,"Stuck on the puzzle","Alex Turner",65,78,"","","Submarine - Original Songs From The Film By Alex Turner",2011-03-14,03:31,58,68,8,3,77,0,10,-9,E,4,2025-05-01,3cUxncrTWSA9lhlQbuIwUY,"Domino Recording Co",12B,GBCEL1100045
1367,"Chamber Of Reflection","Mac DeMarco",2,131,"indie","Pop, Rock","Salad Days",2014-04-01,03:51,54,56,26,91,51,0,10,-9,B,4,2025-05-01,1MJ5f5EYBC92ADD6xcz7nb,"Captured Tracks",1B,QMMZN1300568
1368,"Pharaon","Gipsy Kings",53,92,"flamenco","Folk, Traditional Music","Allegria",2013-02-24,04:07,52,49,86,75,73,0,50,-16,C♯/D♭ minor,4,2025-05-01,5R95Ed7U1utxqzbFc2BVuN,"GB Prod / Passport Songs Music",12A,FR7F38200090
1369,"Anchor","Stormalong,G.Sultan",0,127,"","","The Storm",2021-02-12,03:07,63,14,92,1,13,0,10,-20,B minor,4,2025-05-01,77rM1nWjGni2uQvKxPcnTN,"Stormalong2021",10A,QZNWU2053645
1370,"The Lord - Alternative Version","Stormalong",0,98,"","","The Lord (Alternative Version)",2020-08-30,03:53,56,24,63,68,23,0,0,-16,D,4,2025-05-01,4YwtNF7PtbvsyYWz0QAzPy,"2092600 Records DK",10B,QZK6K2050684
1371,"Who Did That to You - From  Django Unchained ","Geronimo",41,106,"noise rock","Rock","Who Did That to You (Best Western Songs)",2014-10-14,03:48,57,66,5,0,23,0,30,-4,C,4,2025-05-01,61bl0rlKLKkJgm1omOJBJz,"Euro Entertainment",8B,DEH981403060
1372,"Django","The Hollywood LA Soundtrack Orchestra,Frankie Forside",8,97,"","","Who Did That to You (Best Western Songs)",2014-10-14,02:55,55,51,61,0,36,0,20,-8,D minor,3,2025-05-01,3sXqIlgMefPCmc1GStYqxl,"Euro Entertainment",7A,QMVRR1443669
1373,"Too Much Love Will Kill You - Remastered 2011","Queen",49,73,"classic rock, rock, glam rock","Rock","Made in Heaven (Deluxe Remastered Version)",1995-11-06,04:19,41,40,58,0,21,0,10,-8,G,4,2025-05-01,5eDwoZdv3Qftzs8ijKviYg,"Hollywood Records",9B,GBUM71103755
1374,"Comfortably Numb","Pink Floyd",82,127,"progressive rock, psychedelic rock, classic rock, symphonic rock, art rock, rock","Rock","The Wall",1979-11-30,06:22,47,37,15,31,17,0,0,-13,B minor,4,2025-05-01,5HNCy40Ni5BZJFw1TKzRsC,"Pink Floyd Records",10A,GBN9Y1100113
1375,"Brain Damage","Pink Floyd",70,134,"progressive rock, psychedelic rock, classic rock, symphonic rock, art rock, rock","Rock","The Dark Side of the Moon",1973-03-01,03:46,32,27,7,34,21,0,30,-13,D,4,2025-05-01,05uGBKRCuePsf43Hfm0JwX,"Pink Floyd Records",10B,GBN9Y1100140
1376,"Any Colour You Like","Pink Floyd",65,151,"progressive rock, psychedelic rock, classic rock, symphonic rock, art rock, rock","Rock","The Dark Side of the Moon",1973-03-01,03:26,28,67,20,94,51,0,40,-13,C,4,2025-05-01,6FBPOJLxUZEair6x4kLDhf,"Pink Floyd Records",8B,GBN9Y1100083
1377,"Us and Them","Pink Floyd",71,73,"progressive rock, psychedelic rock, classic rock, symphonic rock, art rock, rock","Rock","The Dark Side of the Moon",1973-03-01,07:49,36,30,86,56,14,0,60,-15,D,4,2025-05-01,1TKTiKp3zbNgrBH2IwSwIx,"Pink Floyd Records",10B,GBN9Y1100082
1378,"Learning to Fly","Pink Floyd",72,167,"progressive rock, psychedelic rock, classic rock, symphonic rock, art rock, rock","Rock","A Momentary Lapse of Reason",1987-09-08,04:52,44,56,25,3,48,0,10,-14,C,4,2025-05-01,3ieDOGcOqVxScs2VZBzidt,"Pink Floyd Records",8B,GBN9X1100002
1379,"Immigrant Song - Remaster","Led Zeppelin",80,113,"classic rock, rock, hard rock, rock and roll","Rock","Led Zeppelin III (Remaster)",1970-00-00,02:26,56,93,1,17,62,0,30,-10,B,4,2025-05-01,78lgmZwycJ3nzsdgmPPGNx,"Atlantic Records",1B,USAT21300934
1380,"Take It Easy - 2013 Remaster","Eagles",81,139,"classic rock, soft rock","Rock","Eagles (2013 Remaster)",1972-06-01,03:31,57,67,34,0,74,0,10,-10,G,4,2025-05-01,4yugZvBYaoREkJKtbG08Qr,"Rhino/Elektra",9B,USEE11300314
1381,"Lay, Lady, Lay","Bob Dylan",68,156,"folk rock, folk, singer-songwriter, roots rock, country rock","Country, Rock, Folk","Nashville Skyline",1969-04-09,03:17,52,18,36,0,41,0,10,-22,B minor,4,2025-05-01,4uYwlMp841PLJmj1gJJwIq,"Columbia",10A,USSM16900827
1382,"Nothing Else Matters","Metallica",71,142,"metal, thrash metal, rock, heavy metal, hard rock","Rock, Metal","Metallica",1991-08-12,06:28,55,36,5,0,16,0,0,-11,E minor,3,2025-05-01,0nLiqZ6A27jJri2VCalIUs,"Blackened Recordings / Universal Music",9A,GBF089190020
1383,"The Shepherd's Boy","Murray Gold",0,83,"soundtrack","Classical, Easy Listening","Doctor Who - Series 9 (Original Television Soundtrack)",2018-04-27,04:47,34,40,84,90,12,0,10,-11,C,3,2025-05-01,5mJoUK6SiHxnOtNdcLo3bJ,"Silva Screen Records",8B,GBCAD1700925
1384,"I Am The Doctor","Murray Gold",0,85,"soundtrack","Classical, Easy Listening","Doctor Who: Series 5",2010-11-09,04:04,38,38,93,96,17,0,10,-12,D minor,4,2025-05-01,1gDJQKYYyQvGjCvvWwSXi5,"Silva Screen Records",7A,GBAJC1000345
1385,"Doomsday","Murray Gold",0,100,"soundtrack","Classical, Easy Listening","Doctor Who (Original Television Soundtrack)",2006-12-04,05:09,51,39,25,86,8,0,10,-12,F minor,4,2025-05-01,6iO0CP8x5AWYCeqgzVDryZ,"Silva Screen Records",4A,GBAJC0600370
1386,"Can I Call You Tonight?","Dayglow",9,130,"indie rock","Rock","Fuzzybrain",2019-11-14,04:38,64,84,13,91,50,0,40,-7,A,4,2025-05-01,64lsIF5pw0sJY0gV5kz0RN,"Very Nice Records",11B,TCADL1825079
1387,"Just the Two of Us (feat. Bill Withers) - Edit","Grover Washington, Jr.,Bill Withers",68,96,"soul jazz, smooth jazz, soul, motown","Pop, R&B, Jazz, Blues","Lean on Me: The Best of Bill Withers",1994-08-09,03:57,79,39,60,31,58,0,0,-13,A#/B♭ minor,4,2025-05-01,2tH28YyKYOldxhuBHoI79M,"Legacy Recordings",3A,USEE10250233
1388,"Just the Two of Us (feat. Bill Withers)","Grover Washington, Jr.,Bill Withers",77,96,"soul jazz, smooth jazz, soul, motown","Pop, R&B, Jazz, Blues","Anthology",1985-00-00,07:18,75,50,41,5,59,10,0,-13,A#/B♭ minor,4,2025-05-01,1ko2lVN0vKGUl9zrU0qSlT,"Rhino/Elektra",3A,USEE19901162
1389,"drivers license","Olivia Rodrigo",24,144,"","","drivers license",2021-01-08,04:02,59,44,72,0,13,0,10,-9,A#/B♭,4,2025-05-01,7lPN2DXiMsVn7XUKtOW1CS,"Olivia Rodrigo PS",6B,USUG12004749
1390,"L.A. Woman","The Doors",67,171,"psychedelic rock, classic rock, acid rock","Rock","L.A. Woman",1971-04-19,07:51,35,73,8,0,70,0,10,-9,D,4,2025-05-01,6DmfWj5kOa1fX8AwN9byOn,"Rhino/Elektra",10B,USEE19900768
1391,"Ghaba","Marwan Pablo",0,128,"egyptian hip hop, arabic rap, egyptian pop, mahraganat","Hip Hop, Pop, Electronic","CTRL",2021-03-29,03:04,74,47,0,0,38,0,0,-14,F minor,4,2025-05-01,4Zpg4neFtdTJJF4wsrTJRa,"The Basement Records",4A,EGA072100226
1392,"Don","Marwan Pablo",0,130,"egyptian hip hop, arabic rap, egyptian pop, mahraganat","Hip Hop, Pop, Electronic","CTRL",2021-03-29,03:08,75,41,2,1,27,10,10,-15,F,4,2025-05-01,4bjdKuJEtkr8IEwBiqyxAq,"The Basement Records",7B,EGA072100372
1393,"The Only Thing","Sufjan Stevens",0,159,"chamber pop, baroque pop","Classical, Pop","Carrie & Lowell",2015-03-31,04:44,52,14,99,6,49,0,10,-20,D#/E♭,4,2025-05-01,6Rt6KwuF7I8ZkdZG2G0bYr,"Asthmatic Kitty",5B,US64G1509907
1394,"Somewhere Over The Rainbow_What A Wonderful World","Israel Kamakawiwo'ole",73,85,"","","Facing Future",1993-11-01,05:08,66,17,93,0,68,0,30,-14,C,4,2025-05-01,25U7raB3ZSszayTYClh4hF,"Big Boy Records",8B,USMAC9300084
1395,"Nuthin' But A  G  Thang","Dr. Dre,Snoop Dogg",4,95,"g-funk, gangster rap, west coast hip hop, hip hop, rap","Hip Hop, R&B","The Chronic",1992-12-15,03:58,80,70,1,0,66,20,10,-8,B minor,4,2025-05-01,4YtoipFgf4k0AfD17ZfD5X,"Death Row Records",10A,USKO10403560
1396,"Hood Took Me Under","Compton's Most Wanted",56,156,"west coast hip hop, g-funk, gangster rap","Hip Hop, R&B","Music To Driveby",1992-09-08,03:39,77,49,1,0,39,30,10,-11,C♯/D♭,4,2025-05-01,6QJOEIPT8g3fjdFxibpy2F,"Orpheus/Epic",3B,USSM10026625
1397,"It Was A Good Day","Ice Cube",82,82,"gangster rap, west coast hip hop, g-funk","Hip Hop, R&B","The Predator",1992-11-17,04:20,80,74,33,0,79,10,20,-5,G minor,4,2025-05-01,2qOm7ukLyHUXWyR4ZWLwxA,"Priority Records",6A,USPO19250006
1398,"Cool Cat - Remastered 2011","Queen",70,74,"classic rock, rock, glam rock","Rock","Hot Space (2011 Remaster)",1982-05-03,03:29,82,40,30,0,84,10,10,-10,A,4,2025-05-01,7nhWtCc3v6Vem80gYPlppQ,"EMI",11B,GBUM71103440
1399,"Fourth of July","Sufjan Stevens",0,120,"chamber pop, baroque pop","Classical, Pop","Carrie & Lowell",2015-03-31,04:39,44,10,97,35,16,0,10,-22,F#/G♭ minor,4,2025-05-01,4K3RZJ8sWPbv0IedcnEfw6,"Asthmatic Kitty",11A,US64G1509906
1400,"Gymnopédie No. 1","Erik Satie,Philippe Entremont",71,73,"classical piano, classical","Classical","Erik Satie & Friends",2016-04-01,03:25,47,1,99,94,36,10,0,-37,G,3,2025-05-01,5NGtFXVpXSvwunEIGeviY3,"Sony Classical",9B,USSM11509437
1401,"For the Damaged Coda","Blonde Redhead",0,141,"shoegaze, dream pop","Pop, Rock","Melody of Certain Damaged Lemons",2000-06-06,02:37,50,47,80,88,8,0,0,-10,C minor,4,2025-05-01,7jA5OcunWRSYXq98puhAX8,"Touch and Go Records",5A,USTG30021611
1402,"Helter Skelter - Remastered 2009","The Beatles",62,168,"classic rock, psychedelic rock","Rock","The Beatles (Remastered)",1968-11-22,04:29,17,83,0,85,28,0,80,-8,A,4,2025-05-01,0Bs0hUYxz7REyIHH7tRhL2,"EMI Catalogue",11B,GBAYE0601666
1403,"Akherto Lahen Hazeen","Akher Zapheer",46,120,"","","Converse Culture",2018-02-06,04:14,61,72,4,0,55,0,0,-7,A minor,4,2025-05-01,5ICwSVcHQYL0PWHjrU1noZ,"789503 Records DK",8A,QZARB1832340
1404,"I Feel Love","Bronski Beat",48,140,"synthpop, hi-nrg","Electronic, Pop","The Age of Consent",1984-10-15,06:01,62,72,33,1,86,0,50,-12,A minor,4,2025-05-01,3oDtHLkS4k687WbPCd7EdN,"London Records (Because Ltd)",8A,GBAAP0600099
1405,"I Contain Multitudes","Bob Dylan",44,132,"folk rock, folk, singer-songwriter, roots rock, country rock","Country, Rock, Folk","Rough and Rowdy Ways",2020-06-19,04:36,51,8,93,0,13,0,10,-20,C,4,2025-05-01,5AJT2Tk8mnDEnCtsikWVu2,"Columbia",8B,USSM12002174
1406,"Why ?","Bronski Beat",63,138,"synthpop, hi-nrg","Electronic, Pop","The Age of Consent",1984-10-15,04:03,57,78,3,0,61,0,10,-9,F minor,4,2025-05-01,7vOLJwP5O0woITaIQWOoUX,"London Records (Because Ltd)",4A,GBAAP0000546
1407,"Mad World","Gary Jules,Michael Andrews",69,174,"","","Trading Snakeoil for Wolftickets",2001-01-01,03:09,34,6,98,0,32,0,10,-17,D#/E♭,4,2025-05-01,3JOVTQ5h8HGFnDdp4VT3MP,"Down Up Down Music",5B,USHM90699796
1408,"Asfoura Al Shajan","Fairuz",29,91,"","","Fairuz - Modern Favorites",2000-00-00,06:25,47,18,94,0,35,0,30,-10,D,4,2025-05-01,3V2Nl5CThtRyUUd5RkUJ1s,"EMI MUSIC ARABIA",10B,AEAB29500038
1409,"Kan Endena Tahoun Sahar El Laialy","Fairuz",39,71,"","","Fairouz World, Pt. 2",2018-09-30,02:49,46,64,84,0,53,20,90,-13,C minor,4,2025-05-01,76A2YMAZdnwrWMO5BGYPns,"Modissa - Randa Phone",5A,QZ4UU1726323
1410,"Baadak Ala Baly","Fairuz",49,103,"","","Awdet El Askar (Return of the Soldiers)",1963-01-01,04:07,41,26,97,0,26,0,10,-7,A,4,2025-05-01,0zQwnvv9A41q7sQPSEPL4s,"Modissa - Randa Phone",11B,FR8Z49609804
1411,"Bnadilak Ya Habibi","Fairuz",41,80,"","","Chante Zaki Nassif",1994-01-01,04:40,46,35,64,0,44,0,30,-12,C minor,4,2025-05-01,0bgf45RDVwGK6jqVE9LeHx,"Voix de l'Orient",5A,FR10S2048723
1412,"El Bent El Shalabeya","Fairuz",43,86,"","","Fairouz World, Pt. 2",2018-09-30,03:08,62,38,80,0,75,0,20,-13,G#/A♭,4,2025-05-01,6bfTuM7FMLwiYC4fv2upLo,"Modissa - Randa Phone",4B,QZ4UU1701435
1413,"Stuck In The Middle With You","Stealers Wheel",79,124,"","","Stealers Wheel",1972-01-01,03:28,82,57,9,0,96,0,10,-9,G,4,2025-05-01,3Vby4nGmtbDo7HDJamOWkT,"UMC (Universal Music Catalogue)",9B,GBAAM7200002
1414,"Eh Fe Amal","Fairuz",45,152,"","","Eh Fe Amal",2010-01-01,04:18,31,21,85,0,29,0,30,-13,G#/A♭ minor,3,2025-05-01,6QWNu9jxNr1AqkQjJnnxtD,"MuzicUp",1A,EGA1K1805333
1415,"Ready To Let Go","Cage The Elephant",63,101,"modern rock","Rock","Social Cues",2019-04-19,03:07,72,90,1,0,75,0,0,-3,C♯/D♭,4,2025-05-01,4UyAtnwhaKv7EG1BdkBYRI,"RCA Records Label",3B,USRC11803828
1416,"Social Cues","Cage The Elephant",68,132,"modern rock","Rock","Social Cues",2019-04-19,03:39,67,91,1,0,93,0,10,-3,A,4,2025-05-01,1KuVdyg8d6NlRhbpHxg5UF,"RCA Records Label",11B,USRC11803824
1417,"Better Together","Jack Johnson",77,110,"surf rock","Rock","In Between Dreams",2005-01-01,03:27,87,35,30,0,66,0,10,-9,F,4,2025-05-01,2iXdwVdzA0KrI2Q0iZNJbX,"Jack Johnson",7B,USMC60400027
1418,"Teery Ya Teyara","Fairuz",29,86,"","","Bent El Hares",1967-01-01,03:23,51,22,75,0,46,0,10,-11,F minor,4,2025-05-01,1DYKTZgrkUvPWeD7t7jaxg,"Modissa - Randa Phone",4A,QZ4UU1821094
1419,"Ana Le Habiby","Fairuz",55,93,"","","Ya Reit",1995-01-01,03:02,43,26,73,0,32,0,30,-9,E minor,4,2025-05-01,7cjCNwAwKNjgxfjt1TzK4e,"Modissa - Randa Phone",9A,QZ4UU1801265
1420,"Kifak Inta","Fairuz",51,80,"","","Fairuz - Modern Favorites",2000-00-00,03:31,42,39,87,0,41,0,10,-10,E,4,2025-05-01,7JaX3X1cPBAGoTs4V1P4uy,"EMI MUSIC ARABIA",12B,AEAB29500014
1421,"Nassam Alayna El Hawa","Fairuz",59,128,"","","Bent El Hares",1967-01-01,04:03,55,33,44,0,42,0,30,-14,D,4,2025-05-01,7BXhyXma11NSNQlQDZOgiN,"Modissa - Randa Phone",10B,QZ4UU1794325
1422,"Saalouny El Nas","Fairuz",60,99,"","","Emany Satea",1973-01-01,03:32,58,27,73,0,32,0,20,-13,F minor,4,2025-05-01,2ea6bt302Bq8Hiulp8Bn2C,"Modissa - Randa Phone",4A,QZ4UU1800268
1423,"Cocoon","Milky Chance",53,114,"","","Blossom (Deluxe)",2017-03-17,04:15,74,66,10,0,80,0,0,-7,A#/B♭,4,2025-05-01,0L87MffumRNWrY2SNUFcvs,"Vertigo Berlin",6B,DEVP21600001
1424,"Stolen Dance","Milky Chance",5,114,"","","Sadnecessary",2013-05-31,05:13,89,58,43,0,73,0,0,-9,B,4,2025-05-01,2jiPHbFX5XM8TjaTfYJ0eo,"Lichtdicht Records",1B,DEL211300741
1425,"Guilty - 2001 Remastered Version","George Shearing",0,122,"cool jazz, jazz, vocal jazz","Jazz","Amelie from Montmartre (Original SoundTrack)",2001-04-23,03:13,57,19,97,24,60,0,0,-12,A minor,4,2025-05-01,7nPCEmiC48v6rjuJFLWzmR,"Parlophone (France)",8A,USCA20001513
1426,"Gimme Love","Joji",1,126,"","","Nectar",2020-09-24,03:34,48,63,70,2,7,10,20,-7,F,3,2025-05-01,5jSBnH9NyaNP5zdSB3pwgu,"88rising Music/Warner Records",7B,ZZOPM2002154
1427,"Your Man","Joji",0,118,"","","Nectar",2020-09-24,02:43,79,82,62,15,5,10,10,-9,G,4,2025-05-01,6Vgtvd7I5yopJdBuxqjBd2,"88rising Music/Warner Records",9B,ZZOPM2002291
1428,"Sanctuary","Joji",3,168,"","","Nectar",2020-09-24,03:00,55,64,39,0,33,10,30,-7,C♯/D♭,4,2025-05-01,5F1ZmucV0uJY14y2dYKePa,"88rising Music/Warner Records",3B,ZZOPM2002183
1429,"Black Madonna","Cage The Elephant",64,110,"modern rock","Rock","Social Cues",2019-04-19,03:46,71,73,0,7,97,0,0,-3,E minor,4,2025-05-01,4Y6GIje3GErVRIq1Ff5BJq,"RCA Records Label",9A,USRC11803825
1430,"Thunderstruck","AC/DC",88,134,"rock, hard rock, classic rock, rock and roll","Rock","The Razors Edge",1990-09-24,04:52,50,89,0,1,26,0,20,-5,E,4,2025-05-01,57bgtoPSgt236HzfBOd8kj,"Columbia",12B,AUAP09000014
1431,"Back In Black","AC/DC",87,188,"rock, hard rock, classic rock, rock and roll","Rock","Back In Black",1980-07-25,04:15,31,70,1,1,76,0,0,-6,A,4,2025-05-01,08mG3Y1vljYA6bvDt4Wqkj,"Columbia",11B,AUAP08000046
1432,"Highway to Hell","AC/DC",87,116,"rock, hard rock, classic rock, rock and roll","Rock","Highway to Hell",1979-07-27,03:28,57,91,6,0,42,10,10,-5,F#/G♭ minor,4,2025-05-01,2zYzyRzz6pRmhPzyfMEC8s,"Columbia",11A,AUAP07900028
1433,"Hila Hila - Bonus Track","Hamza Namira",17,150,"egyptian pop, gnawa, sholawat, khaleeji","Pop, Traditional Music, Christian","Insan",2011-07-12,04:02,65,85,59,0,73,10,30,-7,F minor,4,2025-05-01,4Mzfe688lKcflytxn8LJde,"Awakening Worldwide Ltd.",4A,USBBC1102091
1434,"CAN'T GET OVER YOU (feat. Clams Casino)","Joji,Clams Casino",1,130,"cloud rap","Hip Hop","BALLADS 1",2018-10-26,01:47,90,32,68,8,84,30,0,-9,A,4,2025-05-01,39oeKRgsLeynDIbWuXyA47,"88rising Music/Warner Records",11B,ZZOPM1800563
1435,"Come a Little Closer","Cage The Elephant",75,148,"modern rock","Rock","Melophobia",2013-10-08,03:49,44,78,3,0,30,0,10,-2,C♯/D♭ minor,4,2025-05-01,4sebUbjqbcgDSwG6PbSGI0,"RCA Records Label",12A,USRC11301144
1436,"Ain't No Rest for the Wicked","Cage The Elephant",77,156,"modern rock","Rock","Cage The Elephant (Expanded Edition)",2009-03-24,02:55,64,85,4,0,92,10,30,-7,C,4,2025-05-01,3Pzh926pXggbMe2ZpXyMV7,"Jive/Legacy",8B,USJI10900260
1437,"Punchin' Bag","Cage The Elephant",50,134,"modern rock","Rock","Tell Me I'm Pretty",2015-12-18,03:47,54,82,1,0,53,0,20,-6,D,4,2025-05-01,17Mzg40eYZh2qNDKH5pZWm,"RCA Records Label",10B,USRC11502829
1438,"Mesh Mohem","Hamza Namira",25,125,"egyptian pop, gnawa, sholawat, khaleeji","Pop, Traditional Music, Christian","Mawloud Sanat 80",2020-12-16,03:23,76,60,50,0,77,0,10,-7,A minor,4,2025-05-01,2EMyS3AOlfRHxKhdCJEqwn,"The Basement Records",8A,EGA072000782
1439,"Wa'fet Nasyet Zaman","Ahmed Mekky",0,81,"arabic rap, egyptian hip hop, mahraganat, egyptian pop","Hip Hop, Pop, Electronic","Wa'fet Nasyet Zaman",2017-12-22,05:24,50,72,44,0,34,30,60,-7,D minor,4,2025-05-01,6ifEveVxI5hlz7ceA2nvCy,"Victory Link - Mekky Records",7A,FRX281724874
1440,"Hotel California - 2013 Remaster","Eagles",86,147,"classic rock, soft rock","Rock","Hotel California (2013 Remaster)",1976-12-08,06:31,58,51,1,0,61,0,0,-9,D,4,2025-05-01,40riOy7x9W7GXjyGp4pjAv,"Rhino/Elektra",10B,USEE11300353
1441,"Haser Hesarak","Hamza Namira",16,100,"egyptian pop, gnawa, sholawat, khaleeji","Pop, Traditional Music, Christian","Insan",2011-07-12,03:45,71,61,21,0,66,0,10,-9,D minor,4,2025-05-01,6nEtGiQgeq5KFiDwTyoOLZ,"Awakening Worldwide Ltd.",7A,USBBC1102087
1442,"Wushoosh","Hamza Namira",21,110,"egyptian pop, gnawa, sholawat, khaleeji","Pop, Traditional Music, Christian","Insan",2011-07-12,03:23,81,88,31,0,95,0,0,-6,B minor,4,2025-05-01,3CAv1abJ7fqyYy1cVOPUo7,"Awakening Worldwide Ltd.",10A,USBBC1102089
1443,"Esmy Masr - Live-Bonus Track","Hamza Namira",11,129,"egyptian pop, gnawa, sholawat, khaleeji","Pop, Traditional Music, Christian","Insan",2011-07-12,02:42,41,42,87,0,31,0,60,-9,C minor,4,2025-05-01,2dn8PjzOOcmNqe7X8yoFxL,"Awakening Worldwide Ltd.",5A,USBBC1102092
1444,"Ewidooni","Hamza Namira",37,140,"egyptian pop, gnawa, sholawat, khaleeji","Pop, Traditional Music, Christian","Insan",2011-07-12,04:37,55,46,49,0,38,0,10,-7,D minor,4,2025-05-01,522yUnYnGe0Xm8U3X2neo5,"Awakening Worldwide Ltd.",7A,USBBC1102082
1445,"Balady Ya Balady","Hamza Namira",36,135,"egyptian pop, gnawa, sholawat, khaleeji","Pop, Traditional Music, Christian","Insan",2011-07-12,04:05,69,70,49,0,75,0,10,-6,E minor,4,2025-05-01,6g99OJnTGc35ESDUQV0YxN,"Awakening Worldwide Ltd.",9A,USBBC1102084
1446,"Ibn El-Watan","Hamza Namira",18,120,"egyptian pop, gnawa, sholawat, khaleeji","Pop, Traditional Music, Christian","Insan",2011-07-12,03:28,68,61,50,0,77,0,10,-7,G#/A♭ minor,4,2025-05-01,3jJScy0uBUXDGba0XR6bDt,"Awakening Worldwide Ltd.",1A,USBBC1102083
1447,"Sout","Hamza Namira",16,132,"egyptian pop, gnawa, sholawat, khaleeji","Pop, Traditional Music, Christian","Insan",2011-07-12,07:25,52,36,49,0,20,0,0,-11,G minor,4,2025-05-01,2Zx7me8l2CpLnJvDptv5zi,"Awakening Worldwide Ltd.",6A,USBBC1102090
1448,"Doori","Hamza Namira",29,140,"egyptian pop, gnawa, sholawat, khaleeji","Pop, Traditional Music, Christian","Insan",2011-07-12,04:24,64,54,37,0,52,0,20,-8,D,4,2025-05-01,6NEnIUKNlVCUwmIilhTrou,"Awakening Worldwide Ltd.",10B,USBBC1102086
1449,"Ala Bab Allah","Hamza Namira",21,125,"egyptian pop, gnawa, sholawat, khaleeji","Pop, Traditional Music, Christian","Insan",2011-07-12,03:44,53,44,37,0,34,0,10,-9,G#/A♭ minor,4,2025-05-01,4CoqDa6i5CO6U7wzpHo5xR,"Awakening Worldwide Ltd.",1A,USBBC1102088
1450,"Ya Hanah!","Hamza Namira",23,115,"egyptian pop, gnawa, sholawat, khaleeji","Pop, Traditional Music, Christian","Insan",2011-07-12,04:03,70,92,26,0,85,0,20,-5,A minor,4,2025-05-01,0jNCUePko7GbqAUvlg5xnv,"Awakening Worldwide Ltd.",8A,USBBC1102085
1451,"Hansa","Hamza Namira",31,120,"egyptian pop, gnawa, sholawat, khaleeji","Pop, Traditional Music, Christian","Insan",2011-07-12,04:21,71,88,12,0,76,0,30,-7,C minor,4,2025-05-01,0jwpLjcAJTGGIvAi8cU04W,"Awakening Worldwide Ltd.",5A,USBBC1102079
1452,"El Kessa Welly Kan","Hamza Namira",49,170,"egyptian pop, gnawa, sholawat, khaleeji","Pop, Traditional Music, Christian","Mawloud Sanat 80",2020-12-16,03:21,62,54,86,0,66,0,10,-7,C♯/D♭ minor,4,2025-05-01,1Bam7SlTs9OmOzOqKGn1sg,"The Basement Records",12A,EGA072000788
1453,"Jenny of Oldstones (Game of Thrones)","Florence + The Machine",56,46,"baroque pop","Classical, Pop","Jenny of Oldstones (Game of Thrones)",2019-04-22,03:08,27,20,93,0,17,0,0,-11,C♯/D♭ minor,4,2025-05-01,1u0THw5xaGd7sYzJEh48Lt,"EMI",12A,QMEU31905853
1454,"Photograph","Ed Sheeran",56,108,"soft pop","Pop","x (Wembley Edition)",2015-11-13,04:18,61,38,61,0,20,0,10,-10,E,4,2025-05-01,0ch8PUB8JRTMJqmdmfY46U,"Atlantic Records UK",12B,GBAHS1400094
1455,"Photograph","Ed Sheeran",88,108,"soft pop","Pop","x (Deluxe Edition)",2014-06-21,04:18,61,38,61,0,20,0,10,-10,E,4,2025-05-01,1HNkqx9Ahdgi1Ixy2xkKkL,"Atlantic Records UK",12B,GBAHS1400094
1456,"Bones in the Ocean","The Longest Johns",55,80,"sea shanties, pirate metal, folk","Folk, Metal, Traditional Music","Bones in the Ocean",2013-05-27,03:13,84,17,90,0,44,10,20,-13,C♯/D♭,3,2025-05-01,3axCgesL3rsjGzCX9ZJCTo,"The Longest Johns",3B,ushm21314947
1457,"I'd Love to Change the World - 2004 Remaster","Ten Years After",1,118,"blues rock, psychedelic rock","Blues, Rock","A Space in Time (Deluxe Version)",1971-08,03:44,38,52,20,18,37,0,10,-12,A minor,4,2025-05-01,19HjHUjCfDrEYhVSIKG6nK,"Chrysalis Records",8A,GBAYK0400087
1458,"Stairway to Heaven - Remaster","Led Zeppelin",82,82,"classic rock, rock, hard rock, rock and roll","Rock","Led Zeppelin IV (Deluxe Edition)",1971-11-08,08:02,34,34,58,0,20,0,10,-12,A minor,4,2025-05-01,5CQ30WqJwcep0pYcV4AMNc,"Atlantic Records",8A,USAT21300959
1459,"When We Were Young - Konna Wehna Soghar","Hamza Namira",14,140,"egyptian pop, gnawa, sholawat, khaleeji","Pop, Traditional Music, Christian","Dream With Me - Ehlam Ma'aya",2009-01-15,04:18,61,62,21,2,35,0,20,-6,E minor,4,2025-05-01,1cMAbF3nANWvLRMA0XZG6h,"Awakening Worldwide Ltd.",9A,USBBC0910020
1460,"La Foule ( The Crowd )","François Plaf, Blue Radio Orchestra",9,185,"","","Les chansons de Edith Piaf: Un hommage par l'Accordéon de François Plaf (Instrumental Version)",2015-11-25,03:02,31,46,43,0,56,0,10,-10,E minor,3,2025-05-01,2TOmj9Tcv87Jd9FFXkYDKb,"Blue Jango",9A,IT9T31500163
1461,"لو كان عندى جيتار Law Kan Andy Guitar","Cairokee",0,100,"egyptian pop, egyptian hip hop, arabic rap, mahraganat","Hip Hop, Pop, Electronic","وأنا مع نفسى قاعد Wana Maa Nafsy Aad",2014-01-09,03:48,60,58,42,0,45,0,10,-10,C,4,2025-05-01,30xBMO7FVcjdCdelEZsAoH,"DJ Recording",8B,uscgh1419782
1462,"Tuyo (Narcos Theme) [Extended Version] - A Netflix Original Series Soundtrack","Rodrigo Amarante",70,112,"nova mpb","Latin, Pop","Tuyo (Narcos Theme) [Extended Version] [A Netflix Original Series Soundtrack]",2018-11-16,02:31,77,50,49,37,46,0,10,-8,C♯/D♭ minor,4,2025-05-01,6g2BiiVQqY5v1S4HIrM54F,"Gaumont Télévision",12A,FR3X61800160
1463,"Tuyo (Narcos Theme) - A Netflix Original Series Soundtrack","Rodrigo Amarante",68,112,"nova mpb","Latin, Pop","Tuyo (Narcos Theme) [A Netflix Original Series Soundtrack]",2015-09-18,01:29,72,42,47,8,55,0,10,-13,C♯/D♭ minor,4,2025-05-01,6Dc2tCivms1s2X9myWe4ni,"Gaumont Télévision",12A,USLS51551202
1464,"Fady Shewaya","Hamza Namira",54,97,"egyptian pop, gnawa, sholawat, khaleeji","Pop, Traditional Music, Christian","Mawloud Sanat 80",2020-12-16,03:51,48,49,80,0,27,10,10,-8,C♯/D♭,4,2025-05-01,3qRGs7H1bPfshHh19syRKQ,"The Basement Records",3B,EGA072000801
1465,"Ahkeelak Khoofy","Hamza Namira",21,156,"egyptian pop, gnawa, sholawat, khaleeji","Pop, Traditional Music, Christian","Mawloud Sanat 80",2020-12-16,03:40,66,58,28,0,71,0,20,-7,G minor,4,2025-05-01,2FdeXFUUuOfDPEwaN8r95f,"The Basement Records",6A,EGA072000783
1466,"Wellerman","The Longest Johns",0,97,"sea shanties, pirate metal, folk","Folk, Metal, Traditional Music","Between Wind and Water",2018-06-07,02:18,82,44,70,0,82,20,20,-7,D#/E♭,4,2025-05-01,3oUuRNgyIuiqVTWLCChp3s,"The Longest Johns",5B,UKPGJ1800016
1467,"Neaady El Sharea Sawa","Cairokee",0,115,"egyptian pop, egyptian hip hop, arabic rap, mahraganat","Hip Hop, Pop, Electronic","Nas W Nas",2015-03-30,04:42,70,37,61,0,40,0,10,-11,C,4,2025-05-01,2cLil0sq9cIMcAyBFLJwGY,"Dj Recording",8B,uscgj1501162
1468,"Kol Haga Betaady","Cairokee",0,88,"egyptian pop, egyptian hip hop, arabic rap, mahraganat","Hip Hop, Pop, Electronic","Nas W Nas",2015-03-30,03:21,80,49,44,0,71,0,10,-8,G#/A♭ minor,4,2025-05-01,4Zv6sGqql0ASS1yMaBGBz0,"Dj Recording",1A,uscgj1501161
1469,"Neaady El Sharea Sawa Studio Session","Cairokee",0,106,"egyptian pop, egyptian hip hop, arabic rap, mahraganat","Hip Hop, Pop, Electronic","Cairokee Studio Session",2020-04-22,06:15,65,16,93,0,22,0,10,-15,C,4,2025-05-01,2YTzIcaNv9BZZN5YLTkQ9k,"Takwene",8B,EGA252005106
1470,"Facebooky","Ahmed Mekky",38,111,"arabic rap, egyptian hip hop, mahraganat, egyptian pop","Hip Hop, Pop, Electronic","Facebooky",2011-08-30,05:01,64,88,33,0,74,20,0,-5,A,5,2025-05-01,0kvX3XoSKkzDKxQV1Lpf1g,"Roznama Music",11B,ushm81138172
1471,"Aghla Men Al Yaqout","Ahmed Mekky",0,84,"arabic rap, egyptian hip hop, mahraganat, egyptian pop","Hip Hop, Pop, Electronic","Aghla Men Al Yaqout",2018-09-18,04:35,70,54,52,0,73,20,10,-10,G#/A♭ minor,4,2025-05-01,2BPCeosLLWCMVKfZn3hZzF,"Victory Link",1A,QZ4UU1801742
1472,"Dari Ya Alby","Hamza Namira",59,78,"egyptian pop, gnawa, sholawat, khaleeji","Pop, Traditional Music, Christian","Dari Ya Alby",2018-02-08,04:30,50,48,90,0,77,0,10,-13,G#/A♭ minor,4,2025-05-01,03OoXcz5TPOCyU6RTR1bgk,"Namira Productions",1A,uscgh1881924
1473,"Ma'lesh","Hamza Namira",39,104,"egyptian pop, gnawa, sholawat, khaleeji","Pop, Traditional Music, Christian","Mawloud Sanat 80",2020-12-16,03:28,66,80,59,0,81,0,10,-8,D,4,2025-05-01,1ztJ9Vd0WQjOaGmhNGi3P9,"The Basement Records",10B,EGA072000787
1474,"Can't Take My Eyes off You","Frankie Valli",81,124,"","","Solo",1967-00-00,03:23,58,78,51,0,56,0,0,-7,E,4,2025-05-01,0bfvHnWWOeU1U5XeKyVLbW,"Rhino",12B,USRH11000238
1475,"The Night We Met","Lord Huron",91,174,"","","Strange Trails",2015-04-06,03:28,45,37,97,27,10,0,60,-10,A,3,2025-05-01,3hRV0jL3vUpRrcy398teAU,"Play It Again Sam",11B,US53Q1200103
1476,"I'm Down - Remastered 2009","The Beatles",44,82,"classic rock, psychedelic rock","Rock","Past Masters (Vols. 1 & 2 / Remastered)",1988-03-07,02:33,44,81,56,0,94,0,70,-8,G,4,2025-05-01,5ovYFa8Em47SgPmhBlZb5N,"EMI Catalogue",9B,GBAYE0801396
1477,"Imagine - Remastered 2010","John Lennon",79,76,"christmas","Pop","Imagine",1971-09-09,03:07,55,26,91,18,17,0,0,-12,C,4,2025-05-01,7pKfPomDEeI4TPT6EOYjn9,"EMI Catalogue",8B,GBAYE1000769
1478,"Betlomouny Leih","Abdel Halim Hafez",44,130,"egyptian pop, khaleeji","Pop","Aghany Film Hekayet Hob",1958-12-31,08:29,38,22,85,0,38,0,10,-11,D,4,2025-05-01,2VwqTz304YseLtNW8RjoyG,"Abdel Halim Hafez",10B,EGA020501099
1479,"Qareat Al Fengan","Abdel Halim Hafez",43,101,"egyptian pop, khaleeji","Pop","Qareat Al Fengan",1975-12-31,43:29,35,22,86,1,22,0,10,-16,A#/B♭ minor,4,2025-05-01,0txTDd6eTzY98NVn6FtMcp,"Abdel Halim Hafez",3A,EGA020500583
1480,"El Hawa Hawaya","Abdel Halim Hafez",40,143,"egyptian pop, khaleeji","Pop","Aghany Film Aby Fawk Al Shagara",1968-12-31,07:36,32,33,92,0,60,0,40,-13,F,4,2025-05-01,62DsoVTFYVuDJ3sAUSvLLX,"Abdel Halim Hafez",7B,EGA020500807
1481,"Hey You","Pink Floyd",76,112,"progressive rock, psychedelic rock, classic rock, symphonic rock, art rock, rock","Rock","The Wall",1979-11-30,04:38,59,30,22,0,19,0,10,-15,C,4,2025-05-01,7F02x6EKYIQV3VcTaTm7oN,"Pink Floyd Records",8B,GBN9Y1100108
1482,"Youth","Ásgeir",0,110,"","","Bury The Moon",2020-02-07,03:30,57,64,35,14,42,0,10,-9,A minor,4,2025-05-01,49x8gXvsmkkDiji37pu4sq,"One Little Independent Records",8A,GBBTF1900257
1483,"Think About Things","Daði Freyr",3,127,"","","Think About Things",2020-04-09,02:53,87,34,3,0,61,0,0,-9,D#/E♭ minor,4,2025-05-01,2iRniYXjMHKmwXqA2jYXP7,"Samlist",2A,ISV442020901
1484,"If it Ain't Broke","Whitey Morgan and the 78's",0,110,"red dirt, honky tonk, alt country, southern rock, country rock, texas country","Country, Rock","Honky Tonks and Cheap Motels",2008-09-12,04:37,63,71,4,1,70,0,10,-5,G,4,2025-05-01,7juNE71Bgbx6r80bavz1H2,"Small Stone Records Co.",9B,US22K0810085
1485,"Ew","Joji",0,114,"","","Nectar",2020-09-24,03:27,48,37,80,7,4,0,10,-9,A#/B♭,4,2025-05-01,3Nc86B5XmDlG1KuEeSLD8x,"88rising Music/Warner Records",6B,ZZOPM2002277
1486,"Gana El Hawa","Abdel Halim Hafez",49,101,"egyptian pop, khaleeji","Pop","Aghany Film Aby Fawk Al Shagara",1968-12-31,11:18,38,24,86,0,30,0,50,-14,C,4,2025-05-01,6AR5jzIkmEjCs92cRUscML,"Abdel Halim Hafez",8B,EGA020500808
1487,"Girl from the North Country","Bob Dylan,Johnny Cash",69,119,"folk rock, folk, singer-songwriter, roots rock, country rock, country","Country, Rock, Folk","Nashville Skyline",1969-04-09,03:40,61,14,84,0,31,0,10,-23,G,4,2025-05-01,4K1imZQQ0yKtJ40vGmUajS,"Columbia",9B,USSM16301119
1488,"Must Be Santa","Bob Dylan",32,146,"folk rock, folk, singer-songwriter, roots rock, country rock","Country, Rock, Folk","Christmas In The Heart",2009-10-13,02:48,60,99,29,0,73,0,40,-4,B,4,2025-05-01,26H5lCAcFqSSZHGi5iFm71,"Columbia",1B,USSM10904557
1489,"Idiot Wind","Bob Dylan",50,157,"folk rock, folk, singer-songwriter, roots rock, country rock","Country, Rock, Folk","Blood On The Tracks",1975-01-17,07:47,43,54,35,0,62,0,10,-13,G,4,2025-05-01,1nbGN4N63uCQq0pCIs3kIf,"Columbia",9B,USSM19906471
1490,"Down the Highway","Bob Dylan",50,138,"folk rock, folk, singer-songwriter, roots rock, country rock","Country, Rock, Folk","The Freewheelin' Bob Dylan",1963-05-27,03:24,47,14,66,0,42,0,10,-21,G,3,2025-05-01,7fzLfsWsXVvStzsk9yRfbG,"Columbia",9B,USSM19922900
1491,"Save Me - Remastered 2011","Queen",60,82,"classic rock, rock, glam rock","Rock","The Game (2011 Remaster)",1980-06-27,03:49,51,45,36,0,32,0,10,-7,G,3,2025-05-01,1pBFEy8cz0Fq4Pru0c4awd,"EMI",9B,GBUM71029611
1492,"Eight Days A Week - Remastered 2015","The Beatles",52,139,"classic rock, psychedelic rock","Rock","1 (Remastered)",2000-11-13,02:43,64,68,27,0,84,0,20,-6,A,4,2025-05-01,5ylLypaOksxWd75YrGtx2N,"UMC (Universal Music Catalogue)",11B,GBUM71505893
1493,"Married Life","Michael Giacchino",67,83,"soundtrack","Classical, Easy Listening","Up (Original Motion Picture Soundtrack)",2009-01-01,04:10,28,7,97,73,11,0,0,-21,C,3,2025-05-01,7iocNjLrxPHLl8njgRlv5U,"Walt Disney Records",8B,USWD10936421
1494,"أمي","Rachid Aseyakhe",6,84,"","","أمي",2020-09-02,03:57,76,8,40,0,39,0,10,-17,A,4,2025-05-01,5M3853S20j9pqq2DiENI1u,"2234596 Records DK",11B,QZK6J2047024
1495,"في مهب الريح","Rachid Aseyakhe",6,90,"","","بالعربي 1",2020-11-10,03:27,62,35,35,0,70,0,40,-15,E,3,2025-05-01,4fIcFpB9IQHH9CCQb1tgnb,"2234596 Records DK",12B,QZNWS2034865
1496,"ما أجمل الحياة","Rachid Aseyakhe",36,171,"","","بالعربي 1",2020-11-10,04:07,64,44,16,0,50,0,10,-13,C♯/D♭,4,2025-05-01,0G1TcY4rQqcFv0CESIMrn4,"2234596 Records DK",3B,QZNWS2034864
1497,"Mawloud Sanat 80","Hamza Namira",28,115,"egyptian pop, gnawa, sholawat, khaleeji","Pop, Traditional Music, Christian","Mawloud Sanat 80",2020-12-16,03:34,65,82,5,0,57,0,30,-5,D,4,2025-05-01,6V9EdasPyacHCggWo6C26K,"The Basement Records",10B,EGA072000785
1498,"SLOW DANCING IN THE DARK","Joji",11,89,"","","BALLADS 1",2018-10-26,03:29,52,48,54,1,28,0,10,-7,D#/E♭,4,2025-05-01,0rKtyWc8bvkriBthvHKY8d,"88rising Music/Warner Records",5B,ZZOPM1800452
1499,"YEAH RIGHT","Joji",5,169,"","","BALLADS 1",2018-10-26,02:54,67,59,62,24,20,10,10,-10,C♯/D♭,4,2025-05-01,1VGzxJnVQND7Cg5H5wGj14,"88rising Music/Warner Records",3B,USUYG1194991
1500,"Somebody That I Used To Know","Gotye,Kimbra",84,129,"","","Making Mirrors",2011-01-01,04:04,87,52,55,0,75,0,10,-7,C,4,2025-05-01,1qDrWA6lyx8cLECdZE7TV7,"Universal-Island Records Ltd.",8B,AUZS21100040
1501,"Hey There Delilah","Plain White T's",81,104,"","","All That We Needed",2005-01-25,03:52,66,29,87,0,30,0,10,-11,D,4,2025-05-01,4RCWB3V8V0dignt99LZ8vH,"Fearless Records",10B,US5260507213
1502,"1, 2, 3, 4","Plain White T's",59,91,"","","Big Bad World",2008-01-01,03:18,46,55,57,0,56,0,10,-7,D,4,2025-05-01,5VWmMZCfJ4yVkJw9ZLFXej,"Hollywood Records",10B,USHR10824091
1503,"The Giving Tree","Plain White T's",49,151,"","","Should've Gone to Bed - EP",2013-04-09,03:06,57,60,83,0,87,0,20,-11,G#/A♭,4,2025-05-01,5NSmVuhSf3JxrCewijurpf,"Humans Were Here",4B,TCADR1801348
1504,"Upgrade","Joji",0,160,"","","Nectar",2020-09-25,01:29,68,42,90,3,59,10,10,-11,C minor,4,2025-05-01,5xNNJKrjobta5ksOpMLYd1,"88rising Music/Warner Records",5A,ZZOPM2002172
1505,"Ya Habayebna - Live","Sheikh Imam",20,140,"","","Aghany El Sheikh Emam, Vol. 1",1992-01-01,04:22,55,51,91,0,44,0,30,-7,B,4,2025-05-01,6K2FMGPbGQBAQ64wcd2LQF,"Modissa - Moon Sound",1B,EGA001013632
1506,"Simple Twist of Fate","Bob Dylan",59,137,"folk rock, folk, singer-songwriter, roots rock, country rock","Country, Rock, Folk","Blood On The Tracks",1975-01-17,04:16,41,26,67,0,36,0,10,-16,E,4,2025-05-01,3wAX3qn53iQUFE84hpfeen,"Columbia",12B,USSM19906469
1507,"Like You Do","Joji",2,66,"","","Nectar",2020-09-24,04:00,58,20,95,1,8,0,10,-10,A#/B♭,4,2025-05-01,3xo4Q43ei0ypZOvd2W1IqZ,"88rising Music/Warner Records",6B,ZZOPM2002290
1508,"Devil Town","Cavetown",74,100,"bedroom pop","Pop","Cavetown",2015-11-09,02:59,58,76,12,0,50,0,10,-8,D#/E♭,4,2025-05-01,0vf2eBw2inhl8y61cYQMv2,"Oat Milk Industries and Many Hats Endeavors",5B,TCADM1818860
1509,"Touch","Mattia Cupelli",41,122,"","","EP I",2019-12-26,03:13,47,17,98,95,13,0,10,-26,D#/E♭ minor,3,2025-05-01,2Rhu9OMGfQC6VD0Sfkj88q,"MC records",2A,TCACU1609979
1510,"Tangled up in Blue","Bob Dylan",64,101,"folk rock, folk, singer-songwriter, roots rock, country rock","Country, Rock, Folk","Blood On The Tracks",1975-01-17,05:41,42,66,41,0,55,0,10,-13,A,4,2025-05-01,6Vcwr9tb3ZLO63F8DL8cqu,"Columbia",11B,USSM19906468
1511,"Heavydirtysoul","Twenty One Pilots",74,130,"","","Blurryface",2015-05-15,03:54,61,87,0,0,39,0,30,-6,G minor,4,2025-05-01,7i9763l5SSfOnqZ35VOcfy,"Fueled By Ramen",6A,USAT21500596
1512,"Somebody To Love - Remastered 2011","Queen",77,109,"classic rock, rock, glam rock","Rock","A Day At The Races (Deluxe Edition 2011 Remaster)",1976-12-10,04:56,41,70,19,0,33,0,20,-7,G#/A♭,3,2025-05-01,4rDbp1vnvEhieiccprPMdI,"EMI",4B,GBUM71029613
1513,"Shallow","Lady Gaga,Bradley Cooper",86,96,"art pop, pop, ","Pop","A Star Is Born Soundtrack",2018-10-05,03:35,58,39,37,0,33,0,20,-6,G,4,2025-05-01,2VxeLyX666F8uXCJ0dZF8B,"A Star is Born OST",9B,USUM71813192
1514,"Million Reasons","Lady Gaga",78,130,"art pop, pop","Pop","Joanne (Deluxe)",2016-10-21,03:25,67,42,49,0,15,0,10,-8,C,4,2025-05-01,7dZ1Odmx9jWIweQSatnRqo,"Interscope",8B,USUM71609736
1515,"La foule","Édith Piaf",63,90,"chanson, variété française, french jazz","Folk, Traditional Music, Jazz, Pop","de l'accordeoniste a milord",1986-00-00,02:58,48,39,78,0,61,0,10,-9,E minor,3,2025-05-01,2xZfPZxInlDXDKc6NDts8Z,"Capitol Records",9A,FRZ115700070
1516,"Mystery of Love","Sufjan Stevens",73,132,"chamber pop, baroque pop","Classical, Pop","Mystery of Love",2017-12-01,04:08,37,27,94,43,24,0,10,-17,E minor,5,2025-05-01,5GbVzc6Ex5LYlLJqzRQhuy,"Masterworks",9A,US64G1737302
1517,"I've Never Been There","Yann Tiersen",62,100,"","","Cascade Street",1996-00-00,01:35,64,38,93,34,77,0,40,-7,G,4,2025-05-01,6UKrqWqzDTCYBCH2OXAMC3,"Ici d'ailleurs",9B,FR24Q9639001
1518,"Dispute","Yann Tiersen",54,133,"","","The Lighthouse - Everything's Calm",2013-01-21,04:14,47,2,99,10,8,0,10,-18,C minor,3,2025-05-01,5if9Gp2EOljpMb8MK1NnMW,"Ici d'ailleurs",5A,FR24Q9839021
1519,"The Drowned Girl - Edit","Yann Tiersen",51,139,"","","The Lighthouse",1998-00-00,02:03,53,21,83,93,94,0,0,-9,G,3,2025-05-01,03fImIJ7r7he62QmwI1Tyv,"Yann Tiersen - Ici, d'ailleurs...",9B,FR24Q9839032
1520,"Not That Simple","Yann Tiersen",51,180,"","","Cascade Street",1996-00-00,01:54,40,55,70,88,51,0,0,-12,G,3,2025-05-01,1JkIIANK4UJnw3fEMfZrx1,"Ici d'ailleurs",9B,FR24Q9639003
1521,"Porz Goret","Yann Tiersen",54,153,"","","EUSA",2016-09-30,04:56,24,12,96,93,8,0,10,-24,C♯/D♭,3,2025-05-01,3nXpsXtbeZkyu1iuOgbeQK,"Mute",3B,FRPAH1600040
1522,"If You See Her, Say Hello","Bob Dylan",50,103,"folk rock, folk, singer-songwriter, roots rock, country rock","Country, Rock, Folk","Blood On The Tracks",1975-01-17,04:48,38,22,77,0,47,0,0,-17,D,4,2025-05-01,3xNO6JUk9ySYjxuqzcZYRB,"Columbia",10B,USSM19906475
1523,"Shelter from the Storm","Bob Dylan",62,107,"folk rock, folk, singer-songwriter, roots rock, country rock","Country, Rock, Folk","Blood On The Tracks",1975-01-17,05:01,49,24,41,0,61,0,0,-17,E,4,2025-05-01,3y4Uza6K58JXQ7RYya8ZI5,"Columbia",12B,USSM19906476
1524,"La valse des vieux os","Yann Tiersen",0,122,"","","Amelie from Montmartre (Original SoundTrack)",2001-04-23,02:20,48,25,93,3,45,0,20,-11,D#/E♭ minor,3,2025-05-01,5TZJOv5C8UQAc5QcSHOEt4,"Parlophone (France)",2A,FR91U0100006
1525,"Not That Simple","Yann Tiersen",0,180,"","","Amelie from Montmartre (Original SoundTrack)",2001-04-23,01:52,39,49,67,83,50,0,0,-14,G,3,2025-05-01,73fNKeGKjWJ7jY7Yr6c2Ut,"Parlophone (France)",9B,FR24Q9639003
1526,"Jessica","Youssra El Hawary",13,112,"","","No'oum Nasyeen",2017-12-05,02:56,83,59,61,0,90,0,10,-5,A minor,4,2025-05-01,1jpsAw6gUedyd6wE7OtdiU,"Dj Recording",8A,QMEU31723379
1527,"Ghareeb An El Medina - Brenk Sinatra Remix","Youssra El Hawary,Brenk Sinatra",0,100,"","","Sawtuha",2014-01-24,03:21,69,63,12,0,43,0,20,-7,F minor,4,2025-05-01,4BI8zOW42AGSfGbTl8kC2v,"Jakarta",4A,DEQ121422800
1528,"Shai Belaban","Youssra El Hawary",17,121,"","","No'oum Nasyeen",2017-12-05,02:48,68,33,83,0,63,0,0,-10,G minor,4,2025-05-01,2catWftASm24AiSXjUqVIw,"Dj Recording",6A,QMEU31723382
1529,"Bas Kollo Yehoon","Youssra El Hawary",22,125,"","","No'oum Nasyeen",2017-12-05,03:29,54,41,69,0,51,0,0,-9,D,4,2025-05-01,4cYEWHdPApieOVyX5ALWwV,"Dj Recording",10B,QMEU31723378
1530,"El Soor","Youssra El Hawary",18,108,"","","Speed Sisters (Music from the Feature Documentary Film)",2016-06-01,02:47,58,13,85,0,77,0,0,-11,G minor,4,2025-05-01,2sIc3hyVbVPGrvrxdMkHrf,"SocDoc Studios LLC",6A,usdy41640386
1531,"Girl from the North Country","Bob Dylan",61,102,"folk rock, folk, singer-songwriter, roots rock, country rock","Country, Rock, Folk","The Freewheelin' Bob Dylan",1963-05-27,03:19,54,12,88,0,31,0,10,-20,A#/B♭,4,2025-05-01,739sLmfUkVFoyPtb0C3263,"Columbia",6B,USSM19922898
1532,"Don't Think Twice, It's All Right","Bob Dylan",74,111,"folk rock, folk, singer-songwriter, roots rock, country rock","Country, Rock, Folk","The Freewheelin' Bob Dylan",1963-05-27,03:37,60,24,89,0,47,0,20,-17,E,4,2025-05-01,2WOjLF83vqjit2Zh4B69V3,"Columbia",12B,USSM19922903
1533,"A Hard Rain's A-Gonna Fall","Bob Dylan",64,92,"folk rock, folk, singer-songwriter, roots rock, country rock","Country, Rock, Folk","The Freewheelin' Bob Dylan",1963-05-27,06:52,57,20,92,0,32,0,10,-19,E,4,2025-05-01,7ny2ATvjtKszCpLpfsGnVQ,"Columbia",12B,USSM16201242
1534,"Hurricane","Bob Dylan",73,136,"folk rock, folk, singer-songwriter, roots rock, country rock","Country, Rock, Folk","Desire",1976-01-16,08:32,51,83,4,0,74,0,10,-8,C,4,2025-05-01,1lqMLr9Wj7SM2F9AikGcxN,"Columbia",8B,USSM17500791
1535,"You're a Big Girl Now","Bob Dylan",50,75,"folk rock, folk, singer-songwriter, roots rock, country rock","Country, Rock, Folk","Blood On The Tracks",1975-01-17,04:32,60,31,80,0,41,0,0,-17,G,4,2025-05-01,4ukHl5HFRNARRnIWc4Oj83,"Columbia",9B,USSM19906470
1536,"X Gon' Give It To Ya","DMX",73,95,"east coast hip hop, hardcore hip hop","Hip Hop","The Definition Of X: Pick Of The Litter",2007-06-12,03:37,76,90,1,0,67,10,0,-3,A#/B♭ minor,4,2025-05-01,1zzxoZVylsna2BQB65Ppcb,"RAL",3A,USDJ20201342
1537,"Blowin' in the Wind","Bob Dylan",75,175,"folk rock, folk, singer-songwriter, roots rock, country rock","Country, Rock, Folk","The Freewheelin' Bob Dylan",1963-05-27,02:45,38,10,91,0,44,0,0,-21,D,4,2025-05-01,18GiV1BaXzPVYpp9rmOg0E,"Columbia",10B,USSM19900534
1538,"Shake It Off","Taylor Swift",82,160,"","","1989 (Deluxe)",2014-01-01,03:39,65,80,6,0,94,10,30,-5,G,4,2025-05-01,0cqRj7pUJDkTCEsJkx8snD,"Big Machine Records, LLC",9B,USCJY1431349
1539,"Blank Space","Taylor Swift",83,96,"","","1989 (Deluxe)",2014-01-01,03:51,76,70,10,0,57,0,0,-5,F,4,2025-05-01,1u8c2t2Cy7UBoG4ArRcF5g,"Big Machine Records, LLC",7B,USCJY1431309
1540,"Les Jours tristes - Instrumental","Yann Tiersen",0,100,"","","Amelie from Montmartre (Original SoundTrack)",2001-04-23,03:03,73,34,81,19,95,0,0,-8,G minor,3,2025-05-01,5UcdRs05X6lBB6UnL9EIP7,"Parlophone (France)",6A,FRS940100022
1541,"Just Me and You","Dreamliners",0,197,"","","Southwest Side Story",2017-04-21,02:26,23,26,73,0,21,0,10,-8,F,3,2025-05-01,728xXyD2poYrwGXpONVSsf,"Numero Group",7B,USCW61600813
1542,"Aho Dh Elly Sar","Ali El Haggar",43,90,"egyptian pop","Pop","Tegeesh Naeesh",2014-12-29,03:57,46,37,82,0,59,0,10,-13,F minor,4,2025-05-01,0AouGKWupqGKY8iE8vaAia,"Moseeqa",4A,FR59R1492367
1543,"Chidi El Hizam","Sayed Darwish",25,86,"","","Best of Sayed Darwish",2011-04-11,03:34,55,26,100,2,58,0,20,-9,G,4,2025-05-01,62lSisZeq3ZzEkH3X7ocok,"Jasmine Music",9B,VGA011113131
1544,"Zourouni Kouli Sanah Marah","Sayed Darwish",42,97,"","","Best of Sayed Darwish",2011-04-11,02:21,51,27,96,3,44,0,30,-12,G#/A♭,4,2025-05-01,5ZULv6JBpj8eS4T2Pa4UVE,"Jasmine Music",4B,VGA011113149
1545,"Ana Hawit","Sayed Darwish",21,72,"","","Best of Sayed Darwish",2011-04-11,24:55,24,47,99,5,48,0,40,-6,E,4,2025-05-01,2oWyK7CVEgSkJPF1n25JeH,"Jasmine Music",12B,VGA011113129
1546,"Bos Bos","Hamza Namira",0,115,"egyptian pop, gnawa, sholawat, khaleeji","Pop, Traditional Music, Christian","Hateer Min Tany",2018-01-01,03:45,74,87,53,0,97,0,20,-6,E minor,4,2025-05-01,4EBh6YhCVjgEx0zhbJT48b,"MuzicUp",9A,EGA1K1800016
1547,"Otherside","Red Hot Chili Peppers",84,123,"funk rock, alternative rock, rock","Rock, R&B","Californication (Deluxe Edition)",1999-06-08,04:15,46,80,0,0,51,0,0,-3,C,4,2025-05-01,64BbK9SFKH2jk86U3dGj2P,"Warner Records",8B,USWB19900693
1548,"Californication","Red Hot Chili Peppers",86,96,"funk rock, alternative rock, rock","Rock, R&B","Californication (Deluxe Edition)",1999-06-08,05:29,59,77,0,0,33,0,10,-3,A minor,4,2025-05-01,48UPSzbZjgc449aqz8bxox,"Warner Records",8A,USWB19900690
1549,"Love Story","Taylor Swift",76,119,"","","Fearless (Big Machine Radio Release Special)",2008-11-11,03:56,62,74,13,0,31,0,0,-4,D,4,2025-05-01,1D4PL9B8gOg78jiHg3FvBb,"Big Machine Records, LLC",10B,USCJY0803275
1550,"Hallelujah","Jeff Buckley",73,97,"","","Grace",1994-00-00,06:53,32,14,93,0,8,0,10,-10,C,3,2025-05-01,3pRaLNL3b8x5uBOcsgvdqM,"Columbia/Legacy",8B,USSM19400915
1551,"Wonderful Tonight","Eric Clapton",23,95,"blues, blues rock, classic rock","Blues, Rock","Timeless Love Songs",2018-02-09,03:42,57,34,36,0,40,0,20,-11,G,4,2025-05-01,3rrdf6nRyxpbV2On9fCnIf,"Universal Music Group International",9B,NLF057790025
1552,"Ya Muhawwin","Hamza Namira",20,140,"egyptian pop, gnawa, sholawat, khaleeji","Pop, Traditional Music, Christian","Insan",2011-07-12,04:24,62,61,52,0,74,0,10,-9,D minor,4,2025-05-01,4C9SRMN1I6CvQaDxixAodX,"Awakening Worldwide Ltd.",7A,USBBC1102081
1553,"Taghreeba II (Tazkarti)","Hamza Namira",41,105,"egyptian pop, gnawa, sholawat, khaleeji","Pop, Traditional Music, Christian","Insan",2011-07-12,03:23,73,79,52,0,74,0,0,-6,E minor,4,2025-05-01,5aYAg5rzMSsIZizgoEOXLf,"Awakening Worldwide Ltd.",9A,USBBC1102080
1554,"El-Midan","Hamza Namira",19,84,"egyptian pop, gnawa, sholawat, khaleeji","Pop, Traditional Music, Christian","Insan",2011-07-12,04:35,27,43,74,0,24,0,10,-6,G,1,2025-05-01,1SlGLp9p88Sv3OdNUXE63A,"Awakening Worldwide Ltd.",9B,USBBC1102078
1555,"Tighten Up Your Belt - Shedd El Hizam","Hamza Namira",15,180,"egyptian pop, gnawa, sholawat, khaleeji","Pop, Traditional Music, Christian","Dream With Me - Ehlam Ma'aya",2009-01-15,04:26,54,69,62,0,64,0,0,-6,B minor,4,2025-05-01,2PiXdZ24L0Kep6pYVCqmvp,"Awakening Worldwide Ltd.",10A,USBBC0910022
1556,"The Green","Chris James",0,138,"","","The Green",2020-08-12,02:49,73,34,45,0,40,0,10,-8,D#/E♭,4,2025-05-01,5okMHvvzyOutS2LJB9sE9B,"Chris James",5B,ushm82081884
1557,"La valse d'Amélie","Yann Tiersen",0,192,"","","Amelie from Montmartre (Original SoundTrack)",2001-04-23,02:15,43,56,71,28,86,0,10,-9,A minor,3,2025-05-01,01Q55Xv60Gr56abx5ad5vK,"Parlophone (France)",8A,FR91U0100001
1558,"Wala Sohba Ahla","Hamza Namira",0,57,"egyptian pop, gnawa, sholawat, khaleeji","Pop, Traditional Music, Christian","Hateer Min Tany",2018-01-01,03:36,31,15,93,0,28,0,0,-14,A minor,4,2025-05-01,1QZ28jVDZptzrC83wQCDu0,"MuzicUp",8A,EGA1K1800020
1559,"Insan","Hamza Namira",40,95,"egyptian pop, gnawa, sholawat, khaleeji","Pop, Traditional Music, Christian","Insan",2011-07-12,03:31,61,59,62,0,51,0,20,-7,G#/A♭,4,2025-05-01,4VsCfkhUCHxr5LXwgHKPqe,"Awakening Worldwide Ltd.",4B,USBBC1102076
1560,"Dream With Me - Ehlam Ma'aya","Hamza Namira",32,130,"egyptian pop, gnawa, sholawat, khaleeji","Pop, Traditional Music, Christian","Dream With Me - Ehlam Ma'aya",2009-01-15,03:33,53,60,48,0,17,0,20,-6,E minor,4,2025-05-01,4qf6wsK5nmosyd5uj4MlpY,"Awakening Worldwide Ltd.",9A,USBBC0910019
1561,"Ya Abyad Ya Eswed","Cairokee",0,130,"egyptian pop, egyptian hip hop, arabic rap, mahraganat","Hip Hop, Pop, Electronic","The Ugly Ducklings",2019-03-21,04:35,92,78,37,0,91,0,10,-6,C♯/D♭,4,2025-05-01,7MJGLlPFKG1g2p4Sa5gZog,"Modissa - Cairokee",3B,QZ4UU1900304
1562,"Ana El Sout","Cairokee",0,133,"egyptian pop, egyptian hip hop, arabic rap, mahraganat","Hip Hop, Pop, Electronic","The Ugly Ducklings",2019-03-21,03:44,43,37,30,0,42,0,0,-9,D#/E♭ minor,5,2025-05-01,0ENBAKftJKgGpJpVHKdNvi,"Modissa - Cairokee",2A,QZ4UU1900309
1563,"Happy Together","The Turtles",77,120,"","","Happy Together",1967-00-00,02:56,58,37,55,0,59,0,0,-10,F#/G♭ minor,4,2025-05-01,1JO1xLtVc8mWhIoE3YaCL0,"Flo & Eddie, Inc.",11A,USA560587940
1564,"Life Is A Highway","Tom Cochrane",65,103,"","","Mad Mad World (Deluxe)",1991-09-19,04:26,68,90,5,0,75,0,20,-3,F,4,2025-05-01,7jIFGkTBIK1UwWaEXMW2Nh,"Universal Music Canada",7B,CAUM71600209
1565,"A Girl Within My Soul","Abdulrahman Mohammed,Mohab Omer",63,130,"khaleeji","Pop","A Girl Within My Soul",2014-03-11,06:31,59,31,94,3,24,0,10,-9,F minor,4,2025-05-01,2LT201aq632QgRQqLWFN5O,"Abdulrahman Mohammed & Mohab Omer",4A,TCABU1486170
1566,"Ghorabaa","Nour Khan,Abdalla Elabd",12,75,"","","Ghorabaa",2013-09-16,04:37,30,25,95,0,15,0,10,-11,A#/B♭ minor,4,2025-05-01,2aDnxX0ckLbn28XxsuZ4DB,"NK Records",3A,QZHNB2094669
1567,"Ya Mn Hawah","Breaking the Boundaries,Abdulrahman Mohammed",61,125,"khaleeji","Pop","Ya Mn Hawah",2014-02-01,04:49,54,56,18,0,24,0,10,-6,G minor,4,2025-05-01,6nIABFnyWmAB2gdEja8mqX,"Breaking the Boundaries & Abdulrahman Mohammed",6A,TCACB1426014
1568,"Kolo Laha","Abdulrahman Mohammed,Khalid Barzanji",60,116,"khaleeji","Pop","Kolo Laha",2014-10-24,03:46,45,40,56,0,14,0,10,-10,E minor,4,2025-05-01,7cZ78cbz662BOqm7AVz2yy,"Kolo Laha",9A,TCACB1400766
1569,"Craziness - أصابك عشق","Abdulrahman Mohammed,Mohab Omer",58,140,"khaleeji","Pop","Craziness - أصابك عشق",2014-01-15,04:51,48,35,54,0,12,0,10,-8,A minor,4,2025-05-01,4HbQMB4aMPTATNBC1qweUN,"Abdulrahman Mohammed & Mohab Omer",8A,TCABT1430369
1570,"The Scientist","Coldplay",90,146,"","","A Rush of Blood to the Head",2002-08-27,05:09,56,44,73,0,21,0,10,-7,F,4,2025-05-01,75JFxkI2RXiU7L9VXzMkle,"Parlophone Records Limited",7B,GBAYE0200772
1571,"Ohio","Damien Jurado",0,102,"chamber pop, indie folk","Pop, Folk, Rock","Rehearsals for Departure",1999-03-09,03:41,38,19,91,7,46,0,10,-17,E,4,2025-05-01,5seWcnX66GgxNPJ6AL8HoJ,"Sub Pop Records",12B,USSUB0311213
1572,"Kola","Damien Jurado",0,124,"chamber pop, indie folk","Pop, Folk, Rock","Visions of Us on the Land",2016-03-18,02:34,66,9,97,0,24,0,10,-16,E,4,2025-05-01,6ntcJV1JvSdWaHXxFsPDon,"Secretly Canadian",12B,US38W1633517
1573,"Stuck In The Middle With You","Stealers Wheel",66,124,"","","Reservoir Dogs (Original Motion Picture Soundtrack)",2009-01-01,03:23,80,56,9,0,96,0,0,-10,G,4,2025-05-01,1b7LMtXCXGc2EwOIplI35z,"Geffen*",9B,GBAAM7200002
1574,"Islands In The Stream - Live At The MGM Grand/1997","Bee Gees",60,106,"disco","Pop","One Night Only",1998-01-01,03:46,75,75,10,0,30,0,90,-7,B,4,2025-05-01,26B81hzch5vcQweK3TFBt6,"Bee Gees Catalog",1B,GBAKW9800280
1575,"Hello, I Love You","The Doors",63,118,"psychedelic rock, classic rock, acid rock","Rock","Waiting for the Sun",1968-07-03,02:13,60,55,3,0,96,0,0,-14,B minor,4,2025-05-01,3bWGaqVeYKMlLss40mPgNn,"Rhino",10A,USEE19900744
1576,"Jambalaya (On The Bayou)","Hank Williams",48,164,"honky tonk, traditional country, country, christian country","Christian, Country, Traditional Music","The Complete Hank Williams",1998-09-22,02:52,53,29,71,0,89,0,0,-11,G,4,2025-05-01,2KJOfVTxWkbtRMGByeEQ7V,"Mercury Nashville",9B,USF095225370
1577,"Hey, Good Lookin'","Hank Williams",51,141,"honky tonk, traditional country, country, christian country","Christian, Country, Traditional Music","The Complete Hank Williams",1998-09-22,02:54,79,37,80,0,91,0,0,-10,G,4,2025-05-01,0F76EzCOmno4KJviO7iGNq,"Mercury Nashville",9B,USPR39400682
1578,"Lovesick Blues - Show 9","Hank Williams",37,134,"honky tonk, traditional country, country, christian country","Christian, Country, Traditional Music","The Garden Spot Programs, 1950",2014-05-13,02:52,69,35,96,0,68,0,60,-8,C,4,2025-05-01,6uzAorm9rlMshQ9rjKviNl,"Omnivore Recordings",8B,QMWHB1400528
1579,"Settin' The Woods On Fire","Hank Williams",36,162,"honky tonk, traditional country, country, christian country","Christian, Country, Traditional Music","The Complete Hank Williams",1998-09-22,02:35,74,30,83,0,95,0,10,-9,C,4,2025-05-01,2OTGmFUoJDx8scC8PO87V0,"Mercury Nashville",8B,USPR39400686
1580,"Layla - Acoustic; Live at MTV Unplugged, Bray Film Studios, Windsor, England, UK, 1/16/1992; 2013 Remaster","Eric Clapton",2,94,"blues, blues rock, classic rock","Blues, Rock","Unplugged (Deluxe Edition)",1992-08-25,04:49,56,52,32,0,64,0,90,-12,D minor,4,2025-05-01,3BEZCNZSmVv30vsMNSOCri,"Rhino/Warner Records",7A,USRE11300317
1581,"Tears in Heaven - Acoustic; Live at MTV Unplugged, Bray Film Studios, Windsor, England, UK, 1/16/1992; 2013 Remaster","Eric Clapton",3,79,"blues, blues rock, classic rock","Blues, Rock","Unplugged (Deluxe Edition)",1992-08-25,04:40,70,34,80,0,42,0,70,-13,A,4,2025-05-01,612VcBshQcy4mpB2utGc3H,"Rhino/Warner Records",11B,USRE11300314
1582,"I Want To Hold Your Hand - Remastered 2015","The Beatles",67,131,"classic rock, psychedelic rock","Rock","1 (Remastered)",2000-11-13,02:25,49,72,39,0,87,0,30,-6,G,4,2025-05-01,4pbG9SUmWIvsROVLF0zF9s,"UMC (Universal Music Catalogue)",9B,GBUM71505904
1583,"Twist And Shout - Remastered 2009","The Beatles",78,125,"classic rock, psychedelic rock","Rock","Please Please Me (Remastered)",1963-03-22,02:35,48,85,64,0,94,0,0,-9,D,4,2025-05-01,5ZBeML7Lf3FMEVviTyvi8l,"EMI Catalogue",10B,GBAYE0601423
1584,"Blackbird - Remastered 2009","The Beatles",79,94,"classic rock, psychedelic rock","Rock","The Beatles (Remastered)",1968-11-22,02:18,69,13,75,0,37,0,0,-14,G,4,2025-05-01,5jgFfDIR6FR0gvlA56Nakr,"EMI Catalogue",9B,GBAYE0601654
1585,"In My Life - Remastered 2009","The Beatles",79,103,"classic rock, psychedelic rock","Rock","Rubber Soul (Remastered 2009)",1965-12-03,02:26,69,44,45,0,44,0,10,-11,A,4,2025-05-01,3KfbEIOC7YIv90FIfNSZpo,"EMI Catalogue",11B,GBAYE0601489
1586,"The Unforgiven","Metallica",64,139,"metal, thrash metal, rock, heavy metal, hard rock","Rock, Metal","Metallica",1991-08-12,06:26,54,58,1,0,24,0,20,-10,G,4,2025-05-01,4aYLAF6ckQ5ooGGGM7sWAa,"Blackened Recordings / Universal Music",9B,GBF089190016
1587,"Rolling in the Deep","Adele",3,105,"soft pop","Pop","21",2011-01-19,03:48,73,77,14,0,51,0,0,-5,G#/A♭,4,2025-05-01,1eq1wUnLVLg4pdEfx9kajC,"XL Recordings",4B,GBBKS1000335
1588,"You Really Got Me","The Kinks",8,137,"proto-punk, baroque pop","Classical, Pop, Rock","Kinks (Deluxe)",1964-10-02,02:11,57,95,33,0,95,0,0,-6,G#/A♭,4,2025-05-01,29SyMC0plk6qw8NMF7lfRL,"Castle Communications",4B,GBAJE6400005
1589,"Sunshine Of Your Love","Cream",64,115,"classic rock, psychedelic rock, acid rock, blues rock","Rock, Blues","Disraeli Gears",1967-11-02,04:10,68,48,48,0,78,0,10,-13,D,4,2025-05-01,6FRwDxXsvSasw0y2eDArsz,"Universal International Music B.V.",10B,GBA076700020
1590,"Still Don't Know My Name","Labrinth",76,90,"","","Euphoria (Original Score from the HBO Series)",2019-10-04,02:33,32,63,47,26,31,10,20,-6,F,1,2025-05-01,6N22FZs2ZhPBYi3b9XPajV,"Masterworks",7B,USQX91902507
1591,"All For Us - from the HBO Original Series Euphoria","Labrinth,Zendaya",70,71,"","","All For Us (from the HBO Original Series Euphoria)",2019-08-04,03:12,35,65,2,0,17,0,30,-7,D#/E♭,4,2025-05-01,10hMM5nsZQf66ldBlgWBfG,"Republic Records",5B,USUG11902729
1592,"Fat Bottomed Girls - Single Version / Remastered 2011","Queen",54,88,"classic rock, rock, glam rock","Rock","Jazz (Deluxe Edition 2011 Remaster)",1978-11-10,03:23,43,69,6,0,52,0,30,-8,D,4,2025-05-01,0vzWVJoWUMTdPxUWhBdpYF,"EMI",10B,GBUM71103524
1593,"I Want To Break Free","Queen",73,109,"classic rock, rock, glam rock","Rock","Bohemian Rhapsody (The Original Soundtrack)",2018-10-19,03:43,81,41,11,0,50,0,0,-9,E,4,2025-05-01,7iAqvWLgZzXvH38lA06QZg,"EMI",12B,GBUM71805978
1594,"The Show Must Go On","Queen",64,84,"classic rock, rock, glam rock","Rock","Bohemian Rhapsody (The Original Soundtrack)",2018-10-19,04:31,43,68,43,0,7,0,10,-7,B minor,4,2025-05-01,5WZDLZVCvY1rEyNir6k8Pg,"EMI",10A,GBUM71106221
1595,"Hammer To Fall - Remastered 2011","Queen",0,129,"classic rock, rock, glam rock","Rock","Greatest Hits II (2011 Remaster)",1991-10-28,03:38,43,79,32,0,52,0,10,-5,A,4,2025-05-01,6so5hTwXfzsCTzmKoA04UV,"Universal Music Group",11B,GBUM71029634
1596,"Crazy Little Thing Called Love","Queen",57,77,"classic rock, rock, glam rock","Rock","Bohemian Rhapsody (The Original Soundtrack)",2018-10-19,02:43,63,76,67,0,77,0,30,-7,G,4,2025-05-01,1F9NVicWfNQA5ki8WmEtk8,"EMI",9B,GBUM71029612
1597,"Somebody To Love","Queen",65,110,"classic rock, rock, glam rock","Rock","Bohemian Rhapsody (The Original Soundtrack)",2018-10-19,04:55,47,70,16,0,37,0,10,-7,G#/A♭,3,2025-05-01,5txoZyuAmtCfmDjUCEphWm,"EMI",4B,GBUM71029613
1598,"We Will Rock You - Remastered 2011","Queen",80,81,"classic rock, rock, glam rock","Rock","News Of The World (2011 Remaster)",1977-10-28,02:02,69,50,68,0,48,10,20,-7,D,4,2025-05-01,4pbJqGIASGPr0ZpGpnWkDn,"EMI",10B,GBUM71029618
1599,"Under Pressure - Remastered 2011","Queen,David Bowie",84,114,"classic rock, rock, glam rock, art rock","Rock","Hot Space (2011 Remaster)",1982-05-03,04:08,67,71,43,0,46,0,10,-8,D,4,2025-05-01,2fuCquhmrzHpu5xcA1ci9x,"EMI",10B,GBUM71029622
1600,"Another One Bites The Dust - Remastered 2011","Queen",83,110,"classic rock, rock, glam rock","Rock","The Game (2011 Remaster)",1980-06-27,03:34,93,53,11,31,75,10,10,-6,F minor,4,2025-05-01,5vdp5UmvTsnMEMESIF2Ym7,"EMI",4A,GBUM71029605
1601,"Don't Stop Me Now - Remastered 2011","Queen",85,156,"classic rock, rock, glam rock","Rock","Jazz (2011 Remaster)",1978-11-10,03:29,56,87,5,0,61,10,70,-5,F,4,2025-05-01,5T8EDUDqKcs6OSOwEsfqG7,"EMI",7B,GBUM71029610
1602,"Killer Queen","Queen",67,117,"classic rock, rock, glam rock","Rock","Bohemian Rhapsody (The Original Soundtrack)",2018-10-19,02:59,53,64,37,0,62,0,10,-6,A#/B♭,4,2025-05-01,300YN8ebGB90nDuzgz0f3O,"EMI",6B,GBUM71029606
1603,"Come As You Are","Nirvana",55,120,"grunge, rock","Rock","Nirvana",2002-10-29,03:39,49,84,0,0,52,0,0,-6,E minor,4,2025-05-01,0LnkNEgEXv83bVVvgnB9Et,"Geffen",9A,USGF19942503
1604,"Smells Like Teen Spirit","Nirvana",58,117,"grunge, rock","Rock","Nirvana",2002-10-29,05:01,48,87,0,0,82,0,10,-6,C♯/D♭,4,2025-05-01,6y1etHPLRsgA467gLBOgBm,"Geffen",3B,USGF19942501
1605,"Owner of a Lonely Heart","Yes",74,125,"progressive rock, symphonic rock, art rock, album rock","Rock","90125 (Deluxe Version)",1983-06-01,04:28,74,80,18,0,90,0,20,-6,G,4,2025-05-01,0GTK6TesV108Jj5D3MHsYb,"Rhino Atlantic",9B,USAT20702539
1606,"Roundabout - 2003 Remaster","Yes",9,133,"progressive rock, symphonic rock, art rock, album rock","Rock","Fragile (Deluxe Edition)",1971-11-26,08:30,41,76,7,1,39,0,0,-9,E minor,4,2025-05-01,0YveezON7jpiaHA8fnUHxN,"Rhino/Elektra",9A,USEE10251885
1607,"On the Wire","Yann Tiersen",0,99,"","","Amelie from Montmartre (Original SoundTrack)",2001-04-23,04:23,49,4,99,93,21,0,10,-18,E minor,4,2025-05-01,7Ib1gCkpKoeKwDYEjU0bL1,"Parlophone (France)",9A,FR24Q9839033
1608,"Dispute","Yann Tiersen",0,131,"","","Amelie from Montmartre (Original SoundTrack)",2001-04-23,04:15,47,2,99,10,7,0,10,-18,C minor,3,2025-05-01,4sFSc0O1vzCaULcQgDjn9Z,"Parlophone (France)",5A,FR24Q9839021
1609,"The Drowned Girl","Yann Tiersen",0,139,"","","Amelie from Montmartre (Original SoundTrack)",2001-04-23,02:03,53,21,83,93,94,0,0,-9,G,3,2025-05-01,4Stznl3BCCggfDmqnoIv6y,"Parlophone (France)",9B,FR24Q9839032
1610,"We Are Infinite","The Tunnels",32,121,"","","We Are Infinite",2020-07-21,04:22,41,39,0,1,8,0,10,-12,G,4,2025-05-01,6Qk1fZoB73IrjpcsTbiDxG,"Conlin Records",9B,GBSMU8350060
1611,"The Waltz of the Monsters","Yann Tiersen",0,82,"","","Amelie from Montmartre (Original SoundTrack)",2001-04-23,03:39,27,28,60,0,92,0,20,-17,B minor,4,2025-05-01,1BMmFziI9HRXOWwO8WwUhv,"Parlophone (France)",10A,FR24Q9839002
1612,"Le moulin","Yann Tiersen",0,142,"","","Amelie from Montmartre (Original SoundTrack)",2001-04-23,04:27,56,6,99,54,22,0,0,-16,A#/B♭ minor,3,2025-05-01,6egKxCnIcsS4vrkjcdoh6h,"Parlophone (France)",3A,FR91U0100004
1613,"A quai","Yann Tiersen",0,84,"","","Amelie from Montmartre (Original SoundTrack)",2001-04-23,03:32,47,55,81,71,41,0,10,-8,D minor,4,2025-05-01,2nuXvNOfQ6YbP2MGoTyhTy,"Parlophone (France)",7A,FRZ180000217
1614,"I've Never Been There","Yann Tiersen",0,100,"","","Amelie from Montmartre (Original SoundTrack)",2001-04-23,01:34,64,37,93,42,81,0,30,-8,G,4,2025-05-01,743kvRcF2vBfvj8scCxbr8,"Parlophone (France)",9B,FR24Q9639001
1615,"La valse d'Amélie - Version orchestre [Live]","Yann Tiersen",0,94,"","","Amelie from Montmartre (Original SoundTrack)",2001-04-23,02:05,25,27,61,3,27,0,10,-10,A minor,3,2025-05-01,19fwbNV3zv7oY2rA3FlN2a,"Parlophone (France)",8A,FRS940200019
1616,"L'autre valse d'Amélie","Yann Tiersen",0,106,"","","Amelie from Montmartre (Original SoundTrack)",2001-04-23,01:33,52,39,71,0,7,0,10,-10,A minor,3,2025-05-01,1Q5xCiIrNlXj4XQMuSHAWM,"Parlophone (France)",8A,FR91U0100003
1617,"L'autre valse d'Amélie - Quatuor à cordes et piano","Yann Tiersen",0,185,"","","Amelie from Montmartre (Original SoundTrack)",2001-04-23,01:41,15,39,99,10,22,0,20,-10,F,3,2025-05-01,5iqH9xKI4t2Qip4o2lm2u6,"Parlophone (France)",7B,FRS940100099
1618,"This Is America","Childish Gambino",70,120,"","","This Is America",2018-05-06,03:45,85,46,12,0,55,10,30,-6,F,4,2025-05-01,0b9oOr2ZgvyQu88wzixux9,"Wolf+Rothstein/RCA Records",7B,USRC11801773
1619,"Blinding Lights","The Weeknd",90,171,"","","After Hours",2020-03-20,03:20,51,73,0,0,33,0,0,-6,C♯/D♭,4,2025-05-01,0VjIjW4GlUZAMYd2vXMi3b,"Republic Records",3B,USUG11904206
1620,"Save Your Tears","The Weeknd",87,118,"","","After Hours",2020-03-20,03:35,68,83,2,0,64,0,50,-5,C,4,2025-05-01,5QO79kh1waicV47BqGRL3g,"Republic Records",8B,USUG12000658
1621,"La Valse d'Amélie - Version piano","Yann Tiersen",0,178,"","","Amelie from Montmartre (Original SoundTrack)",2001-04-23,02:38,19,18,99,86,18,0,0,-17,A minor,3,2025-05-01,6URm2kt7SV1bXWTxNQtVYR,"Parlophone (France)",8A,FR91U0100008
1622,"Sunnet El Hayah (orange Ramadan 2020)","Hussain Aljassmi",52,170,"khaleeji, egyptian pop, mahraganat, egyptian shaabi","Pop, Traditional Music, Electronic, Hip Hop","Sunnet El Hayah (orange Ramadan 2020)",2020-04-24,02:26,61,64,7,0,75,0,10,-3,F minor,4,2025-05-01,4Yhx7H7UOXbwsyXwm8ASm7,"Hussain Al Jassmi",4A,aea142001354
1623,"ألاب","Qusai",9,170,"arabic rap, khaleeji","Hip Hop, Pop","Experimental Edutainment",2009-01-01,04:15,58,64,55,0,40,10,10,-8,C,4,2025-05-01,1D6x44RosQHlXYx3rZFHB9,"Platinum Records",8B,AEA750900051
1624,"يا لولو زس إز مزمار","سلومو",25,87,"arabic rap, khaleeji, gnawa","Hip Hop, Traditional Music, Pop","يا لولو  زس إز مزمار ",2017-08-25,04:00,85,38,37,0,63,30,30,-9,A,4,2025-05-01,2p0ldkKjG5b49U2MDf7YJk,"Saudithugz",11B,aea141704517
1625,"In The Still of the Night","The Five Satins",56,109,"doo-wop","Pop, R&B","For Collectors Only",1993-00-00,03:07,43,33,88,0,32,0,10,-11,F#/G♭,3,2025-05-01,0GVvRmCoiLkhxJvlZy9bLk,"Oldies.com",2B,USPB81011014
1626,"Supernatural Thing, Pt. 1","Ben E. King",52,95,"","","Supernatural Thing",1975-01-01,04:11,72,58,20,1,83,0,0,-11,A#/B♭ minor,4,2025-05-01,62dhSmROhppvuWyeCeC730,"Rhino Atlantic",3A,USAT20200542
1627,"Stand By Me","Ben E. King",78,119,"","","Don't Play That Song",1962-00-00,02:55,63,23,43,0,67,0,20,-12,A,4,2025-05-01,7jmHyHMEqm9MJWiMAneF05,"Rhino Atlantic",11B,USAT20000556
1628,"Comptine d'un autre été, l'après-midi","Yann Tiersen",1,100,"","","Amelie from Montmartre (Original SoundTrack)",2001-04-23,02:20,48,19,99,91,6,0,10,-15,D,4,2025-05-01,3YYKrn3iGOAel605Znt3ai,"Parlophone (France)",10B,FR91U0100002
1629,"River Flows in You","Yiruma",63,146,"neoclassical","Classical","The Best - Reminiscent 10th Anniversary",2011-12-09,03:38,29,29,97,98,35,0,0,-19,A,4,2025-05-01,3xr8COed4nPPn6XWZ0iCGr,"SME Korea Inc.",11B,KRA031103194
1630,"Godzilla (feat. Juice WRLD)","Eminem,Juice WRLD",84,166,"rap, hip hop, melodic rap, emo rap","Hip Hop, Rock","Music To Be Murdered By",2020-01-17,03:30,81,75,14,0,83,30,20,-5,A#/B♭ minor,4,2025-05-01,7FIWs0pqAYbP91WWM0vlTQ,"Shady/Aftermath/Interscope Records",3A,USUM72000788
1631,"Lose Yourself","Eminem",73,171,"rap, hip hop","Hip Hop","SHADYXV",2014-11-24,05:20,69,74,1,0,6,20,30,-5,D,4,2025-05-01,7MJQ9Nfxzh8LPZ9e9u68Fq,"Shady Records",10B,USIR10211559
1632,"Smack That","Akon,Eminem",0,119,"rap, hip hop","Hip Hop","Konvicted",2006-00-00,03:32,94,74,32,0,92,0,10,-5,F minor,4,2025-05-01,2iqfQZDvWXHBk88OxhIphA,"Konvict/Upfront/SRC/Universal Records",4A,USUM70609036
1633,"Come Inside Of My Heart","IV Of Spades",78,113,"opm, pinoy indie, harana, p-pop, kundiman","Folk, Traditional Music, Pop","CLAPCLAPCLAP!",2019-01-18,04:06,68,56,0,0,69,0,20,-9,A#/B♭,4,2025-05-01,3Eb5sztvEMa0Mqnb8DUAlU,"Warner Music Philippines",6B,PHW011900008
1634,"Nico and the Niners","Twenty One Pilots",69,140,"","","Trench",2018-10-05,03:45,73,60,7,0,33,10,30,-8,A minor,4,2025-05-01,5SehvGGC53A7SZKCLXQcyt,"Fueled By Ramen",8A,USAT21804144
1635,"Look At Me Now (feat. Lil' Wayne & Busta Rhymes)","Chris Brown,Lil Wayne,Busta Rhymes",74,146,"r&b, rap, hip hop, east coast hip hop","Hip Hop, R&B","F.A.M.E. (Expanded Edition)",2011-03-22,03:42,77,68,3,0,54,10,10,-6,B minor,4,2025-05-01,3hsmbFKT5Cujb5GQjqEU39,"Jive",10A,USJI11100017
1636,"Dancin (feat. Luvli) - Krono Remix","Aaron Smith,Krono,Luvli",79,120,"","","Dancin (feat. Luvli) [Krono Remix]",2014-11-07,03:18,72,74,10,0,36,0,20,-7,A#/B♭ minor,4,2025-05-01,6WkJ2OK163XXS2oARUC9JM,"Sony Music Entertainment",3A,QMLA71400326
1637,"Stand By Me - Remastered 2010","John Lennon",66,105,"christmas","Pop","Rock 'N' Roll",1975-02-17,03:31,63,56,29,2,63,0,0,-10,A,4,2025-05-01,3ntrdR24dLkKrzSGRv1FlH,"EMI Catalogue",11B,GBAYE1000824
1638,"R U Mine?","Arctic Monkeys",83,97,"indie, garage rock","Rock, Pop","AM",2013-09-09,03:21,29,76,1,0,62,0,30,-6,F#/G♭ minor,4,2025-05-01,2AT8iROs4FQueDv2c8q2KE,"Domino Recording Co",11A,GBCEL1300363
1639,"Sucker","Jonas Brothers",81,138,"","","Happiness Begins",2019-06-07,03:01,84,73,4,0,95,0,10,-5,C♯/D♭ minor,4,2025-05-01,22vgEDb5hykfaTwLuskFGD,"Jonas Brothers Recording",12A,USUG11900515
1640,"I Saw Her Standing There - Remastered 2009","The Beatles",69,160,"classic rock, psychedelic rock","Rock","Please Please Me (Remastered)",1963-03-22,02:53,49,80,27,0,97,0,0,-10,E,4,2025-05-01,3KiexfmhxHvG5IgAElmTkd,"EMI Catalogue",12B,GBAYE0601410
1641,"party favor","Billie Eilish",70,130,"","","dont smile at me",2017-12-22,03:24,83,19,88,0,21,0,10,-12,C,4,2025-05-01,3WxmlTZ85sCYFnuIXmUAEe,"Darkroom",8B,USUM71708095
1642,"The Lord","Stormalong",0,98,"","","The Lord",2020-06-06,03:12,65,31,53,0,22,0,0,-14,D,4,2025-05-01,2TqHaCik1B8SgkypA2CV0Z,"2092600 Records DK",10B,QZHN62008671
1643,"Persephone","Tamino",53,124,"","","Amir",2018-10-19,05:05,61,21,74,0,15,0,10,-15,C minor,4,2025-05-01,4tIbyvltn6p8NNzuGOyJUH,"Communion Music",5A,GB6TW1800132
1644,"Tummy","Tamino",47,99,"","","Amir",2018-10-19,03:10,65,47,56,0,36,0,0,-9,D,4,2025-05-01,3McYbdoWDLg4UynlqfAugA,"Communion Music",10B,GB6TW1800125
1645,"Cigar","Tamino",53,78,"","","Amir",2018-10-19,04:07,59,38,57,0,21,0,0,-10,F#/G♭ minor,4,2025-05-01,01Y7ntOQnQtfcBYQuAR4Jf,"Communion Music",11A,GB6TW1800053
1646,"We Are The Champions - Remastered 2011","Queen",76,64,"classic rock, rock, glam rock","Rock","News Of The World (2011 Remaster)",1977-10-28,02:59,27,46,38,0,18,0,10,-7,A#/B♭,4,2025-05-01,1lCRw5FEZ1gPDNPzy1K4zW,"EMI",6B,GBUM71029619
1647,"A Horse with No Name","America,George Martin",82,123,"soft rock, folk rock, ","Folk, Rock","America",1972-00-00,04:12,65,51,69,1,83,0,10,-17,B minor,4,2025-05-01,54eZmuggBFJbV7k248bTTt,"Warner Records",10A,USWB19901792
1648,"All The Faces","Creed Bratton",42,104,"","","Coarsegold",2003-01-01,02:59,62,14,70,0,43,0,10,-21,D,4,2025-05-01,4BJhs8XWyr2M4MLvS4CSKx,"Kindred Music",10B,usx9p0679365
1649,"Strawberry Fields Forever - Remastered 2009","The Beatles",71,98,"classic rock, psychedelic rock","Rock","Magical Mystery Tour (Remastered)",1967-11-27,04:07,39,50,34,0,29,10,0,-12,A#/B♭,4,2025-05-01,3Am0IbOxmvlSXro7N5iSfZ,"EMI Catalogue",6B,GBAYE0601640
1650,"Habibi","Tamino",58,122,"","","Amir",2018-10-19,05:07,32,30,69,11,4,0,10,-9,D minor,4,2025-05-01,5juBKIr7vbfAUgFpa34DuO,"Communion Music",7A,GB6TW1800028
1651,"Albi Ou Meftahou","Farid al-Atrash",35,100,"","","Farid al-Atrash 25 Sana",2008-01-01,01:48,36,37,74,0,21,0,10,-12,F minor,4,2025-05-01,2Kp7pHOg5LuVNyMvpon9AU,"Global",4A,EGA020500541
1652,"What A Wonderful World","Soap&Skin",43,136,"","","From Gas to Solid / you are my friend",2018-10-26,02:24,32,7,94,0,19,0,0,-17,F,4,2025-05-01,1HVCTkwQwbYQvNjiv4Os8d,"Play It Again Sam",7B,GBENL1802207
1653,"In The Woods Somewhere","Hozier",54,98,"","","Hozier (Special Edition)",2014-09-19,05:31,36,43,78,11,19,0,10,-9,F#/G♭ minor,3,2025-05-01,5LDb4ZwsEAar1EIFd9iTkF,"Universal-Island Records Ltd.",11A,IEACJ1400152
1654,"Goodbye","Apparat,Soap&Skin",60,87,"idm, glitch, ","Electronic","The Devil's Walk",2011-00-00,04:16,48,46,41,59,19,0,30,-14,C♯/D♭ minor,4,2025-05-01,4VxaUj96W2jw9UOtKHu51p,"Mute",12A,GBR8R1100102
1655,"Heaven Knows I'm Miserable Now - 2011 Remaster","The Smiths",71,114,"new wave, madchester, jangle pop","Pop, Rock","Louder Than Bombs",1987-00-00,03:35,61,76,3,0,77,0,10,-5,F#/G♭,4,2025-05-01,1H5N26VqHR4JhuaRKY2I0u,"WM UK",2B,GBCRL1100070
1656,"Because - Remastered 2009","The Beatles",60,81,"classic rock, psychedelic rock","Rock","Abbey Road (Remastered)",1969-09-26,02:45,33,25,75,0,15,0,10,-12,D,4,2025-05-01,1rxoyGj1QuPoVi8fOft1Kt,"EMI Catalogue",10B,GBAYE0601697
1657,"Another Brick in the Wall, Pt. 2","Pink Floyd",84,104,"progressive rock, psychedelic rock, classic rock, symphonic rock, art rock, rock","Rock","The Wall",1979-11-30,03:58,69,39,8,0,72,0,20,-16,C,4,2025-05-01,4gMgiXfqyzZLMhsksGmbQV,"Pink Floyd Records",8B,GBN9Y1100099
1658,"A Day In The Life - Remastered 2009","The Beatles",66,163,"classic rock, psychedelic rock","Rock","Sgt. Pepper's Lonely Hearts Club Band (Remastered)",1967-06-01,05:37,36,46,29,0,18,0,90,-14,E minor,4,2025-05-01,0hKRSZhUGEhKU6aNSPBACZ,"EMI Catalogue",9A,GBAYE0601519
1659,"She's Leaving Home - Remastered 2009","The Beatles",59,128,"classic rock, psychedelic rock","Rock","Sgt. Pepper's Lonely Hearts Club Band (Remastered)",1967-06-01,03:35,38,21,94,0,39,0,10,-12,E,3,2025-05-01,3PjMtNzwhDHqxoKudm6GvF,"EMI Catalogue",12B,GBAYE0601512
1660,"Lucy In The Sky With Diamonds - Remastered 2009","The Beatles",69,65,"classic rock, psychedelic rock","Rock","Sgt. Pepper's Lonely Hearts Club Band (Remastered)",1967-06-01,03:28,31,33,5,0,67,0,10,-9,D,1,2025-05-01,25yQPHgC35WNnnOUqFhgVR,"EMI Catalogue",10B,GBAYE0601509
1661,"Sara","Bob Dylan",48,156,"folk rock, folk, singer-songwriter, roots rock, country rock","Country, Rock, Folk","Desire",1976-01-16,05:31,43,50,36,0,28,0,0,-9,E minor,3,2025-05-01,4WbP5AjT2RFb3paBBD2BRM,"Columbia",9A,USSM10103243
1662,"For What It's Worth","Buffalo Springfield",79,99,"folk rock, country rock","Country, Rock, Folk","Buffalo Springfield",1966-12-05,02:33,65,52,41,2,82,0,10,-10,D,4,2025-05-01,1qRA5BS78u3gME0loMl9AA,"Rhino/Elektra",10B,USEE10170607
1663,"Ob-La-Di, Ob-La-Da - Remastered 2009","The Beatles",74,113,"classic rock, psychedelic rock","Rock","The Beatles (Remastered)",1968-11-22,03:08,82,73,23,6,98,0,20,-8,A#/B♭,4,2025-05-01,1gFNm7cXfG1vSMcxPpSxec,"EMI Catalogue",6B,GBAYE0601647
1664,"She Loves You - Remastered 2009","The Beatles",50,75,"classic rock, psychedelic rock","Rock","Past Masters (Vols. 1 & 2 / Remastered)",1988-03-07,02:21,39,88,26,0,93,0,10,-6,G,4,2025-05-01,48JM82SHQTBYkhEYhMaOaa,"EMI Catalogue",9B,GBAYE0801382
1665,"Words Of Love","Buddy Holly",46,129,"rockabilly, rock and roll, doo-wop","Pop, R&B, Rock","Buddy Holly",1958-00-00,01:57,63,45,11,23,62,0,0,-10,A,4,2025-05-01,3U9Kkv90QElks0pzIgfAxw,"Geffen",11B,USMC15702255
1666,"Peggy Sue","Buddy Holly,The Crickets",59,148,"rockabilly, rock and roll, doo-wop","Pop, R&B, Rock","Buddy Holly",1958-00-00,02:30,68,42,95,0,49,0,10,-8,A,4,2025-05-01,2OARIMw1hpehr86Iwmv04c,"Geffen",11B,USMC15703180
1667,"That'll Be The Day","Buddy Holly",62,115,"rockabilly, rock and roll, doo-wop","Pop, R&B, Rock","That'll Be The Day",1958-06-01,02:30,54,64,47,0,80,0,0,-8,D,4,2025-05-01,50RwvvEKX5Q7AZt8FTAwIF,"Geffen*",10B,USMC15600442
1668,"Everyday","Buddy Holly,The Crickets",64,136,"rockabilly, rock and roll, doo-wop","Pop, R&B, Rock","Buddy Holly",1958-00-00,02:09,75,22,58,0,50,0,10,-13,D#/E♭,4,2025-05-01,39lnzOIUCSNaQmgBHoz7rt,"Geffen",5B,USMC15703105
1669,"A Hard Day's Night - Remastered 2015","The Beatles",54,139,"classic rock, psychedelic rock","Rock","1 (Remastered)",2000-11-13,02:32,55,82,5,0,76,0,10,-5,C,4,2025-05-01,1pctwlBtIcKIjQMzsVcGHB,"UMC (Universal Music Catalogue)",8B,GBUM71505887
1670,"Love Me Do - Remastered 2009","The Beatles",71,148,"classic rock, psychedelic rock","Rock","Please Please Me (Remastered)",1963-03-22,02:21,52,83,39,0,74,0,20,-6,C,4,2025-05-01,3VbGCXWRiouAq8VyMYN2MI,"EMI Catalogue",8B,GBAYE0601417
1671,"The Man Who Sold the World - 2015 Remaster","David Bowie",66,118,"glam rock, art rock","Rock","The Man Who Sold the World (2015 Remaster)",1970-11-04,04:01,47,39,64,1,55,0,10,-14,D minor,4,2025-05-01,4mWahKerLaVddUjb8d1Q4Q,"Parlophone UK",7A,USJT11500099
1672,"We Can Work It Out - Remastered 2009","The Beatles",57,106,"classic rock, psychedelic rock","Rock","The Beatles 1962 - 1966 (Remastered)",1973-04-01,02:16,38,61,11,0,74,0,10,-10,D,4,2025-05-01,7LNiAjyg9P2GKINTtN6Yt8,"EMI Catalogue",10B,GBAYE0900591
1673,"Riptide","Vance Joy",21,102,"folk pop","Folk, Pop","Dream Your Life Away (Special Edition)",2014-09-08,03:24,48,73,43,0,51,0,10,-7,C♯/D♭,4,2025-05-01,3JvrhDOgAt6p7K8mDyZwRd,"Atlantic Records",3B,AULI01385760
1674,"Heathens","Twenty One Pilots",84,90,"","","Heathens",2016-06-16,03:15,73,40,8,0,55,0,10,-9,E minor,4,2025-05-01,6i0V12jOa3mr6uu4WYhUBr,"Atlantic Records",9A,USAT21601930
1675,"Ride","Twenty One Pilots",86,75,"","","Blurryface",2015-05-15,03:34,65,71,1,0,57,0,10,-5,F#/G♭,4,2025-05-01,2Z8WuEywRWYTKe1NybPQEW,"Fueled By Ramen",2B,USAT21500598
1676,"Stressed Out","Twenty One Pilots",88,170,"","","Blurryface",2015-05-15,03:22,73,64,5,0,65,10,0,-6,E minor,4,2025-05-01,3CRDbSIZ4r5MsZ0YwxuEkn,"Fueled By Ramen",9A,USAT21500597
1677,"Level of Concern","Twenty One Pilots",66,122,"","","Level of Concern",2020-04-09,03:40,75,58,32,0,77,0,10,-7,E minor,4,2025-05-01,6xZ4Q2k2ompmDppyeESIY8,"Fueled By Ramen",9A,USAT22002190
1678,"Lost On You - Live in Moscow","LP",0,87,"","","Live in Moscow",2020-05-29,06:26,49,68,6,0,40,0,0,-6,F minor,4,2025-05-01,6gthn1BmHkXlLgg7PhaWot,"BMG Rights Management (US) LLC",4A,QMRSZ2001081
1679,"While My Guitar Gently Weeps","The Beatles",53,123,"classic rock, psychedelic rock","Rock","Love",2006-11-17,03:46,42,16,68,0,22,0,10,-14,F,4,2025-05-01,0FzGKD3N0jK6nNOyOJBvNG,"EMI Catalogue",7B,GBAYE0601564
1680,"While My Guitar Gently Weeps - Remastered 2009","The Beatles",73,115,"classic rock, psychedelic rock","Rock","The Beatles (Remastered)",1968-11-22,04:45,45,65,2,0,70,0,10,-9,E minor,4,2025-05-01,389QX9Q1eUOEZ19vtzzI9O,"EMI Catalogue",9A,GBAYE0601650
1681,"Knockin' On Heaven's Door","Bob Dylan",83,140,"folk rock, folk, singer-songwriter, roots rock, country rock","Country, Rock, Folk","Pat Garrett & Billy The Kid (Soundtrack From The Motion Picture)",1973-07-13,02:29,51,40,25,18,23,0,10,-13,G,4,2025-05-01,6HSXNV0b4M4cLJ7ljgVVeh,"Columbia/Legacy",9B,USSM11304547
1682,"Sadderdaze","The Neighbourhood",58,120,"","","Hard To Imagine The Neighbourhood Ever Changing",2018-11-02,04:05,41,53,1,0,31,0,10,-5,E minor,4,2025-05-01,7sIYHDxjteT6RY29gAGzP2,"Columbia",9A,USSM11707132
1683,"Strange - Live in Moscow","LP",0,80,"","","Live in Moscow",2020-05-29,04:08,51,69,5,0,19,0,70,-6,G,4,2025-05-01,7KqdfdlgeSHHmcTHXys01D,"BMG Rights Management (US) LLC",9B,QMRSZ2001080
1684,"Don't Look Back in Anger","Oasis",45,164,"britpop, madchester, rock","Pop, Rock","Time Flies...1994-2009",2010-06-14,04:50,35,91,3,0,23,0,10,-4,C,4,2025-05-01,0U850y9NvDI79dE89JVv4G,"Big Brother",8B,GBAAW9500190
1685,"Do I Wanna Know?","Arctic Monkeys",89,85,"indie, garage rock","Rock, Pop","AM",2013-09-09,04:32,55,53,19,0,41,0,20,-8,F,4,2025-05-01,5FVd6KXrgO9B3JPmC8OPst,"Domino Recording Co",7B,GBCEL1300362
1686,"Snap Out Of It","Arctic Monkeys",80,130,"indie, garage rock","Rock, Pop","AM",2013-09-09,03:13,73,64,25,0,87,0,10,-6,F minor,4,2025-05-01,0NdTUS4UiNYCNn5FgVqKQY,"Domino Recording Co",4A,GBCEL1300371
1687,"Lemon Tree","Fools Garden",3,143,"","","Dish Of The Day",1995-01-01,03:11,66,48,64,0,64,0,10,-9,C♯/D♭,4,2025-05-01,4fXGWiVhlOLdhwRDP6pIFG,"Lemonade Music",3B,DEAF70927221
1688,"Indigo Night","Tamino",62,112,"","","Amir",2018-10-19,04:15,54,34,63,12,15,0,10,-11,D#/E♭ minor,4,2025-05-01,62DFvt3IhKq2i8wyigqeFO,"Communion Music",2A,GB6TW1800049
1689,"I Don't Know","Paul McCartney",37,81,"","","Egypt Station",2018-09-07,04:26,72,55,42,1,18,0,10,-9,A#/B♭,4,2025-05-01,2i04VnXg1v18K0dw7DqOt1,"Capitol Records (US1A)",6B,GBCCS1800286
1690,"Wish You Were Here","Pink Floyd",83,123,"progressive rock, psychedelic rock, classic rock, symphonic rock, art rock, rock","Rock","Wish You Were Here",1975-09-12,05:34,48,26,74,1,38,0,80,-16,G,4,2025-05-01,6mFkJmJqdDVQ1REhVfGgd1,"Pink Floyd Records",9B,GBN9Y1100088
1691,"Bohemian Rhapsody - Remastered 2011","Queen",83,71,"classic rock, rock, glam rock","Rock","A Night At The Opera (2011 Remaster)",1975-11-21,05:54,41,40,27,0,23,0,30,-10,C minor,4,2025-05-01,4u7EnebtmKWzUH433cf5Qv,"EMI",5A,GBUM71029604
1692,"Riders on the Storm","The Doors",75,104,"psychedelic rock, classic rock, acid rock","Rock","L.A. Woman",1971-04-19,07:14,55,72,25,1,72,0,10,-12,B minor,4,2025-05-01,14XWXWv5FoCbFzLksawpEe,"Rhino/Elektra",10A,USEE19900773
1693,"In The Morning","Jack Johnson",34,92,"surf rock","Rock","In The Morning",2011-01-01,03:13,61,53,70,0,64,0,0,-10,F,4,2025-05-01,7yYhhPfUU1haOZKElsBJlx,"Brushfire Records/Universal",7B,USUM71115638
1694,"Banana Pancakes","Jack Johnson",74,115,"surf rock","Rock","In Between Dreams",2005-01-01,03:11,81,37,60,0,63,10,0,-8,G,4,2025-05-01,0BgbobvykXxEvxo2HhCuvM,"Jack Johnson",9B,USMC60400032
1695,"The Bay","Metronomy",66,121,"new rave, alternative dance","Electronic, Pop, Rock","The English Riviera",2011-04-11,04:50,80,47,59,9,89,0,0,-7,F#/G♭ minor,4,2025-05-01,2akjLHnHjDGsgqxuf48VYs,"Because Music Ltd.",11A,GBMVH1100060
1696,"Chlorine","Twenty One Pilots",77,90,"","","Trench",2018-10-05,05:24,61,67,7,6,32,0,30,-7,A#/B♭ minor,4,2025-05-01,23OXdR7YuUBVWh5hSnYJau,"Fueled By Ramen",3A,USAT21810687
1697,"يالميدان Yalmidan","Cairokee",0,110,"egyptian pop, egyptian hip hop, arabic rap, mahraganat","Hip Hop, Pop, Electronic","مطلوب زعيم Matloob Zaeem",2014-01-10,04:41,68,46,86,0,30,0,10,-8,C minor,4,2025-05-01,4JopZchxiK8bDcIyVuxd8t,"DJ Recording",5A,uscgh1419773
1698,"American Pie","Don McLean",80,138,"","","American Pie",1971-00-00,08:36,53,48,70,0,49,0,0,-12,E minor,4,2025-05-01,1fDsrQ23eTAVFElUMaf38X,"Capitol Records",9A,USEM38600088
1699,"Sweater Weather","The Neighbourhood",92,124,"","","I Love You.",2013-04-22,04:00,61,81,5,2,40,0,10,-3,A#/B♭,4,2025-05-01,2QjOHCTQ1Jl3zawyYOpxh6,"Columbia",6B,USSM11300080
1700,"Hey Jude - Remastered 2015","The Beatles",73,147,"classic rock, psychedelic rock","Rock","1 (Remastered)",2000-11-13,07:05,39,61,1,0,53,0,0,-8,A#/B♭,4,2025-05-01,0aym2LBJBk9DAYuHHutrIl,"UMC (Universal Music Catalogue)",6B,GBUM71505902
1701,"Let It Be - Remastered 2009","The Beatles",81,143,"classic rock, psychedelic rock","Rock","Let It Be (Remastered)",1970-05-08,04:03,44,40,63,0,41,0,10,-8,C,4,2025-05-01,7iN1s7xHE4ifF5povM6A48,"EMI Catalogue",8B,GBAYE0601713
1702,"Come Together - Remastered 2009","The Beatles",80,165,"classic rock, psychedelic rock","Rock","Abbey Road (Remastered)",1969-09-26,04:19,53,38,3,25,19,0,0,-12,A minor,4,2025-05-01,2EqlS6tkEnglzr7tkKAAYD,"EMI Catalogue",8A,GBAYE0601690
1703,"Here Comes The Sun - Remastered 2009","The Beatles",86,129,"classic rock, psychedelic rock","Rock","Abbey Road (Remastered)",1969-09-26,03:05,56,54,3,0,39,0,10,-10,A,4,2025-05-01,6dGnYIeXmHdcikdzNNDMm2,"EMI Catalogue",11B,GBAYE0601696
1704,"Trouble","Cage The Elephant",75,78,"modern rock","Rock","Tell Me I'm Pretty",2015-12-18,03:45,47,62,39,0,30,0,10,-6,C,4,2025-05-01,5n0CTysih20NYdT2S0Wpe8,"RCA Records Label",8B,USRC11502826
1705,"Too Late To Say Goodbye","Cage The Elephant",58,68,"modern rock","Rock","Tell Me I'm Pretty",2015-12-18,04:12,48,55,14,0,11,0,20,-7,E minor,4,2025-05-01,48sc7vBJeNoCEQhxO3zYKA,"RCA Records Label",9A,USRC11502824
1706,"Mr. Tambourine Man","Bob Dylan",69,178,"folk rock, folk, singer-songwriter, roots rock, country rock","Country, Rock, Folk","Bringing It All Back Home",1965-03-22,05:30,39,31,79,0,58,0,30,-15,F,4,2025-05-01,3RkQ3UwOyPqpIiIvGVewuU,"Columbia",7B,USSM19922515
1707,"Space Oddity - 2015 Remaster","David Bowie",74,134,"glam rock, art rock","Rock","David Bowie (aka Space Oddity) [2015 Remaster]",1969-11-04,05:18,31,40,7,0,47,0,10,-14,C,4,2025-05-01,72Z17vmmeQKAg8bptWvpVG,"Parlophone UK",8B,USJT11500173
1708,"Who Cares","Paul McCartney",33,128,"","","Egypt Station",2018-09-07,03:13,77,76,5,7,46,0,10,-8,C♯/D♭ minor,4,2025-05-01,1yxJyuOyBzOXbGDAZtT7BD,"Capitol Records (US1A)",12A,GBCCS1800289
1709,"I Don't Know","Paul McCartney",27,81,"","","I Don't Know",2018-06-20,04:26,72,55,42,1,18,0,10,-9,A#/B♭,4,2025-05-01,0SH3ArZw24kjvalx0HSFBn,"Capitol Records (US1A)",6B,GBCCS1800286
1710,"Imagine - Ultimate Mix","John Lennon",48,76,"christmas","Pop","Imagine (The Ultimate Collection)",2018-10-05,03:06,58,34,92,5,14,0,10,-11,C,4,2025-05-01,0v1Sz1MDcjfEPlZuflLkf1,"UMC (Universal Music Catalogue)",8B,GBUM71803835
1711,"The End - Remastered 2009","The Beatles",60,123,"classic rock, psychedelic rock","Rock","Abbey Road (Remastered)",1969-09-26,02:21,65,49,0,26,22,0,10,-10,B minor,1,2025-05-01,5aHHf6jrqDRb1fcBmue2kn,"EMI Catalogue",10A,GBAYE0601705
1712,"Dream On","Aerosmith",15,161,"classic rock, rock","Rock","Aerosmith",1973-01-05,04:26,31,43,39,0,22,0,30,-10,C♯/D♭,4,2025-05-01,5MxNLUsfh7uzROypsoO5qe,"Columbia",3B,USSM10011897
1713,"The Show Must Go On - Remastered 2011","Queen",72,84,"classic rock, rock, glam rock","Rock","Innuendo (2011 Remaster)",1991-02-05,04:37,43,69,41,0,19,0,10,-7,B minor,4,2025-05-01,5n6RDaGFSN88oRWuGtYAIN,"EMI",10A,GBUM71106221
1714,"Tears in Heaven","Eric Clapton",1,154,"blues, blues rock, classic rock","Blues, Rock","Clapton Chronicles: The Best of Eric Clapton",1999-10-12,04:31,50,24,84,54,31,0,10,-12,A,4,2025-05-01,7utRJ4BeYx85khzP3lKoBX,"Reprise",11B,USRE19100010
1715,"Love Of My Life - Remastered 2011","Queen",73,155,"classic rock, rock, glam rock","Rock","A Night At The Opera (Deluxe Edition 2011 Remaster)",1975-11-21,03:37,33,18,93,0,26,0,10,-12,F,4,2025-05-01,4YJUTdZ0Pgl0ZeNyHYXeLd,"EMI",7B,GBUM71100536
1716,"Wicked Game","Chris Isaak",2,113,"","","Best of Chris Isaak (Remastered)",2006-00-00,04:46,67,55,74,1,29,0,0,-8,A,4,2025-05-01,390AWnOn2rfe9FzQjYmxIH,"Mailboat Records",11B,USRE10601455
1717,"Yesterday - Remastered 2009","The Beatles",78,97,"classic rock, psychedelic rock","Rock","Help! (Remastered)",1965-08-06,02:05,33,18,88,0,32,0,0,-12,F,4,2025-05-01,3BQHpFgAp4l80e1XslIjNI,"EMI Catalogue",7B,GBAYE0601477
1718,"Alone Again (Naturally)","Gilbert O'Sullivan",1,172,"","","Back to Front (Deluxe Edition)",1972-01-01,03:36,56,52,62,0,63,0,10,-7,G#/A♭ minor,4,2025-05-01,4lHQCzdK3VdYQvQZnnRouG,"Salvo",1A,GBEQJ0400002
1719,"Buckets of Rain","Bob Dylan",55,174,"folk rock, folk, singer-songwriter, roots rock, country rock","Country, Rock, Folk","Blood On The Tracks",1975-01-17,03:23,51,23,54,0,45,0,10,-18,E,4,2025-05-01,5eVjE8FDSDXQLSbTZSA5Qv,"Columbia",12B,USSM19906477
1720,"Good Old-Fashioned Lover Boy - Remastered 2011","Queen",71,97,"classic rock, rock, glam rock","Rock","A Day At The Races (Deluxe Edition 2011 Remaster)",1976-12-10,02:53,54,46,58,0,39,0,0,-7,D#/E♭,4,2025-05-01,1n7xFAY4xoPeqRvrkzAtsw,"EMI",5B,GBUM71029614
1721,"Mother","Pink Floyd",67,135,"progressive rock, psychedelic rock, classic rock, symphonic rock, art rock, rock","Rock","The Wall",1979-11-30,05:34,58,15,24,1,12,0,0,-17,G,4,2025-05-01,1GEOSS415bZVHNuXWlCT6b,"Pink Floyd Records",9B,GBN9Y1100100
1722,"Can't Help Falling in Love","Elvis Presley",82,100,"rockabilly, rock and roll","Rock","Blue Hawaii",1961-10-20,03:02,40,29,94,0,34,0,10,-14,D,3,2025-05-01,44AyOl4qVkzS48vBsbNXaC,"RCA/Legacy",10B,USRC16101350
1723,"Every Breath You Take - Remastered 2003","The Police",5,117,"","","Synchronicity (Remastered)",1983-06-01,04:13,82,45,54,0,74,0,0,-10,C♯/D♭,4,2025-05-01,5C0LFQARavkPpn7JgA4sLk,"Universal Music Group",3B,GBAAM0201110
1724,"There Is a Light That Never Goes Out - 2011 Remaster","The Smiths",84,136,"new wave, madchester, jangle pop","Pop, Rock","The Queen Is Dead",1986-06-16,04:04,52,77,4,0,88,0,10,-6,E,4,2025-05-01,0WQiDwKJclirSYG9v5tayI,"WM UK",12B,GBCRL1100054
1725,"Love Her Madly","The Doors",69,147,"psychedelic rock, classic rock, acid rock","Rock","L.A. Woman",1971-04-19,03:18,56,59,6,0,97,0,0,-7,E minor,4,2025-05-01,3MFFDRC4wTN9JNGtzXsZlN,"Rhino/Elektra",9A,USEE19900765
1726,"You're My Best Friend - Remastered 2011","Queen",70,119,"classic rock, rock, glam rock","Rock","A Night At The Opera (2011 Remaster)",1975-11-21,02:50,51,76,15,1,55,0,0,-7,C,4,2025-05-01,4vhVDkSx9RSb2k6mWFMYNI,"EMI",8B,GBUM71029609
1727,"And I Love Her - Remastered 2009","The Beatles",76,113,"classic rock, psychedelic rock","Rock","A Hard Day's Night (Remastered)",1964-07-10,02:29,77,33,64,0,64,0,0,-11,C♯/D♭ minor,4,2025-05-01,65vdMBskhx3akkG9vQlSH1,"EMI Catalogue",12A,GBAYE0601442
1728,"I Want You","Bob Dylan",63,100,"folk rock, folk, singer-songwriter, roots rock, country rock","Country, Rock, Folk","Blonde On Blonde",1966-06-20,03:05,51,68,36,0,80,0,0,-8,F,4,2025-05-01,7tJQ4Ekp2vN3NlI3vJJW3v,"Columbia",7B,USSM19921962
1729,"Crazy Little Thing Called Love - Remastered 2011","Queen",80,77,"classic rock, rock, glam rock","Rock","The Game (2011 Remaster)",1980-06-27,02:43,60,76,71,0,71,0,30,-7,C,4,2025-05-01,6xdLJrVj4vIXwhuG8TMopk,"EMI",8B,GBUM71029612
1730,"Cigarette Daydreams","Cage The Elephant",84,114,"modern rock","Rock","Melophobia",2013-10-08,03:28,64,68,8,0,27,0,0,-3,D,4,2025-05-01,2tznHmp70DxMyr2XhWLOW0,"RCA Records Label",10B,USRC11301169
1731,"Cold Cold Cold","Cage The Elephant",70,136,"modern rock","Rock","Tell Me I'm Pretty",2015-12-18,03:34,55,79,2,0,72,0,0,-6,F,4,2025-05-01,1Q3t9fWvHUXKsMmpD2XpUu,"RCA Records Label",7B,USRC11502825
1732,"Like a Rolling Stone","Bob Dylan",78,95,"folk rock, folk, singer-songwriter, roots rock, country rock","Country, Rock, Folk","Highway 61 Revisited",1965-08-30,06:09,48,72,73,0,56,0,10,-7,C,4,2025-05-01,3AhXZa8sUQht0UEdBJgpGc,"Columbia",8B,USSM19922509
1733,"Penny Lane - Remastered 2009","The Beatles",66,113,"classic rock, psychedelic rock","Rock","Magical Mystery Tour (Remastered)",1967-11-27,03:00,65,49,21,3,49,0,10,-8,A,4,2025-05-01,1h04XMpzGzmAudoI6VHBgA,"EMI Catalogue",11B,GBAYE0601641
1734,"People Are Strange","The Doors",74,119,"psychedelic rock, classic rock, acid rock","Rock","Strange Days",1967-09-25,02:10,70,47,69,0,76,0,30,-9,E minor,4,2025-05-01,1Jmqubf9kGkWeYQXQKImL5,"Rhino/Elektra",9A,USEE19900740